"nombre_pelicula";"director";"id_actor";"salario"
Open-architected coherent implementation;Michael Tucker;1417;77513.96
Innovative background neural-net;Joseph Sanchez;1046;69590.12
Monitored 5thgeneration utilization;Mary Ray;1350;92145.73
Reduced transitional ability;Eric Blackburn;1055;38751.2
Focused dynamic orchestration;Samantha Cardenas;1295;43210.98
Profound web-enabled archive;Christine Gillespie;1751;89704.82
Fully-configurable bi-directional function;Mr. John Sanders MD;1213;93529.93
Profound value-added conglomeration;Jennifer Cannon;1274;49838.39
User-centric even-keeled workforce;Linda Howell;1210;81320.8
Balanced incremental budgetary management;Eric Smith;1978;1287.84
Function-based background extranet;Laurie David;1854;19534.32
Monitored dedicated success;Mary Taylor;1424;5560.74
Organic composite strategy;Steven Morgan;1912;68247.73
Enterprise-wide disintermediate intranet;Jennifer Foster;1808;30686.88
Devolved 5thgeneration installation;Diana Strickland;1128;66389.8
Ameliorated solution-oriented firmware;Stephen Harvey;1554;42218.11
Polarized fault-tolerant emulation;Robin Smith;1710;47996.88
Re-engineered scalable encryption;Mr. Chad Collins;1213;25527.27
Compatible logistical solution;Michelle Horton;1327;68726.2
Re-contextualized full-range project;Theresa Estrada;1986;3303.31
Enterprise-wide context-sensitive open architecture;Shannon Stephens;1855;5118.96
Front-line even-keeled portal;Victoria Luna;1401;26039.38
Persevering global middleware;Daniel Mullins;1719;18005.86
Synchronized exuding moratorium;John Davis;1613;79733.29
Visionary real-time groupware;Leslie Moore;1761;43688.88
De-engineered heuristic throughput;Eric Martin;1890;69567.77
Programmable contextually-based task-force;Tina Wood;1438;26344.77
Cross-group full-range database;Steven Beltran;1829;79258.8
Extended tertiary product;Christopher Jefferson;1066;55786.11
Persistent modular Local Area Network;Cheryl Hays;1131;81859.74
Compatible attitude-oriented circuit;William Ochoa;1988;79877.48
Profound web-enabled archive;Christine Gillespie;1777;11747.4
Fully-configurable user-facing database;Daniel Mills;1183;80555.71
User-centric web-enabled instruction set;Shannon Neal;1299;82855.3
Future-proofed content-based archive;Cynthia Villa;1570;60470.54
Enhanced reciprocal throughput;Michael Khan;1510;93503.32
Optimized actuating archive;Barbara Johnson;1371;73295.91
Grass-roots exuding parallelism;Christian Gill;1624;65856.36
Front-line transitional benchmark;David Kelly;1465;47040.3
Grass-roots dedicated time-frame;Jim Rivera II;1793;86809.98
Future-proofed demand-driven productivity;Joseph Gentry DDS;1126;81309.16
Adaptive incremental benchmark;Megan Smith;1423;631.31
Re-engineered optimizing Internet solution;Brenda Bishop;1432;37287.64
Intuitive reciprocal emulation;Michael Williams;1425;10879.42
Business-focused holistic concept;Richard Jones;1619;64452.7
Enterprise-wide disintermediate intranet;Jennifer Foster;1304;68841.85
Monitored dedicated success;Mary Taylor;1784;63472.5
Inverse methodical superstructure;Jacob Harris;1634;94068.61
Organized high-level strategy;Nicole Vasquez;1878;65673.1
Robust national migration;Michelle Smith;1417;67499.53
Multi-channeled optimal migration;Thomas Blackburn;1385;98386.54
Optional solution-oriented initiative;Jill Morris;1873;3423.91
Public-key zero-defect circuit;Alejandra Griffin;1383;10407.37
Devolved zero tolerance firmware;Mark Wilcox;1760;7336.38
Innovative contextually-based matrix;Kyle Mclaughlin;1255;6557.15
Polarized upward-trending matrix;Stephen Sweeney;1189;74738.3
Compatible zero-defect protocol;Michael Hicks;1170;46389.43
Phased encompassing complexity;Joshua Weaver;1276;84196.44
Profound radical architecture;Sherry Bennett;1829;11792.9
Business-focused system-worthy frame;Alexander Brown;1285;38520.6
Vision-oriented analyzing portal;George Ramirez;1290;339.42
Enhanced non-volatile Graphical User Interface;Victoria Walker;1380;2147.0
User-centric 4thgeneration customer loyalty;Craig Jefferson;1825;84589.17
Seamless analyzing frame;Reginald Roman;1589;65546.45
Profound bifurcated solution;David Reynolds;1165;41029.89
Multi-tiered exuding core;Jared Hill;1900;80446.4
Reverse-engineered mission-critical process improvement;David Browning III;1253;85312.4
Self-enabling responsive installation;Sarah Navarro;1665;86464.77
Mandatory solution-oriented knowledge user;Amy Brown;1172;81352.36
Diverse discrete complexity;Mary Ferrell;1501;62640.61
Compatible high-level installation;Mitchell Bell;1891;3963.43
Profound value-added conglomeration;Jennifer Cannon;1892;57335.24
Ameliorated national open architecture;Yvonne Franco;1196;36125.14
Down-sized regional knowledge user;Martin Chapman;1610;32497.84
De-engineered heuristic throughput;Eric Martin;1750;62831.84
Business-focused asynchronous challenge;Megan Miller;1493;97989.84
Intuitive foreground conglomeration;Beth Jacobson;1350;45510.86
Persistent bandwidth-monitored focus group;Stacey Daniel;1673;6191.29
Public-key regional function;Michael Michael;1263;65896.24
Diverse non-volatile focus group;Juan Martinez;1554;65444.24
Enterprise-wide heuristic budgetary management;Stephanie Warren;1295;91725.4
Secured methodical groupware;Sandra Garner;1392;15289.87
Ameliorated client-server migration;Jessica Bailey;1045;94501.72
Polarized upward-trending matrix;Stephen Sweeney;1587;95378.89
Monitored transitional database;Paul Roy;1423;32444.91
Face-to-face foreground definition;Latasha Walker;1730;10744.19
Down-sized global complexity;Andrew Andrade;1166;71763.54
Adaptive scalable policy;Joshua Doyle;1456;14861.12
Programmable bifurcated data-warehouse;Samantha Maxwell;1231;91372.87
Phased content-based knowledge user;Crystal Carrillo;1686;86601.88
Business-focused tangible complexity;Lori Adams;1866;31699.66
Optimized actuating archive;Barbara Johnson;1503;71520.95
Horizontal modular extranet;Dawn Hill;1611;83336.82
Horizontal zero-defect Graphic Interface;Deborah Murphy;1331;41440.9
Configurable analyzing array;Jonathan Williams;1192;68630.79
Grass-roots tertiary function;Jonathan Butler;1086;82201.88
User-friendly encompassing synergy;Elizabeth Woods;1100;36588.5
Cross-group full-range matrices;Lindsey Bailey;1633;67365.5
Reduced methodical complexity;Thomas Espinoza;1929;82662.32
Business-focused tertiary throughput;Connie Thomas;1944;83912.9
Programmable 24/7 migration;James Ellis;1231;99139.94
Front-line even-keeled portal;Victoria Luna;1396;46415.6
Automated systematic Internet solution;Mark Serrano;1041;16904.6
Fully-configurable reciprocal workforce;Sean Alvarez;1298;51172.28
Up-sized 3rdgeneration Graphic Interface;Donna Herring;1665;29890.17
De-engineered web-enabled info-mediaries;Rebecca Roy;1773;73271.24
Right-sized heuristic conglomeration;Scott Walker;1584;95603.54
Quality-focused secondary emulation;Cynthia Lynch;1190;22385.63
Total impactful help-desk;Dawn Flynn;1531;30593.42
Ameliorated responsive task-force;Renee Lowe;1153;11957.84
Ameliorated solution-oriented firmware;Stephen Harvey;1290;11440.46
Horizontal secondary help-desk;Matthew Morris;1339;8799.76
Customizable dedicated implementation;Anna Newton;1686;53616.46
Proactive exuding pricing structure;Holly Ramirez;1165;97470.43
User-friendly even-keeled toolset;Thomas Bradley;1655;17385.48
Managed hybrid archive;Lisa Ray;1691;72187.19
Upgradable optimal ability;Jason Newman;1416;21031.87
Reduced transitional ability;Eric Blackburn;1465;45409.58
Stand-alone composite definition;Dr. Patricia Greene DVM;1236;51517.16
Total client-server initiative;Hannah Rangel;1480;8305.73
Fully-configurable hybrid neural-net;Kelly Nunez;1038;47950.24
Multi-channeled coherent initiative;Amanda Williams;1342;38030.81
Object-based disintermediate synergy;Lucas White;1866;39720.42
Virtual even-keeled parallelism;David Peterson;1648;27077.48
Operative modular productivity;Mrs. Brittney Thomas;1372;79691.31
Team-oriented empowering time-frame;Kristina Cooley;1086;77816.89
Innovative upward-trending solution;David Coleman;1941;15204.89
Quality-focused context-sensitive website;James Marshall;1045;52521.46
Triple-buffered impactful function;Tristan Torres;1454;34130.75
Future-proofed fresh-thinking concept;Jordan Rodriguez;1016;51510.97
Open-architected bottom-line migration;Colin Fuller;1970;46523.67
Persistent modular Local Area Network;Cheryl Hays;1857;62926.61
Advanced client-driven framework;Tiffany Cole;1301;2974.2
Optional neutral Graphical User Interface;Michelle Hardy;1588;74860.63
Profound directional workforce;Tiffany Gray;1598;42925.27
Versatile zero tolerance hub;Kimberly Webb;1293;13635.94
Progressive heuristic middleware;Shannon Norris;1424;70470.92
Organized asynchronous infrastructure;Tammy Brown;1627;61222.62
Multi-channeled next generation moderator;Veronica Holt;1879;22382.71
Customizable motivating database;Hector Riley;1987;45493.79
Cross-platform homogeneous moratorium;Christian Johnson;1484;83496.22
Reduced radical moderator;Virginia Galvan;1044;849.11
Open-architected maximized paradigm;Aaron Lam;1905;24230.97
Total optimal access;Linda Holden;1312;79852.97
Grass-roots cohesive algorithm;Stacy Martinez;1994;27831.6
Cross-platform mobile forecast;Lisa Ross;1092;58452.93
Operative hybrid Local Area Network;Patricia Smith;1376;83897.8
Advanced next generation algorithm;Edward Morrison;1500;23309.6
Sharable user-facing extranet;Lisa Mendoza;1742;45895.1
User-centric even-keeled initiative;Melissa Green;1168;74314.18
Devolved scalable policy;Dean Mason;1213;23083.35
Programmable 24/7 migration;James Ellis;1541;51090.24
Extended tertiary product;Christopher Jefferson;1909;77657.71
Future-proofed asynchronous portal;Lisa Payne;1849;7283.5
Implemented impactful attitude;Steven Mullins;1369;10147.3
Fundamental asynchronous info-mediaries;Debbie Aguilar;1686;78846.58
Assimilated contextually-based matrices;Evan Garcia;1785;73810.35
Self-enabling client-driven middleware;Brandon Harris;1948;77662.96
Monitored asynchronous Graphic Interface;Curtis Gordon;1550;92719.91
Self-enabling modular initiative;Joseph Hill;1834;13987.52
Quality-focused clear-thinking alliance;James Ho;1855;37651.41
Re-engineered dynamic toolset;Sean Cook;1679;54539.66
Cross-platform radical projection;David Taylor;1610;75238.89
Inverse motivating open architecture;Carl Liu;1656;10354.32
Customizable 3rdgeneration matrix;Barry Cowan;1260;93792.1
Innovative background neural-net;Joseph Sanchez;1888;69401.99
Multi-tiered solution-oriented toolset;Kari Wilson;1293;37494.59
Ameliorated tertiary application;Jeffery Wilson;1509;8797.85
Balanced systematic website;Nicholas Miller;1683;17203.84
Decentralized system-worthy standardization;Jessica Sanchez;1970;28323.69
Object-based incremental infrastructure;Jennifer Garrett;1273;44787.17
Secured regional Internet solution;Joseph Mcconnell;1111;81302.59
Multi-lateral exuding instruction set;Michelle Martinez;1186;55515.97
Assimilated asynchronous strategy;Karina Escobar;1759;45879.64
Compatible exuding hardware;Rodney Murray;1997;69302.43
Open-source optimizing parallelism;Brandy Thompson;1961;27001.29
Managed static frame;David Hunter;1045;23375.8
Customizable object-oriented adapter;Kevin Evans;1862;4131.52
Polarized discrete infrastructure;Brian James;1250;43739.19
Diverse systematic intranet;Ashley Baker;1585;42949.13
Quality-focused user-facing Internet solution;Christopher Hogan;1493;84664.89
Programmable exuding open system;Gary Newton;1476;80060.51
Phased even-keeled leverage;Brett Berry;1338;23889.2
Centralized value-added budgetary management;Matthew Andrews;1268;32764.26
Face-to-face actuating customer loyalty;Morgan Wallace;1947;47823.43
De-engineered actuating analyzer;Tiffany Curry;1007;48265.5
Open-source responsive algorithm;Jason Williams;1280;52494.86
Visionary full-range hardware;Casey Dominguez;1668;38307.73
Synergized content-based challenge;Patricia Brown;1789;22572.8
Ameliorated tertiary info-mediaries;Thomas Herring;1949;24469.61
Triple-buffered bandwidth-monitored customer loyalty;Patrick Mckinney II;1433;40158.73
Horizontal clear-thinking secured line;Daniel Johnson;1552;14304.13
Organized asynchronous infrastructure;Tammy Brown;1626;73811.6
Optimized human-resource open architecture;Gina Jenkins;1527;76468.51
Synergistic global artificial intelligence;Hannah Lewis;1045;85274.0
Visionary real-time groupware;Leslie Moore;1992;61280.56
Organized asynchronous infrastructure;Tammy Brown;1870;49637.5
Advanced user-facing open architecture;Lydia Daniel;1484;77373.47
Multi-lateral client-driven process improvement;Mr. Ricardo Dickerson;1999;68624.86
Triple-buffered multi-state Graphical User Interface;Anthony Mckinney;1827;45895.1
Future-proofed background frame;Ricardo Saunders;1547;80606.29
Grass-roots client-server framework;Diane Williams;1800;7484.84
Future-proofed demand-driven productivity;Joseph Gentry DDS;1998;85395.5
Fully-configurable reciprocal workforce;Sean Alvarez;1425;41933.78
Re-engineered dynamic toolset;Sean Cook;1730;34199.87
Cross-platform explicit workforce;Kristin Roberts;1708;75390.75
Proactive bifurcated model;Jennifer Johnson;1336;26220.74
Front-line national methodology;Dustin Owens;1200;52141.89
Cross-platform clear-thinking knowledgebase;Jennifer Morales;1649;41351.94
Centralized upward-trending budgetary management;Angela Young;1909;76017.88
Seamless analyzing frame;Reginald Roman;1171;19839.89
Profound value-added conglomeration;Jennifer Cannon;1315;54545.49
Multi-layered uniform monitoring;Rebecca Johnson;1479;35502.53
De-engineered non-volatile project;Ian Beasley;1269;34744.9
Team-oriented client-driven secured line;Mark Nguyen;1455;12790.55
Cross-group full-range database;Steven Beltran;1616;68787.68
Organic bandwidth-monitored product;Rebecca Harper;1320;54731.28
Organized high-level strategy;Nicole Vasquez;1919;40560.6
Optimized bandwidth-monitored budgetary management;Joseph Johns;1970;2887.5
Up-sized bandwidth-monitored flexibility;Douglas Beard;1593;51911.25
Profit-focused tertiary knowledgebase;Tammy Harrison;1373;7594.11
Diverse 4thgeneration structure;Christopher Gonzalez;1064;28807.63
Focused composite neural-net;Rebecca Lester;1813;5562.96
Triple-buffered static Local Area Network;Daryl Hansen Jr.;1072;12335.71
Mandatory zero tolerance firmware;Mr. Christopher Davidson;1776;21555.22
Switchable client-driven knowledgebase;Amanda Walker;1966;86275.95
Optional coherent standardization;Sheila Chen;1323;65693.5
Seamless web-enabled artificial intelligence;Mr. Jared Miller;1033;15780.87
Centralized value-added budgetary management;Matthew Andrews;1809;55563.27
Re-engineered scalable encryption;Mr. Chad Collins;1754;34918.14
Mandatory stable architecture;Misty Gonzalez;1144;54468.25
Switchable methodical emulation;Jill Wong;1929;42196.26
Intuitive foreground conglomeration;Beth Jacobson;1330;84372.23
Self-enabling zero-defect frame;Kristen Todd;1154;77968.71
Open-source multimedia support;Nancy Mccall;1598;92033.27
Horizontal zero-defect Graphic Interface;Deborah Murphy;1466;26019.43
Ergonomic encompassing functionalities;Samantha Mccoy DDS;1316;17862.71
Cross-platform user-facing circuit;Diana Sanchez;1972;273.86
Mandatory actuating intranet;Chelsea Beard;1006;59558.65
Multi-layered uniform monitoring;Rebecca Johnson;1433;34483.52
Devolved holistic attitude;Adam Anthony;1615;52467.29
Compatible exuding hardware;Rodney Murray;1405;25023.24
Multi-layered bifurcated capability;John Goodwin;1630;72919.31
Enhanced next generation help-desk;Gina Williams;1259;66137.92
Implemented systematic time-frame;Mary Rodriguez;1267;49819.67
Reduced bifurcated website;Tanya Wright;1211;33392.85
Ergonomic demand-driven portal;Caitlin Booker;1598;93075.86
Function-based asymmetric superstructure;Lisa Garcia;1716;93274.94
Self-enabling encompassing interface;Christopher Garcia;1755;40200.1
Grass-roots dedicated time-frame;Jim Rivera II;1238;83639.46
Self-enabling responsive installation;Sarah Navarro;1811;78495.33
Re-engineered dynamic toolset;Sean Cook;1142;13044.31
Implemented demand-driven Graphic Interface;Johnathan Martin;1013;93156.6
Focused 4thgeneration algorithm;Mary Ellis;1872;29168.9
Grass-roots coherent capability;Stephen Hill;1729;14622.46
Seamless leadingedge protocol;Vanessa Mclean;1450;64883.32
Horizontal clear-thinking secured line;Daniel Johnson;1386;24295.79
Object-based disintermediate synergy;Lucas White;1561;12838.26
Visionary discrete application;Mr. Mason Martinez;1229;93546.2
Synergized system-worthy model;Brady Collins;1707;77713.61
Persevering user-facing open system;Jeffery Dennis;1117;22139.87
Implemented high-level open system;Isaiah Roman;1554;16025.1
Exclusive zero administration complexity;Ricardo Weeks;1060;37730.48
Multi-channeled upward-trending process improvement;William Vaughan;1929;43617.8
Self-enabling zero-defect frame;Kristen Todd;1827;14251.78
Integrated dynamic system engine;Samuel Robinson;1619;33632.22
Extended full-range monitoring;Laurie Foster;1451;3906.19
Profit-focused context-sensitive encryption;Elizabeth Davila MD;1009;87228.78
Streamlined cohesive definition;Erin Alvarado;1119;37958.4
Mandatory systemic approach;Martin Crawford;1955;62969.65
Future-proofed asynchronous interface;Travis Miles;1360;52525.53
Triple-buffered empowering infrastructure;Lisa Sanchez;1698;98095.14
Up-sized modular capability;Cynthia Smith;1396;1986.94
De-engineered optimal knowledgebase;Willie Sullivan;1286;57094.0
Mandatory regional algorithm;Randy Garza;1040;12953.13
Down-sized local functionalities;Ana Stanley;1665;93326.86
Advanced user-facing open architecture;Lydia Daniel;1207;26893.89
Multi-tiered composite installation;Todd Young;1718;42690.96
Centralized scalable contingency;Troy Bishop IV;1008;16064.18
Advanced client-server system engine;Andrew Morgan;1343;93804.41
De-engineered asymmetric complexity;Dale Mcintyre;1647;43137.8
Customizable optimal portal;Richard Thomas;1417;79212.92
Vision-oriented well-modulated core;Kathleen Sims;1190;42770.64
De-engineered analyzing interface;Anita Conner;1238;82543.94
Automated optimizing policy;James Rodriguez DDS;1822;14106.2
Enhanced non-volatile Graphical User Interface;Victoria Walker;1229;14768.17
Versatile full-range hardware;Rebecca Allen;1255;89034.39
Ergonomic encompassing functionalities;Samantha Mccoy DDS;1075;93082.11
Self-enabling stable firmware;Jennifer Mcdaniel;1011;15326.84
Cross-platform user-facing circuit;Diana Sanchez;1953;22060.75
Organized coherent synergy;Mark Snyder;1538;7177.77
Compatible high-level installation;Mitchell Bell;1218;65347.54
Optimized tangible hardware;Beth Hawkins;1826;42968.69
Reduced logistical policy;Renee Wong;1109;41055.69
Secured methodical groupware;Sandra Garner;1118;34366.77
Quality-focused composite orchestration;Jared Bennett;1295;62735.4
Centralized impactful task-force;Shannon Harvey;1471;46478.54
Pre-emptive regional capability;Jennifer Stone;1394;19065.1
Centralized scalable contingency;Troy Bishop IV;1947;19396.93
Enterprise-wide transitional secured line;Christine Vazquez;1524;31883.5
Realigned cohesive definition;Wesley Wilson;1521;72520.64
Re-engineered discrete Internet solution;Maria Scott;1749;64059.29
Balanced fresh-thinking implementation;Jennifer Martin;1445;52461.8
De-engineered solution-oriented database;David Oconnell;1104;19997.47
Reverse-engineered value-added encoding;Kenneth Moore;1101;97392.83
Implemented high-level open system;Isaiah Roman;1709;56036.76
Open-source systemic software;John Bradley;1641;56639.2
Reverse-engineered discrete access;Amy Austin;1126;81034.2
Business-focused regional extranet;Allison Buchanan;1370;71302.59
Optimized 4thgeneration framework;Kristin Mckee;1947;84996.2
Future-proofed demand-driven productivity;Joseph Gentry DDS;1780;8163.49
Robust eco-centric artificial intelligence;John King;1676;2315.2
Synergized contextually-based portal;Katelyn Gordon;1463;77269.62
Advanced client-server system engine;Andrew Morgan;1151;56953.32
Pre-emptive incremental budgetary management;Mr. Jacob Hall;1608;20981.47
Team-oriented empowering time-frame;Kristina Cooley;1109;55805.29
Streamlined well-modulated implementation;Daniel Berg;1498;89097.8
Optimized grid-enabled help-desk;Shannon Doyle;1345;56555.0
Business-focused scalable budgetary management;Mary Spencer;1936;7017.94
Expanded clear-thinking structure;James Parker;1230;6601.66
Vision-oriented high-level frame;Karen Montoya;1103;41540.94
Expanded national project;Mary Brown;1347;68577.94
Triple-buffered systemic utilization;Mark Castaneda;1778;33590.62
Phased object-oriented complexity;Brian Thompson;1413;99304.1
Reverse-engineered composite Graphic Interface;Emily Smith;1996;26315.62
Future-proofed asynchronous portal;Lisa Payne;1260;45613.91
Self-enabling responsive installation;Sarah Navarro;1688;36356.39
Extended bottom-line toolset;Lonnie Flores;1229;15430.13
Cross-group discrete hierarchy;Johnathan Burns;1112;5090.15
Total impactful help-desk;Dawn Flynn;1117;31915.17
Synchronized multi-state leverage;Mrs. Sarah Rodriguez DDS;1975;47651.11
Seamless composite conglomeration;Tiffany Washington;1245;44359.4
Versatile bifurcated neural-net;Sarah Whitney;1510;49144.18
Future-proofed background frame;Ricardo Saunders;1926;56048.21
Team-oriented interactive parallelism;Mr. Michael Torres;1108;7280.3
Polarized optimizing system engine;John Turner;1902;70704.53
Optimized actuating archive;Barbara Johnson;1211;78490.34
User-friendly eco-centric leverage;Donald Morris;1238;27887.77
Up-sized explicit model;Jared Larson;1915;1927.22
Multi-lateral exuding instruction set;Michelle Martinez;1597;14945.58
Extended full-range monitoring;Laurie Foster;1191;30091.27
Virtual reciprocal Local Area Network;Ryan Rhodes;1145;73016.3
Monitored local success;Dylan Rodriguez;1509;94614.18
Customer-focused 5thgeneration synergy;Steven Wolf;1687;27740.42
Devolved global task-force;Andrew English;1850;14778.34
Triple-buffered needs-based solution;Linda Bowman;1557;90331.79
Seamless analyzing frame;Reginald Roman;1475;1393.69
Pre-emptive regional structure;Joseph Gonzalez;1035;93682.83
Right-sized heuristic conglomeration;Scott Walker;1532;1081.56
Open-source motivating knowledge user;Savannah Thomas;1469;79390.77
Self-enabling modular initiative;Joseph Hill;1666;17670.44
Right-sized didactic utilization;Aaron Page;1829;68564.82
Monitored stable pricing structure;Amanda Robbins;1340;91317.29
Reduced bifurcated website;Tanya Wright;1338;2568.89
Centralized zero administration project;Sean Oliver;1522;35213.22
Synergized next generation functionalities;Joseph Smith;1559;48100.76
Cross-group full-range matrices;Lindsey Bailey;1791;13081.4
Networked optimal matrices;Kimberly Wright;1949;13913.35
Vision-oriented object-oriented Local Area Network;Hailey Smith;1948;89973.6
Optimized bandwidth-monitored budgetary management;Joseph Johns;1695;65920.48
Balanced responsive architecture;Michael Reyes;1735;35718.48
Devolved intangible website;Daniel Dixon;1182;63461.8
Multi-tiered exuding core;Jared Hill;1669;48824.49
Progressive heuristic middleware;Shannon Norris;1174;97030.59
Enterprise-wide object-oriented website;Danielle Black;1771;52967.1
Multi-channeled next generation moderator;Veronica Holt;1727;55150.46
Public-key foreground open system;Brett Hogan;1825;76542.1
Advanced national open system;Jeff Hughes;1528;58772.52
Public-key didactic encryption;Rodney Miller;1083;79114.6
Ergonomic contextually-based capacity;Lawrence Dunn;1852;93961.92
Phased even-keeled leverage;Brett Berry;1814;27030.2
Extended homogeneous extranet;Sharon Cordova;1400;28125.62
Vision-oriented motivating ability;David Nguyen;1207;69471.87
Reduced transitional ability;Eric Blackburn;1455;4112.7
Polarized needs-based project;Christine Thompson;1066;84554.94
Adaptive next generation support;Bryce Carr;1651;49020.41
Synergistic optimal ability;Judith Evans;1043;35875.95
Fundamental asynchronous info-mediaries;Debbie Aguilar;1885;47311.25
Cross-group full-range database;Steven Beltran;1055;63917.92
Ameliorated responsive task-force;Renee Lowe;1743;80647.58
Business-focused scalable budgetary management;Mary Spencer;1116;85909.9
Horizontal composite projection;William Ryan;1653;11724.42
Team-oriented responsive info-mediaries;David Livingston;1179;84486.11
Persistent high-level projection;Linda Stanley;1167;99160.36
Advanced client-driven framework;Tiffany Cole;1982;15005.55
Persevering cohesive frame;Denise Sanders;1741;58837.66
Fundamental national matrices;Angela Zhang;1208;43072.72
User-friendly client-driven process improvement;James Martinez;1001;4010.78
Business-focused holistic concept;Richard Jones;1988;19534.76
Polarized bottom-line conglomeration;Toni Benson;1562;35689.85
Pre-emptive bi-directional instruction set;Taylor Dominguez;1750;77807.52
Mandatory non-volatile adapter;Teresa Wright;1796;94262.85
Horizontal modular extranet;Dawn Hill;1062;88416.45
Decentralized next generation utilization;Paul Archer;1625;26126.34
Distributed motivating process improvement;Vincent Lewis;1218;73486.5
Fundamental context-sensitive customer loyalty;Melanie Ortiz;1040;65504.54
Upgradable contextually-based strategy;Austin Webster;1910;82940.33
Customizable system-worthy core;Amy Hickman;1135;35793.41
Open-architected needs-based utilization;Levi Nguyen;1763;15508.62
Extended bottom-line toolset;Lonnie Flores;1622;69459.99
Upgradable 3rdgeneration support;Ethan Lara;1473;7854.8
Profound solution-oriented matrices;Michelle Roberts;1814;62657.28
Down-sized incremental attitude;Ralph Thomas;1403;35787.94
Streamlined multi-tasking functionalities;Laura Robertson;1326;88288.17
Extended homogeneous extranet;Sharon Cordova;1088;14869.46
Distributed didactic infrastructure;Samantha Lopez;1288;34304.93
Monitored regional application;Jennifer Hamilton;1071;39568.13
Up-sized dedicated function;Sarah Miller;1106;29948.7
Phased coherent protocol;Lori Brown;1318;50730.66
Pre-emptive incremental budgetary management;Mr. Jacob Hall;1496;21070.61
Implemented demand-driven Graphic Interface;Johnathan Martin;1196;10899.99
Expanded exuding analyzer;Sheila Murphy;1358;21828.22
Reduced radical moderator;Virginia Galvan;1083;55759.72
Front-line fresh-thinking archive;Kim Russell;1117;40469.4
Persistent empowering utilization;Taylor Williams;1347;35505.48
Multi-lateral tertiary orchestration;Colin Smith;1330;37117.79
Programmable system-worthy focus group;Isaiah Carter;1225;60658.84
Compatible dynamic functionalities;Megan Jacobson;1316;93441.89
Inverse motivating open architecture;Carl Liu;1828;7535.0
Multi-channeled asynchronous moderator;Dennis Hebert;1886;45543.72
Optimized systemic service-desk;Richard Simmons;1068;10639.58
Self-enabling asymmetric intranet;Ashley Parker;1053;67481.58
Enterprise-wide context-sensitive open architecture;Shannon Stephens;1620;64035.13
Visionary discrete application;Mr. Mason Martinez;1964;34947.23
Cloned eco-centric analyzer;Marcus Ross;1122;93230.38
Public-key didactic encryption;Rodney Miller;1208;90717.65
Cross-group neutral data-warehouse;Rodney Davis;1359;97828.27
Multi-lateral tertiary orchestration;Colin Smith;1204;25982.98
Up-sized modular capability;Cynthia Smith;1994;9435.7
Business-focused asynchronous contingency;Kenneth Malone;1642;41617.19
Extended impactful application;Brandy Garcia;1849;97941.43
Assimilated actuating core;Elaine Watts;1288;68048.85
Customer-focused 24hour data-warehouse;Susan Murphy;1785;42216.98
Diverse scalable Local Area Network;Russell Smith;1515;52272.87
Synergized even-keeled definition;Barbara Cochran;1541;14445.24
Devolved global task-force;Andrew English;1593;15218.43
Open-architected needs-based utilization;Levi Nguyen;1336;71261.97
Grass-roots tertiary function;Jonathan Butler;1622;76451.76
Extended impactful application;Brandy Garcia;1035;70673.93
Inverse motivating open architecture;Carl Liu;1527;51457.61
Open-architected non-volatile application;Elizabeth Erickson;1509;16364.63
Cross-group full-range database;Steven Beltran;1122;91286.26
Mandatory systemic approach;Martin Crawford;1370;68468.81
Focused systemic task-force;Amber Camacho;1133;96489.27
Balanced incremental budgetary management;Eric Smith;1445;65395.73
Quality-focused 6thgeneration superstructure;Tom Watson;1868;19857.94
Fully-configurable hybrid neural-net;Kelly Nunez;1034;90694.51
Customizable actuating matrix;Erica Moody;1972;18847.17
Cross-group fresh-thinking collaboration;Carlos Webb;1041;13982.4
Networked optimal matrices;Kimberly Wright;1019;12939.25
Automated modular function;Jodi Lopez;1752;12757.57
Integrated dynamic system engine;Samuel Robinson;1502;21937.99
Decentralized discrete knowledgebase;Karen Williams;1601;31262.62
Face-to-face static extranet;Tina Santos;1315;95691.23
Programmable contextually-based task-force;Tina Wood;1838;23292.46
Integrated upward-trending product;Kelly Nguyen;1274;56374.56
Total impactful structure;Tiffany Carroll;1790;29989.67
Managed upward-trending info-mediaries;Andrew Drake;1666;91188.94
Front-line executive capacity;Julie White;1723;65086.67
Triple-buffered multi-state Graphical User Interface;Anthony Mckinney;1144;28902.35
Horizontal zero-defect Graphic Interface;Deborah Murphy;1902;18976.57
Optional non-volatile function;Philip Miller;1570;73330.2
Cloned coherent solution;Sean Black;1629;79630.9
Optimized zero-defect encoding;Jennifer Webb;1034;55201.6
Optimized zero tolerance process improvement;Lee Kelly;1630;35648.92
Integrated upward-trending product;Kelly Nguyen;1737;40290.58
Devolved intangible website;Daniel Dixon;1282;26675.55
Automated 5thgeneration access;Christine Joyce;1302;5055.12
Optional neutral Graphical User Interface;Michelle Hardy;1875;12991.1
Multi-lateral maximized approach;Angela Franco;1859;34954.0
Future-proofed asynchronous portal;Lisa Payne;1403;84418.31
Phased web-enabled Graphic Interface;Jennifer Madden DVM;1363;10785.8
Realigned didactic hub;Tammy Smith;1353;89277.21
Diverse discrete complexity;Mary Ferrell;1436;14720.78
Extended bandwidth-monitored conglomeration;Heather Brown;1871;93249.71
Realigned cohesive definition;Wesley Wilson;1676;41931.98
Automated bi-directional moratorium;Alan Callahan;1902;65874.21
Focused composite neural-net;Rebecca Lester;1366;73795.56
Total foreground implementation;Mary Simpson;1664;67146.2
Extended homogeneous extranet;Sharon Cordova;1052;66306.44
Profit-focused bi-directional Graphic Interface;Ashley Gomez;1526;28113.55
Devolved optimizing initiative;Stephen Wu;1832;54221.91
Synergized systemic circuit;Miranda Robinson;1765;6229.85
Front-line fresh-thinking archive;Kim Russell;1607;64386.5
Business-focused tangible complexity;Lori Adams;1600;3879.2
Public-key attitude-oriented intranet;James Zhang;1293;8388.21
Self-enabling empowering database;Danny Melendez;1306;23323.52
Re-engineered even-keeled task-force;Frank Clark;1804;60272.36
Public-key zero-defect circuit;Alejandra Griffin;1617;30068.78
Focused systemic task-force;Amber Camacho;1236;463.5
Polarized fault-tolerant emulation;Robin Smith;1421;92702.31
Open-source static customer loyalty;Sean Miller;1674;65033.89
Enhanced next generation help-desk;Gina Williams;1547;38083.34
Devolved dedicated matrix;Eric Vaughn;1237;35920.61
Re-contextualized fault-tolerant info-mediaries;Christopher Schroeder;1503;31622.31
Multi-tiered fresh-thinking toolset;Brenda Chen;1895;83329.28
Automated systematic projection;Denise Sherman;1356;72766.8
Ameliorated responsive task-force;Renee Lowe;1060;25526.58
Streamlined global concept;Daniel Ford;1612;53889.2
Polarized fault-tolerant emulation;Robin Smith;1971;73668.34
Digitized web-enabled leverage;Brittany Gomez;1556;64174.7
Enterprise-wide context-sensitive open architecture;Shannon Stephens;1117;14201.71
Public-key intermediate focus group;Mark Escobar;1673;64456.26
Operative non-volatile application;Paula Henderson;1441;64641.89
Seamless analyzing frame;Reginald Roman;1926;23859.52
Decentralized discrete knowledgebase;Karen Williams;1053;96303.64
Upgradable object-oriented strategy;Carol Atkins;1138;68728.25
Versatile 4thgeneration hardware;Ronald Hendricks;1112;9909.76
Triple-buffered static Local Area Network;Daryl Hansen Jr.;1249;25915.73
Polarized modular budgetary management;Adrian Lee;1457;96944.14
Open-source systemic software;John Bradley;1786;93421.26
Synchronized zero tolerance intranet;Charles Best;1078;80431.98
Future-proofed asynchronous interface;Travis Miles;1294;52316.66
Persevering user-facing open system;Jeffery Dennis;1024;85434.96
Implemented leadingedge benchmark;Aaron Carlson;1888;81804.16
Open-source composite migration;Jeffery Hahn;1602;10934.15
Triple-buffered multi-state Graphical User Interface;Anthony Mckinney;1843;74003.33
Versatile full-range hardware;Rebecca Allen;1747;96632.97
Virtual directional frame;Andrew Marshall;1651;55137.6
Vision-oriented well-modulated core;Kathleen Sims;1280;40849.32
Progressive asynchronous extranet;Olivia Lee;1824;75100.78
Cross-group neutral data-warehouse;Rodney Davis;1094;58442.61
Optimized zero-defect encoding;Jennifer Webb;1193;16427.34
Phased well-modulated intranet;Garrett Stevenson;1835;91441.12
Cross-group mobile interface;Ryan Smith;1234;99548.67
Managed uniform analyzer;Mr. Paul Turner;1095;72358.83
Universal encompassing migration;Catherine Anderson;1371;39270.31
Secured cohesive standardization;Jose Mccoy;1318;27940.6
Synchronized analyzing extranet;Bruce Martin;1093;48753.38
Reduced transitional ability;Eric Blackburn;1456;72100.38
Right-sized real-time database;Timothy Blankenship;1225;64605.92
Sharable next generation emulation;Carl Barrera;1517;45257.84
Pre-emptive content-based matrices;Chelsey Harrison;1450;43785.2
Phased encompassing complexity;Joshua Weaver;1812;50659.78
Universal cohesive parallelism;Joshua Brennan;1316;32541.33
Proactive leadingedge frame;Jonathan Brooks;1959;63956.6
Right-sized composite installation;Caroline Christian;1074;14959.84
Cloned directional projection;Robert Fry;1973;41287.89
Decentralized 24/7 data-warehouse;Melissa Lewis;1891;49398.44
Devolved optimizing initiative;Stephen Wu;1853;72119.6
Business-focused 24hour moderator;Cynthia Harris;1974;49447.51
Implemented impactful attitude;Steven Mullins;1205;54472.56
Cross-group human-resource pricing structure;Stephanie Lopez;1151;25762.47
Inverse 24/7 flexibility;Mary Church;1298;32873.13
Multi-channeled static approach;Paula Ramirez;1740;30022.97
Multi-tiered leadingedge middleware;Benjamin Hawkins;1141;87417.0
Universal actuating complexity;Crystal Williams;1852;41334.77
Triple-buffered impactful system engine;Andrea Mccoy;1143;90344.88
Inverse impactful process improvement;Perry Riley;1121;54585.55
Multi-layered client-server leverage;Garrett Roman;1043;16476.81
Universal local software;Donald Doyle;1603;47743.21
Mandatory non-volatile adapter;Teresa Wright;1908;60806.12
Customer-focused 24hour data-warehouse;Susan Murphy;1749;21727.91
Re-engineered discrete Internet solution;Maria Scott;1295;61796.3
Diverse 4thgeneration structure;Christopher Gonzalez;1554;43739.43
Pre-emptive modular solution;Alexandra Graves;1361;68452.39
Stand-alone 24hour info-mediaries;Christopher Lester;1710;25728.0
Synchronized object-oriented neural-net;Lisa Terry;1692;62757.76
Integrated optimal core;Stacey Meza;1616;34522.87
Self-enabling zero tolerance matrix;Daniel Wilson;1841;98240.67
Versatile interactive concept;Christopher Morris;1934;89901.63
Monitored incremental workforce;Jacob Avila;1148;6176.33
Object-based incremental infrastructure;Jennifer Garrett;1986;14881.2
Cross-group human-resource pricing structure;Stephanie Lopez;1412;1132.87
Object-based disintermediate synergy;Lucas White;1328;79556.39
Ameliorated tertiary application;Jeffery Wilson;1864;53831.11
Intuitive dynamic hardware;Shannon Russell;1846;60957.0
Organic attitude-oriented project;Cameron Bean;1132;4219.18
Centralized optimizing interface;James Williams;1763;98910.21
Inverse next generation support;Melissa Jones;1022;59640.73
Multi-layered executive circuit;Edward Flowers;1017;8065.47
Ergonomic demand-driven Graphical User Interface;Mr. George Hawkins;1437;91696.9
De-engineered web-enabled info-mediaries;Rebecca Roy;1418;42218.61
Seamless bandwidth-monitored instruction set;Jerry Hester;1640;82224.77
Advanced impactful frame;Daniel Valentine;1919;42316.36
Centralized upward-trending budgetary management;Angela Young;1470;50253.9
Multi-channeled coherent initiative;Amanda Williams;1032;56136.88
Face-to-face bifurcated neural-net;Wendy Johnson;1210;20790.76
Cross-group fresh-thinking collaboration;Carlos Webb;1152;923.19
Triple-buffered client-server archive;Thomas Phillips;1241;28351.22
Cross-group mobile interface;Ryan Smith;1358;87173.92
Automated regional customer loyalty;Ronald Adams;1740;92097.9
Devolved intangible website;Daniel Dixon;1066;76812.39
Team-oriented upward-trending database;Misty Sandoval;1070;23672.9
Advanced next generation algorithm;Edward Morrison;1558;82756.22
Integrated analyzing data-warehouse;Christy Thomas;1039;8404.77
Future-proofed content-based archive;Cynthia Villa;1357;49804.53
Self-enabling zero tolerance matrix;Daniel Wilson;1834;71304.91
Inverse motivating open architecture;Carl Liu;1379;30731.23
Multi-channeled value-added forecast;Cheryl Jackson;1216;61822.76
Vision-oriented well-modulated core;Kathleen Sims;1920;98820.13
Progressive asynchronous extranet;Olivia Lee;1653;84030.58
Right-sized composite alliance;Elizabeth Taylor;1399;10344.34
Grass-roots client-server framework;Diane Williams;1977;77703.7
User-centric static capacity;Christopher Cummings;1057;45465.59
Streamlined well-modulated implementation;Daniel Berg;1981;71392.25
Networked zero administration toolset;James Abbott;1455;75679.58
Open-architected coherent implementation;Michael Tucker;1160;3679.7
Triple-buffered systemic utilization;Mark Castaneda;1900;34200.18
Progressive full-range core;Kelly Hudson;1670;34801.1
Switchable client-driven knowledgebase;Amanda Walker;1613;54936.47
Quality-focused solution-oriented open architecture;Christopher Garrett;1417;5579.69
Re-engineered background task-force;Erica Porter;1586;76673.61
Re-engineered background task-force;Erica Porter;1495;73259.65
Ergonomic systematic task-force;Sean Watson;1996;38492.11
Customer-focused human-resource firmware;Christopher Bauer Jr.;1162;82914.24
User-centric high-level budgetary management;Kristin Carlson;1600;80284.1
Enterprise-wide heuristic budgetary management;Stephanie Warren;1699;8713.28
Optimized human-resource open architecture;Gina Jenkins;1113;40738.49
Inverse 3rdgeneration utilization;Patricia Crosby;1464;78958.17
Innovative contextually-based matrix;Kyle Mclaughlin;1538;18054.36
Balanced fresh-thinking implementation;Jennifer Martin;1452;49946.4
Team-oriented grid-enabled success;Mark Winters;1787;20261.91
Innovative stable focus group;Jonathan Edwards;1031;55634.41
Focused exuding customer loyalty;Jennifer Solis;1230;75947.44
Reduced radical encryption;Stacie Gonzales;1230;48517.96
Down-sized well-modulated productivity;Lisa Ramirez;1157;24516.88
Future-proofed demand-driven productivity;Joseph Gentry DDS;1769;23617.74
Secured methodical groupware;Sandra Garner;1675;1107.62
Universal actuating complexity;Crystal Williams;1880;77056.15
Cross-group asymmetric budgetary management;Rebecca Murray;1982;63158.72
Multi-channeled fault-tolerant ability;Joseph Ellis;1498;45431.34
Optimized encompassing moratorium;Alison Wright;1497;45165.45
Progressive eco-centric strategy;Jessica Roberson;1668;96839.55
Profound value-added conglomeration;Jennifer Cannon;1950;44211.54
Optional 24/7 circuit;Kimberly Singh;1029;68817.12
Distributed optimal system engine;Shannon Marsh;1448;12959.53
Persevering demand-driven intranet;Elizabeth Clarke;1085;61560.77
Balanced even-keeled orchestration;Nicholas Buchanan;1867;87812.81
Triple-buffered systemic Local Area Network;Yvonne Ramsey;1212;42067.1
Inverse impactful process improvement;Perry Riley;1405;64120.42
Organic analyzing Internet solution;Clifford Flores;1235;81904.16
Profound 6thgeneration productivity;Beth Moses;1843;66021.51
Versatile bifurcated neural-net;Sarah Whitney;1525;56700.77
Profound reciprocal middleware;Kevin Christian;1184;67900.6
Public-key needs-based framework;Sherry Doyle;1159;47456.83
Up-sized global core;Jennifer Calhoun;1798;96645.16
Compatible zero-defect protocol;Michael Hicks;1258;53477.86
Self-enabling responsive installation;Sarah Navarro;1669;58567.98
Optional background policy;Christopher Combs;1799;27800.23
Grass-roots tertiary function;Jonathan Butler;1635;25511.37
Multi-layered user-facing superstructure;Samantha Spencer;1036;90223.2
Inverse motivating open architecture;Carl Liu;1289;46484.81
Customizable system-worthy core;Amy Hickman;1368;88782.17
Profit-focused bi-directional Graphic Interface;Ashley Gomez;2000;82438.16
Optimized actuating archive;Barbara Johnson;1409;53289.75
Versatile cohesive moratorium;John Patel;1051;19482.91
Multi-channeled fault-tolerant ability;Joseph Ellis;1138;16142.84
Compatible tertiary concept;Alexis Hill;1129;81373.59
Business-focused asynchronous contingency;Kenneth Malone;1526;42986.61
Future-proofed bandwidth-monitored strategy;Jennifer Torres;1655;15784.3
Persistent bandwidth-monitored focus group;Stacey Daniel;1242;15560.18
Switchable client-server interface;Barbara Reese;1813;37548.27
Persevering mission-critical middleware;Dr. Jennifer Allen DVM;1967;90186.36
Proactive bifurcated model;Jennifer Johnson;1394;20110.41
Persistent discrete model;Melissa Jones;1648;31638.87
Re-engineered scalable encryption;Mr. Chad Collins;1444;52026.84
Object-based bifurcated approach;Joshua George;1651;66038.5
Front-line dynamic neural-net;Sydney Lee;1451;1244.16
Pre-emptive leadingedge conglomeration;Sandra Pugh;1446;87275.49
Reverse-engineered empowering budgetary management;Sarah Townsend;1159;68600.47
Stand-alone system-worthy hardware;Kimberly Malone;1832;27336.6
Upgradable needs-based focus group;Michael Gregory DVM;1490;84313.19
Phased even-keeled leverage;Brett Berry;1617;97113.7
Profound global complexity;Alexa Romero;1354;61379.96
Open-source motivating knowledge user;Savannah Thomas;1300;46738.28
Synergistic grid-enabled definition;Lisa Parsons;1542;950.64
Distributed responsive approach;Edward Hickman;1960;94488.44
Re-engineered tertiary challenge;Vanessa Vang;1188;44831.52
Proactive foreground strategy;Kylie Roberts;1021;56931.44
Stand-alone uniform utilization;Samantha Jackson;1872;10541.24
Focused composite neural-net;Rebecca Lester;1516;27872.2
Secured upward-trending archive;Jacqueline Schmitt;1296;76062.35
Public-key regional function;Michael Michael;1471;70868.31
Robust methodical firmware;David Taylor;1306;73092.18
Ergonomic upward-trending website;Carolyn Lopez;1613;72925.2
Organized composite customer loyalty;Jacob Duran;1049;80795.63
Automated 5thgeneration access;Christine Joyce;1854;87068.81
Devolved optimizing initiative;Stephen Wu;1069;85360.38
Polarized fault-tolerant emulation;Robin Smith;1280;59876.5
Versatile discrete access;Michael Martin;1260;48510.92
Polarized bottom-line conglomeration;Toni Benson;1983;78782.21
Reduced tangible leverage;Sarah Brown;1492;43365.36
Implemented demand-driven Graphic Interface;Johnathan Martin;1956;81496.41
Object-based systematic support;Joel Carlson;1580;51083.91
Open-source neutral service-desk;Lauren Ray;1346;95763.6
Persistent multi-tasking moderator;Sara Clark;1900;16874.88
Streamlined asynchronous algorithm;William Cardenas;1845;84363.78
Monitored stable pricing structure;Amanda Robbins;1022;84760.34
Re-contextualized dedicated open system;Jorge Frederick MD;1376;30226.87
Ameliorated responsive task-force;Renee Lowe;1665;41759.95
Virtual uniform functionalities;Craig Vance;1721;89037.64
Assimilated contextually-based matrices;Evan Garcia;1082;20118.65
Triple-buffered bandwidth-monitored customer loyalty;Patrick Mckinney II;1450;48577.46
Function-based non-volatile hardware;Mr. Michael Bray;1915;47922.83
Cross-group coherent protocol;Stephen Irwin;1493;88510.16
Visionary cohesive artificial intelligence;Todd Wilson;1651;73750.46
Cross-platform explicit workforce;Kristin Roberts;1807;22761.2
Down-sized global complexity;Andrew Andrade;1076;46541.29
Triple-buffered client-server archive;Thomas Phillips;1798;39452.13
Proactive web-enabled moderator;Casey Strong;1528;48462.78
Extended zero administration array;Jessica Wood;1626;47375.8
Stand-alone 24hour info-mediaries;Christopher Lester;1700;67820.88
Inverse tangible info-mediaries;Victoria Olson;1028;13152.93
Distributed zero tolerance focus group;Justin Bridges;1917;79317.6
Cross-platform eco-centric instruction set;Tiffany Smith;1626;64117.26
Front-line executive capacity;Julie White;1202;28515.64
Monitored local success;Dylan Rodriguez;1496;49875.11
Sharable 6thgeneration synergy;Michael Marks;1277;79967.11
Multi-layered mission-critical encoding;Anthony Wood;1793;30878.8
Balanced actuating access;Carlos Ward;1158;37168.57
Mandatory actuating success;Jamie Reid;1695;39066.12
Up-sized system-worthy time-frame;Alison Perez;1255;96638.22
Realigned grid-enabled structure;Bruce White;1118;39059.42
Innovative holistic frame;Michelle Koch;1993;19608.23
Mandatory uniform adapter;Anna Taylor;1905;3117.65
Customizable object-oriented architecture;Wendy Mendoza;1662;53026.59
Optimized actuating archive;Barbara Johnson;1457;51591.82
Customizable object-oriented architecture;Wendy Mendoza;1013;93067.9
Monitored even-keeled methodology;Gabrielle Herman;2000;11547.24
Optional non-volatile function;Philip Miller;1109;17747.85
Compatible high-level installation;Mitchell Bell;1392;22206.45
Versatile 4thgeneration hardware;Ronald Hendricks;1853;6469.31
Inverse methodical superstructure;Jacob Harris;1730;28477.95
Re-engineered background task-force;Erica Porter;1593;31694.91
Sharable leadingedge matrix;Thomas Smith;1649;64732.88
Profound value-added conglomeration;Jennifer Cannon;1003;56451.43
Up-sized explicit model;Jared Larson;1491;48440.19
Devolved optimizing initiative;Stephen Wu;1474;8465.97
Self-enabling disintermediate process improvement;Holly Brown;1641;33.13
Compatible exuding hardware;Rodney Murray;1710;27773.17
Persevering bandwidth-monitored throughput;Caleb Hart;1774;43867.58
Assimilated systematic firmware;Nicole Edwards;1728;75055.77
Quality-focused solution-oriented open architecture;Christopher Garrett;1566;42374.81
Optimized eco-centric strategy;Jennifer James;1649;566.54
Optimized human-resource open architecture;Gina Jenkins;1932;7103.77
Proactive asynchronous access;Pamela Allen;1530;40002.69
Innovative holistic frame;Michelle Koch;1719;23460.24
Reactive upward-trending model;Matthew Smith;1761;61640.7
Re-engineered modular attitude;Shane Martinez;1435;39424.57
Diverse zero-defect customer loyalty;Edward Thomas;1655;11127.46
Triple-buffered impactful system engine;Andrea Mccoy;1343;58803.18
Virtual reciprocal Local Area Network;Ryan Rhodes;1361;96678.1
Self-enabling disintermediate process improvement;Holly Brown;1123;73202.55
Right-sized composite installation;Caroline Christian;1066;19492.49
Realigned bifurcated paradigm;Christian Davila;1050;94091.98
Persistent object-oriented hierarchy;Samuel Meza;1835;81860.63
Enterprise-wide context-sensitive open architecture;Shannon Stephens;1873;55362.57
Public-key attitude-oriented intranet;James Zhang;1319;77017.34
Focused exuding customer loyalty;Jennifer Solis;1574;74029.99
Robust national migration;Michelle Smith;1847;2002.71
Operative motivating Graphic Interface;Candace Phillips;1525;75451.45
Cross-platform user-facing circuit;Diana Sanchez;1243;39394.47
Optimized human-resource open architecture;Gina Jenkins;1688;431.0
Multi-tiered modular standardization;Donald Baker;1966;23567.32
Synergistic maximized concept;Jeff Chavez;1496;38075.85
Ergonomic encompassing functionalities;Samantha Mccoy DDS;1534;77813.59
Compatible global matrix;Bruce Johnson;1772;83894.78
Ergonomic tertiary moratorium;Jason Phillips;1597;61143.27
Intuitive 24/7 orchestration;Janice Berg;1725;51929.81
Phased fault-tolerant leverage;Robert Hayes;1673;34904.15
Intuitive bandwidth-monitored protocol;Nicholas Church;1587;34767.65
Universal coherent standardization;Kelly Ruiz;1264;43470.61
Reduced methodical complexity;Thomas Espinoza;1763;62279.28
Digitized multi-tasking interface;Kenneth Franco;1590;90123.44
Vision-oriented analyzing portal;George Ramirez;1427;42575.1
Realigned secondary projection;James Ibarra;1580;40558.4
Enterprise-wide disintermediate intranet;Jennifer Foster;1568;8456.96
Proactive asynchronous access;Pamela Allen;1809;39030.3
Triple-buffered client-server archive;Thomas Phillips;1262;83639.78
Digitized multi-tasking interface;Kenneth Franco;1370;9931.2
Triple-buffered empowering infrastructure;Lisa Sanchez;1330;41000.2
Quality-focused uniform workforce;Gary Owens;1999;90105.7
Profound asynchronous implementation;Jimmy Cunningham;1333;94179.76
Up-sized explicit model;Jared Larson;1768;47503.64
Enhanced reciprocal throughput;Michael Khan;1039;34423.22
Profound empowering moderator;Julie Lyons;1196;57520.93
Innovative background neural-net;Joseph Sanchez;1983;62474.25
Centralized upward-trending budgetary management;Angela Young;1312;16773.69
Pre-emptive regional structure;Joseph Gonzalez;1715;84458.12
Open-source composite migration;Jeffery Hahn;1497;79497.66
Distributed bifurcated hardware;Kimberly Mills;1131;49572.41
Organized asynchronous infrastructure;Tammy Brown;1955;44293.69
Profound empowering moderator;Julie Lyons;1194;56152.45
Multi-lateral maximized approach;Angela Franco;1743;3976.76
Decentralized optimizing service-desk;Julie Davis;1785;68556.81
Grass-roots cohesive algorithm;Stacy Martinez;1082;77275.66
Extended impactful application;Brandy Garcia;1422;47687.47
Customer-focused uniform superstructure;Tina Moore;1460;81785.95
Visionary value-added flexibility;Kristina Cooper;1476;83019.2
Focused responsive project;Christopher Mayo;1838;21558.3
Expanded exuding analyzer;Sheila Murphy;1147;91948.31
Multi-channeled fault-tolerant ability;Joseph Ellis;1656;75116.98
Monitored stable paradigm;Jeffrey West;1676;75493.46
Decentralized 24/7 data-warehouse;Melissa Lewis;1985;95008.89
Mandatory global function;Melissa Freeman;1155;85451.96
Ergonomic contextually-based capacity;Lawrence Dunn;1580;1524.99
De-engineered analyzing interface;Anita Conner;1440;65242.4
Secured neutral Internet solution;Casey Buck;1396;58310.11
Versatile cohesive moratorium;John Patel;1178;70112.47
Optimized encompassing moratorium;Alison Wright;1221;27487.2
Adaptive scalable policy;Joshua Doyle;1299;73432.59
Realigned impactful moratorium;Anne Perry;1514;19154.2
Business-focused zero administration installation;Christine Gonzalez;1898;1277.61
Customizable actuating matrix;Erica Moody;1115;91829.92
Networked logistical knowledge user;Marcus Stone;1089;31218.23
Triple-buffered systemic utilization;Mark Castaneda;1577;55602.9
Reverse-engineered discrete access;Amy Austin;1722;51551.92
Profound radical architecture;Sherry Bennett;1598;14485.57
Optimized holistic groupware;Joshua Davis;1302;52782.56
Enhanced foreground methodology;Laura Rocha;1623;98847.57
Pre-emptive incremental budgetary management;Mr. Jacob Hall;1696;17967.93
Programmable holistic encoding;Jennifer Cisneros;1475;92033.71
Function-based context-sensitive orchestration;Tanya Callahan;1248;99325.25
Function-based non-volatile hardware;Mr. Michael Bray;1637;73362.38
Public-key zero-defect circuit;Alejandra Griffin;1061;59933.63
Stand-alone tertiary methodology;Caitlin Nelson;1054;87887.1
Mandatory homogeneous open system;Eric Stephenson;1325;880.7
Total empowering flexibility;Hector Lee;1636;45198.74
Balanced systemic solution;Christopher Singh;1766;70237.52
Versatile full-range hardware;Rebecca Allen;1431;68981.33
Profit-focused object-oriented encryption;Diane Lewis;1822;7797.78
Customer-focused 5thgeneration synergy;Steven Wolf;1096;53728.27
Grass-roots coherent capability;Stephen Hill;1034;79813.74
Focused dynamic orchestration;Samantha Cardenas;1380;50885.44
Upgradable needs-based conglomeration;Robert Gonzalez;1892;5472.11
Grass-roots exuding parallelism;Christian Gill;1617;62794.7
Centralized upward-trending budgetary management;Angela Young;1390;51620.88
Diverse fault-tolerant framework;Terry Jones;1006;31220.22
Optional systemic conglomeration;Andrea Beasley;1208;73204.38
Automated background protocol;Natasha Jackson;1451;40753.28
Cloned needs-based toolset;Kelli Horne;1001;95123.33
Operative modular Internet solution;Robert Chavez;1180;94955.6
Reverse-engineered content-based strategy;Stephen Griffin;1421;92224.24
Sharable impactful encoding;Brian Riggs;1317;2643.9
Inverse tangible info-mediaries;Victoria Olson;1063;50271.8
Versatile tangible functionalities;Christopher Smith;1726;93189.87
Streamlined asynchronous algorithm;William Cardenas;1582;78330.22
Visionary discrete application;Mr. Mason Martinez;1393;32180.61
Reduced intangible neural-net;Tara Roberson;1924;65619.64
Networked fault-tolerant moratorium;James Fitzgerald;1675;39093.72
Extended homogeneous extranet;Sharon Cordova;1490;42210.4
Versatile background workforce;Stanley Harris;1299;49779.2
Object-based systematic support;Joel Carlson;1039;16699.79
Reduced intangible neural-net;Tara Roberson;1166;88367.64
Down-sized local functionalities;Ana Stanley;1744;11136.61
Reverse-engineered composite Graphic Interface;Emily Smith;1182;76191.83
User-friendly empowering archive;Dakota Brewer;1345;65348.84
Re-contextualized full-range project;Theresa Estrada;1979;31188.76
Automated bi-directional moratorium;Alan Callahan;1080;97655.79
Advanced user-facing open architecture;Lydia Daniel;1462;76572.13
Triple-buffered static Local Area Network;Daryl Hansen Jr.;1774;23659.98
Extended national secured line;John Gonzales;1496;97569.39
Right-sized composite alliance;Elizabeth Taylor;1756;42277.88
Synchronized object-oriented neural-net;Lisa Terry;1285;53663.42
Configurable optimizing neural-net;Bobby Nguyen;1471;60017.21
De-engineered actuating analyzer;Tiffany Curry;1403;4613.5
Open-architected transitional complexity;Shane Davis;1750;22862.56
Optimized systemic service-desk;Richard Simmons;1754;82428.46
Monitored asynchronous Graphic Interface;Curtis Gordon;1518;89154.31
Re-engineered bandwidth-monitored benchmark;Miguel Morales;1226;77802.13
Pre-emptive leadingedge conglomeration;Sandra Pugh;1860;92858.21
Business-focused system-worthy frame;Alexander Brown;1125;99659.74
Open-source motivating knowledge user;Savannah Thomas;1478;95474.93
Re-engineered dynamic toolset;Sean Cook;1069;10508.53
Balanced eco-centric encoding;James Williams;1997;81890.57
De-engineered dynamic neural-net;Christopher Wells;1455;96025.69
Optimized logistical support;Elizabeth Crane;1803;13584.82
Multi-layered bifurcated capability;John Goodwin;1327;18024.94
Mandatory non-volatile adapter;Teresa Wright;1728;71309.15
Adaptive scalable policy;Joshua Doyle;1142;64931.82
De-engineered web-enabled info-mediaries;Rebecca Roy;1530;44506.26
Distributed bifurcated hardware;Kimberly Mills;1547;14935.76
Proactive web-enabled moderator;Casey Strong;1101;10868.94
Configurable cohesive concept;Angela Moore;1050;15105.9
Proactive foreground strategy;Kylie Roberts;1858;16943.12
Automated context-sensitive moratorium;James Rice;1316;4616.41
Devolved 5thgeneration installation;Diana Strickland;1762;99876.56
Optional radical algorithm;Michelle Johnson;1163;83632.94
Upgradable object-oriented strategy;Carol Atkins;1797;88594.68
Polarized context-sensitive portal;Ronald Jones;1845;37919.8
Virtual directional frame;Andrew Marshall;1686;38796.3
Seamless analyzing frame;Reginald Roman;1769;21412.54
Ameliorated executive budgetary management;Jessica Smith;1148;79384.29
Re-engineered bandwidth-monitored benchmark;Miguel Morales;1021;62113.92
Configurable cohesive concept;Angela Moore;1971;7062.28
Multi-layered user-facing superstructure;Samantha Spencer;1626;49179.83
Open-source responsive algorithm;Jason Williams;1012;65568.24
Customer-focused human-resource flexibility;Eric Wiggins;1292;24496.76
Down-sized local functionalities;Ana Stanley;1398;49690.44
Up-sized leadingedge product;Cynthia Martinez;1627;143.86
Automated systematic Internet solution;Mark Serrano;1919;44352.79
Function-based context-sensitive orchestration;Tanya Callahan;1311;27336.75
Configurable cohesive concept;Angela Moore;1366;12456.48
Operative non-volatile application;Paula Henderson;1862;70969.11
Monitored transitional database;Paul Roy;1034;2269.54
Centralized scalable moratorium;Joseph Mason;1306;57388.3
Visionary value-added flexibility;Kristina Cooper;1087;90513.58
Switchable clear-thinking orchestration;Caitlin Carlson;1093;83096.36
Front-line executive throughput;Eric Rosales;1370;12735.63
Adaptive incremental benchmark;Megan Smith;1111;61465.95
Assimilated systematic firmware;Nicole Edwards;1637;23597.71
Upgradable global secured line;Danny Woodward;1764;68271.3
Diverse web-enabled circuit;Hunter Weeks;1326;31649.4
Fully-configurable scalable throughput;Eric Butler;1239;2185.4
Reduced eco-centric infrastructure;Justin Bowman;1678;49031.14
Diverse contextually-based middleware;Paul Elliott;1032;8869.23
Diverse scalable Local Area Network;Russell Smith;1462;32166.62
Synergized even-keeled orchestration;Miranda Bailey;1474;8589.37
Cross-platform radical projection;David Taylor;1613;99619.86
Universal scalable open architecture;Lisa Lara;1073;53819.34
Total empowering flexibility;Hector Lee;1902;25421.7
Cross-platform empowering customer loyalty;Sonya Boyer;1178;48323.76
Quality-focused uniform workforce;Gary Owens;1835;34493.5
Switchable intermediate website;David Cohen;1273;32337.89
Cloned directional projection;Robert Fry;1863;73696.28
Cloned foreground installation;John Benitez;1191;4921.73
Optional zero administration circuit;Lisa Ward;1390;44620.79
Inverse 3rdgeneration hierarchy;Tabitha Livingston;1888;81897.68
Inverse motivating open architecture;Carl Liu;1491;96641.12
Monitored high-level contingency;Debbie Ramos;1360;82561.34
Automated optimizing policy;James Rodriguez DDS;1859;23203.6
Visionary value-added flexibility;Kristina Cooper;1640;15020.33
Organized coherent synergy;Mark Snyder;1894;13514.72
Implemented systemic solution;Jasmine Palmer;1360;74641.57
Reduced discrete website;Kathleen Evans;1238;19786.43
Devolved intangible website;Daniel Dixon;1962;6537.16
Diverse scalable array;Teresa Castillo;1723;20770.77
Object-based national framework;Sarah Stewart;1568;60317.9
Cloned needs-based toolset;Kelli Horne;1523;31516.8
Adaptive asynchronous support;Jessica Ramos;1251;23169.47
Versatile tangible functionalities;Christopher Smith;1631;70742.4
Persistent multi-tasking moderator;Sara Clark;1151;7856.53
Decentralized actuating middleware;Rose Johnson;1042;87157.9
Horizontal zero-defect Graphic Interface;Deborah Murphy;1606;72429.8
Exclusive eco-centric customer loyalty;Brian Roth;1331;3091.28
De-engineered optimal knowledgebase;Willie Sullivan;1966;66124.11
Re-contextualized tertiary orchestration;Adrienne Allen;1351;63604.57
Organic holistic framework;Deborah Johns;1972;43047.21
Versatile optimizing paradigm;Lisa Weeks;1060;1450.29
Devolved optimizing initiative;Timothy Ramirez;1500;9564.28
Face-to-face static extranet;Tina Santos;1664;23338.44
Optional solution-oriented initiative;Jill Morris;1662;70532.73
Innovative background neural-net;Joseph Sanchez;1521;57425.9
Profound asymmetric secured line;Kimberly Brown;1704;3832.78
Mandatory actuating intranet;Chelsea Beard;1064;70596.63
Up-sized 3rdgeneration Graphic Interface;Donna Herring;1097;71937.49
Persevering bottom-line architecture;Sean Harris;1410;15624.85
Cross-group asymmetric budgetary management;Rebecca Murray;1047;47421.33
Ergonomic systematic task-force;Sean Watson;1262;85775.7
Decentralized global architecture;James Parker;1236;72905.21
Ameliorated tertiary application;Jeffery Wilson;1341;41867.75
Cross-group neutral data-warehouse;Rodney Davis;1967;52801.57
Reverse-engineered intermediate Internet solution;Logan Roberts MD;1127;23212.75
Self-enabling zero-defect frame;Kristen Todd;1803;1821.63
Front-line directional pricing structure;Daniel Olsen;1623;90437.66
Cross-platform homogeneous moratorium;Christian Johnson;1640;48542.12
Synergistic global artificial intelligence;Hannah Lewis;1498;20153.56
Focused dynamic orchestration;Samantha Cardenas;1636;3618.25
Configurable dedicated artificial intelligence;Alejandro Mendez;1883;7556.85
Vision-oriented asynchronous firmware;Joseph Johnson;1380;17563.67
Phased user-facing extranet;Jill Evans;1799;37395.71
Implemented systematic time-frame;Mary Rodriguez;1798;16622.14
Upgradable well-modulated matrix;Nicholas Mcgee;1232;48594.7
Mandatory executive database;Cynthia Baker;1859;80713.91
Progressive eco-centric strategy;Jessica Roberson;1910;75051.4
Function-based 5thgeneration moratorium;Matthew Powers;1513;29760.24
Operative modular Internet solution;Robert Chavez;1802;94625.74
Business-focused tertiary throughput;Connie Thomas;1375;38038.26
Integrated upward-trending product;Kelly Nguyen;1536;36233.44
Programmable context-sensitive contingency;Kelli Lopez;1133;55994.64
Secured intermediate support;Jennifer Blackburn;1795;80000.22
Balanced systemic solution;Christopher Singh;1076;52810.31
Front-line dynamic neural-net;Sydney Lee;1124;21446.21
Fully-configurable optimizing encoding;Steven Baker;1731;73746.6
Down-sized incremental attitude;Ralph Thomas;1911;86008.1
Inverse didactic throughput;Russell Collins;1117;77811.0
Open-source neutral service-desk;Lauren Ray;1577;26167.86
Robust optimal support;Steven Livingston;1461;67788.37
Digitized multi-tasking interface;Kenneth Franco;1922;82388.76
Reverse-engineered content-based strategy;Stephen Griffin;1906;72289.61
Focused composite neural-net;Rebecca Lester;1761;20510.92
Triple-buffered systemic Local Area Network;Yvonne Ramsey;1932;78621.58
Compatible tertiary concept;Alexis Hill;1049;52237.98
Optional solution-oriented initiative;Jill Morris;1560;23166.14
Pre-emptive leadingedge conglomeration;Sandra Pugh;1250;96167.12
Customizable tangible framework;Brian Evans;1424;64615.2
Persistent bandwidth-monitored focus group;Stacey Daniel;1356;93583.23
Persistent high-level projection;Linda Stanley;1708;63118.17
Automated bifurcated pricing structure;Andrea Delgado;1481;65631.36
Pre-emptive bi-directional instruction set;Taylor Dominguez;1009;40089.2
Visionary discrete application;Mr. Mason Martinez;1378;24373.97
Reduced transitional ability;Eric Blackburn;1176;21323.5
Devolved systemic Internet solution;Erik Reed;1086;94490.99
Balanced analyzing emulation;Rhonda Shepherd;1989;13334.56
Devolved national paradigm;Ricardo Levy;1019;6518.55
Seamless fault-tolerant paradigm;Dakota Dodson;1587;60609.8
Business-focused context-sensitive strategy;Christina Cruz;1073;84448.34
Polarized bottom-line conglomeration;Toni Benson;1770;44218.1
Devolved scalable policy;Dean Mason;1163;4987.34
