id_compra;nombre_pelicula;director;id_sala;id_cine;ts;cuit;cantidad
1001;Proactive context-sensitive approach;Wanda Lawson;959;392;2024-01-06 12:26:14.000;26883834273;7
1002;Universal scalable open architecture;Lisa Lara;167;442;2024-03-06 15:17:14.000;64526497658;4
1003;Up-sized regional open system;Samantha Murphy;170;707;2023-06-11 00:35:02.000;51542697952;8
1004;Versatile interactive concept;Christopher Morris;379;738;2024-03-28 17:11:35.000;46878448705;2
1005;Exclusive eco-centric customer loyalty;Brian Roth;720;240;2022-08-11 17:10:41.000;97083208994;9
1006;Triple-buffered systemic utilization;Mark Castaneda;155;725;2023-05-14 08:07:28.000;18542500591;8
1007;Front-line even-keeled portal;Victoria Luna;895;41;2023-12-13 08:26:52.000;70143775610;7
1008;Down-sized global complexity;Andrew Andrade;780;403;2023-01-11 01:16:08.000;25102724549;8
1009;Multi-layered asynchronous application;Lisa James;486;579;2023-07-21 16:53:41.000;72867809444;7
1010;Horizontal secondary help-desk;Matthew Morris;42;838;2024-01-20 10:20:27.000;70143775610;8
1011;Synchronized multi-state leverage;Mrs. Sarah Rodriguez DDS;790;989;2024-04-03 07:40:58.000;25636699362;9
1012;Switchable methodical emulation;Jill Wong;602;993;2023-06-26 14:19:36.000;15557750294;5
1013;Customer-focused global algorithm;Carol Mendoza;337;957;2024-04-14 21:23:54.000;21554488849;10
1014;Open-architected maximized paradigm;Aaron Lam;590;8;2024-01-25 10:10:23.000;73683047243;2
1015;Right-sized next generation moderator;Charles Golden;703;640;2024-05-18 18:47:32.000;90426137948;5
1016;Sharable user-facing extranet;Lisa Mendoza;818;724;2024-04-04 18:20:14.000;14652889931;4
1017;Quality-focused transitional project;Juan Wells;75;529;2023-11-19 03:27:16.000;51155034710;2
1018;Multi-tiered fresh-thinking toolset;Brenda Chen;595;134;2023-03-12 18:56:47.000;90759357069;10
1019;Assimilated systematic firmware;Nicole Edwards;320;119;2024-04-21 10:13:23.000;60958646548;6
1020;Right-sized dedicated middleware;Rebecca Villa;394;962;2022-10-09 15:30:59.000;51661544402;3
1021;Self-enabling empowering database;Danny Melendez;455;577;2023-05-24 10:02:55.000;87675740187;4
1022;Stand-alone 4thgeneration success;James Brown;158;731;2024-02-26 19:07:31.000;12744283087;7
1023;Assimilated context-sensitive implementation;Mark Watson;444;614;2022-12-07 15:42:12.000;83784247886;5
1024;Expanded national project;Mary Brown;356;651;2022-07-20 10:37:33.000;77990079757;7
1025;Multi-layered asynchronous application;Lisa James;486;579;2023-07-21 16:53:41.000;17793663581;4
1026;Cloned needs-based toolset;Kelli Horne;324;680;2023-12-15 15:03:15.000;11145348901;6
1027;Optimized encompassing moratorium;Alison Wright;279;246;2023-09-20 12:49:17.000;83874955917;4
1028;Enhanced reciprocal throughput;Michael Khan;855;793;2022-11-15 00:43:24.000;74448117676;9
1029;Down-sized regional knowledge user;Martin Chapman;48;243;2023-06-24 17:18:48.000;86890989957;6
1030;Profound directional workforce;Tiffany Gray;866;765;2023-10-31 01:00:55.000;22712382526;7
1031;Cloned asymmetric middleware;Jonathan Garcia;530;566;2023-11-04 17:40:21.000;61168365848;8
1032;Centralized value-added budgetary management;Matthew Andrews;639;701;2023-08-05 21:26:08.000;40381973692;4
1033;Up-sized 3rdgeneration Graphic Interface;Donna Herring;254;249;2023-01-08 09:52:05.000;92199180879;2
1034;Horizontal 24hour data-warehouse;Kristopher Lane;579;192;2022-09-17 13:02:35.000;21554488849;3
1035;Polarized maximized toolset;John Castillo;693;466;2024-05-27 08:10:03.000;91777721486;6
1036;Pre-emptive bi-directional instruction set;Taylor Dominguez;210;620;2023-02-14 13:10:08.000;14022235003;3
1037;Multi-layered client-server leverage;Garrett Roman;481;94;2022-10-14 22:45:19.000;39206880020;6
1038;Synchronized zero tolerance intranet;Charles Best;892;673;2023-02-16 23:10:00.000;55712613757;5
1039;Cloned 4thgeneration info-mediaries;Claire Smith;3;162;2022-07-23 21:20:01.000;76651466698;2
1040;Right-sized real-time database;Timothy Blankenship;281;873;2022-10-31 00:58:51.000;14454651276;3
1041;Multi-tiered solution-oriented toolset;Kari Wilson;966;619;2023-11-11 18:58:26.000;47525496979;1
1042;Multi-layered eco-centric open system;Joshua Day;956;797;2023-01-28 21:44:33.000;87047932017;10
1043;User-friendly intangible encoding;Jose Smith;383;883;2023-11-23 05:18:31.000;80322460307;10
1044;Organic bandwidth-monitored product;Rebecca Harper;557;801;2023-11-06 10:12:36.000;31108871555;5
1045;Phased global neural-net;Ashley Wallace;14;843;2022-08-07 06:08:23.000;61798483951;5
1046;Triple-buffered static Local Area Network;Daryl Hansen Jr.;799;924;2023-10-24 04:58:06.000;49063511376;9
1047;Mandatory systemic approach;Martin Crawford;915;300;2023-12-29 03:08:08.000;28748661826;4
1048;Exclusive methodical throughput;Mrs. Rachel Smith;236;526;2022-08-27 21:02:58.000;41750127677;9
1049;Robust eco-centric artificial intelligence;John King;520;738;2023-11-27 11:30:13.000;88606857060;7
1050;Visionary value-added flexibility;Kristina Cooper;934;500;2023-12-14 04:12:54.000;87947319370;8
1051;Customer-focused uniform superstructure;Tina Moore;860;165;2023-11-27 02:38:10.000;82171869618;9
1052;Operative fresh-thinking frame;Lance Mcintyre;790;989;2023-10-19 07:18:14.000;59868131043;2
1053;Re-engineered bandwidth-monitored benchmark;Miguel Morales;310;762;2022-12-08 05:24:33.000;18542500591;4
1054;Optimized logistical support;Elizabeth Crane;824;695;2022-10-05 14:03:16.000;55210873870;7
1055;Optimized logistical support;Elizabeth Crane;824;695;2022-10-05 14:03:16.000;75582618559;7
1056;Multi-channeled static approach;Paula Ramirez;333;192;2023-08-02 04:07:04.000;63842167274;6
1057;Public-key foreground open system;Brett Hogan;361;817;2023-02-18 17:01:18.000;96541814577;9
1058;User-centric even-keeled initiative;Melissa Green;32;587;2024-05-19 01:01:16.000;36596189079;3
1059;Reduced even-keeled firmware;Miguel Harrison;301;458;2023-09-08 00:19:41.000;13656173429;2
1060;Centralized optimizing interface;James Williams;786;169;2024-04-05 01:42:58.000;37474809167;3
1061;Customizable object-oriented adapter;Kevin Evans;939;827;2023-09-12 01:41:59.000;59265884835;5
1062;Triple-buffered analyzing functionalities;Kenneth Martinez;329;816;2023-08-22 06:55:38.000;86159306599;5
1063;Enterprise-wide object-oriented website;Danielle Black;634;919;2024-01-16 11:37:38.000;38230878411;5
1064;Profound asynchronous implementation;Jimmy Cunningham;671;926;2024-03-15 06:09:34.000;89289822143;10
1065;Phased coherent utilization;Tammy Reid;943;346;2024-03-04 17:38:11.000;54224576532;2
1066;Adaptive asynchronous support;Jessica Ramos;758;487;2024-02-19 16:08:08.000;75027094836;5
1067;Expanded clear-thinking structure;James Parker;578;850;2022-09-02 23:32:02.000;70809772074;10
1068;Focused composite neural-net;Rebecca Lester;955;50;2024-04-27 21:34:52.000;27862808943;5
1069;Universal multimedia knowledgebase;Rebekah Salazar;998;380;2024-04-08 04:12:16.000;94695085331;7
1070;Distributed optimal system engine;Shannon Marsh;430;936;2023-07-23 15:34:44.000;95552382000;3
1071;Reduced disintermediate data-warehouse;Jeffrey Medina;158;731;2023-10-04 14:24:56.000;16230514952;8
1072;Focused responsive project;Christopher Mayo;185;451;2023-12-24 19:11:40.000;58067159113;1
1073;Mandatory heuristic array;Melissa Cox;822;288;2023-09-26 06:05:34.000;61798483951;6
1074;Implemented real-time concept;Emily Montoya;836;177;2023-12-02 16:19:09.000;64074235400;2
1075;Reduced needs-based attitude;Maurice Miller;60;251;2023-07-28 20:40:51.000;12397697716;2
1076;Cross-group full-range database;Steven Beltran;618;53;2024-03-15 08:12:57.000;12842126442;6
1077;Cross-platform explicit workforce;Kristin Roberts;907;745;2024-02-17 04:26:59.000;52590059758;4
1078;Persevering bandwidth-monitored throughput;Caleb Hart;241;838;2024-05-10 05:36:12.000;39206880020;9
1079;Mandatory heuristic array;Melissa Cox;747;909;2024-04-18 17:58:53.000;63439039577;3
1080;Universal multimedia knowledgebase;Rebekah Salazar;293;471;2024-02-20 17:44:58.000;26382496430;5
1081;Secured holistic toolset;Stephanie Bryan DDS;792;715;2023-12-08 13:46:50.000;95552382000;5
1082;Distributed zero tolerance focus group;Justin Bridges;67;609;2023-09-08 22:44:53.000;21618516605;1
1083;Total impactful help-desk;Dawn Flynn;284;903;2023-12-08 17:47:23.000;79142157963;9
1084;Profound context-sensitive artificial intelligence;Derrick Gonzalez;331;78;2024-06-02 22:40:24.000;78500821237;2
1085;Organic bandwidth-monitored product;Rebecca Harper;557;801;2023-11-06 10:12:36.000;91954738414;2
1086;Versatile secondary moderator;Gregory Garrett;281;873;2022-12-07 13:56:54.000;44633319974;6
1087;Expanded zero-defect database;Nancy Dennis;81;240;2022-07-03 18:47:15.000;13624097881;7
1088;Programmable 24/7 migration;James Ellis;180;343;2023-12-08 02:29:58.000;40561919307;8
1089;Optimized human-resource open architecture;Gina Jenkins;747;909;2022-12-07 09:23:21.000;39022094395;1
1090;Total impactful help-desk;Dawn Flynn;284;903;2023-12-08 17:47:23.000;21371991363;8
1091;Automated background protocol;Natasha Jackson;422;510;2022-09-01 23:20:03.000;31108871555;6
1092;Optimized user-facing knowledgebase;Theodore Orr;3;162;2022-12-29 11:50:14.000;94166643798;5
1093;Enhanced clear-thinking benchmark;Mark Ramirez;991;870;2024-06-13 04:23:16.000;37420091001;1
1094;Cross-group fresh-thinking collaboration;Carlos Webb;294;905;2024-04-03 05:11:23.000;32499324832;8
1095;Organic analyzing Internet solution;Clifford Flores;654;476;2024-02-14 05:47:13.000;72660935767;4
1096;Enhanced clear-thinking benchmark;Mark Ramirez;991;870;2024-06-13 04:23:16.000;53798664046;1
1097;Grass-roots tertiary function;Jonathan Butler;137;176;2022-08-03 02:49:41.000;47598031256;1
1098;Balanced eco-centric encoding;James Williams;422;510;2024-02-04 01:05:57.000;28748661826;9
1099;Networked optimal matrices;Kimberly Wright;876;53;2023-01-13 04:49:15.000;32123272715;4
1100;Ergonomic value-added open system;Candace Whitaker;877;853;2023-03-17 21:59:41.000;43502036877;5
1101;Optimized user-facing knowledgebase;Theodore Orr;3;162;2022-12-29 11:50:14.000;54745737747;4
1102;Cross-platform eco-centric instruction set;Tiffany Smith;489;299;2023-06-25 03:46:55.000;19307538087;10
1103;Secured regional Internet solution;Joseph Mcconnell;578;850;2023-05-28 23:19:44.000;49670787545;7
1104;Quality-focused transitional project;Juan Wells;75;529;2023-11-19 03:27:16.000;55490290342;6
1105;Universal zero-defect info-mediaries;Anthony Newton;41;971;2023-04-05 20:02:37.000;32123272715;5
1106;Optional solution-oriented initiative;Jill Morris;620;220;2022-08-06 04:15:56.000;29663892247;3
1107;Multi-layered user-facing superstructure;Samantha Spencer;467;528;2024-02-24 16:36:56.000;20577643082;5
1108;Multi-lateral tertiary orchestration;Colin Smith;598;917;2022-11-30 10:20:07.000;13903989611;5
1109;Pre-emptive bi-directional instruction set;Taylor Dominguez;210;620;2023-02-14 13:10:08.000;87468121103;8
1110;Devolved systemic Internet solution;Erik Reed;991;384;2024-05-28 07:30:08.000;69371022186;6
1111;Right-sized national capacity;Sharon Duffy;242;755;2023-08-09 02:41:30.000;94079744188;5
1112;Quality-focused user-facing Internet solution;Christopher Hogan;482;936;2023-02-09 14:34:06.000;60503491422;10
1113;Devolved intangible website;Daniel Dixon;925;959;2022-12-19 17:39:48.000;85657946466;1
1114;Monitored interactive task-force;Jonathan Young;789;390;2023-05-27 21:56:27.000;15399042009;10
1115;Reverse-engineered mission-critical process improvement;David Browning III;780;403;2023-01-11 04:50:56.000;51342122808;8
1116;Programmable system-worthy focus group;Isaiah Carter;510;577;2022-10-28 14:02:22.000;78122686488;1
1117;Operative radical neural-net;Catherine Clark;406;639;2022-07-30 01:09:21.000;66696832292;8
1118;Optimized grid-enabled help-desk;Shannon Doyle;963;648;2023-03-17 04:03:38.000;61168365848;5
1119;Total optimal access;Linda Holden;398;18;2024-01-19 00:47:43.000;21371991363;3
1120;Optimized 4thgeneration framework;Kristin Mckee;414;655;2023-08-16 03:30:15.000;54745737747;7
1121;Customer-focused non-volatile attitude;Thomas Parker;461;349;2022-09-10 04:09:36.000;14749806036;5
1122;Profound directional workforce;Tiffany Gray;866;765;2023-10-31 01:00:55.000;20884443347;2
1123;Cloned 4thgeneration info-mediaries;Claire Smith;3;162;2022-07-23 21:20:01.000;55158653836;6
1124;Re-contextualized dedicated open system;Jorge Frederick MD;356;651;2023-07-13 16:46:05.000;70428008184;5
1125;Up-sized 3rdgeneration Graphic Interface;Donna Herring;254;249;2023-01-08 09:52:05.000;97324759676;4
1126;Universal actuating complexity;Crystal Williams;495;10;2024-06-22 18:50:33.000;34777767695;1
1127;Programmable clear-thinking Local Area Network;Jerry Farmer;399;501;2023-05-13 16:46:41.000;64074235400;8
1128;Cloned 4thgeneration info-mediaries;Claire Smith;3;162;2022-07-23 21:20:01.000;26337993869;2
1129;Intuitive secondary functionalities;Cristian Atkins;336;40;2023-05-31 02:17:37.000;14749806036;1
1130;Customizable optimal contingency;Regina Moore;506;460;2023-10-17 01:02:36.000;78355099861;2
1131;Robust clear-thinking frame;Jacqueline Owens;761;244;2023-07-06 12:03:27.000;55030888918;4
1132;Triple-buffered analyzing functionalities;Kenneth Martinez;329;816;2023-08-22 06:55:38.000;21177059197;2
1133;Stand-alone uniform utilization;Samantha Jackson;713;528;2023-11-12 12:42:25.000;98749136864;6
1134;Innovative background neural-net;Joseph Sanchez;679;180;2023-08-21 15:50:57.000;66642751851;9
1135;Synergized content-based challenge;Patricia Brown;347;369;2022-10-09 10:06:42.000;28681251333;4
1136;Function-based context-sensitive orchestration;Tanya Callahan;531;769;2023-03-25 19:21:30.000;19716665346;1
1137;Digitized didactic customer loyalty;Dr. Trevor Silva;836;314;2024-06-16 06:14:16.000;70065875149;3
1138;Triple-buffered analyzing functionalities;Kenneth Martinez;329;816;2023-08-22 06:55:38.000;28952673221;2
1139;Ergonomic system-worthy website;Troy Wang;590;8;2024-03-02 20:46:43.000;67291428432;1
1140;Streamlined well-modulated implementation;Daniel Berg;406;639;2022-10-08 17:20:33.000;37273238711;6
1141;Cross-platform explicit workforce;Kristin Roberts;907;745;2024-02-17 04:26:59.000;20353313491;4
1142;Enhanced real-time software;Anthony Bailey;623;867;2023-02-06 01:39:12.000;14749806036;10
1143;Reduced responsive pricing structure;Joseph Ramos;747;909;2024-04-09 02:48:18.000;52455811519;8
1144;Quality-focused uniform workforce;Gary Owens;312;110;2023-01-20 17:42:16.000;72867809444;10
1145;Virtual grid-enabled hub;Jeffrey Miller;381;719;2022-09-30 22:41:30.000;92091784237;2
1146;Ameliorated executive budgetary management;Jessica Smith;257;473;2023-07-24 13:26:51.000;95552382000;8
1147;Universal actuating complexity;Crystal Williams;28;938;2023-01-15 11:44:43.000;98352563445;4
1148;Centralized even-keeled open architecture;Rebecca Hodges;956;318;2023-11-02 14:25:45.000;63584004969;4
1149;Progressive value-added installation;Lindsey Barr;417;957;2023-07-12 21:56:54.000;43654031465;4
1150;Centralized secondary approach;Leslie Kim;704;620;2022-07-03 03:25:42.000;11145348901;4
1151;Public-key foreground open system;Brett Hogan;361;817;2023-02-18 17:01:18.000;49670787545;2
1152;Reduced logistical policy;Renee Wong;660;259;2024-03-14 11:08:42.000;94079744188;9
1153;Compatible real-time intranet;Julia Carney DDS;881;111;2023-05-03 02:45:35.000;57784031860;7
1154;Right-sized composite alliance;Elizabeth Taylor;180;711;2023-06-23 08:33:23.000;54922419261;7
1155;Reduced eco-centric infrastructure;Justin Bowman;848;531;2024-01-02 20:14:10.000;91360666865;3
1156;Ameliorated tertiary info-mediaries;Thomas Herring;963;648;2023-02-02 11:38:19.000;56431072717;10
1157;Multi-tiered 3rdgeneration frame;Brad Gomez;328;640;2022-10-22 20:16:19.000;93277696910;2
1158;Stand-alone disintermediate project;Kevin Hernandez;137;803;2023-03-22 09:13:07.000;80322460307;8
1159;Persistent object-oriented hierarchy;Samuel Meza;956;797;2023-10-18 05:51:19.000;78171787621;4
1160;Open-source motivating knowledge user;Savannah Thomas;342;45;2024-03-12 07:19:24.000;80902772515;4
1161;Decentralized global architecture;James Parker;874;475;2022-10-29 01:12:21.000;21554488849;3
1162;Persistent discrete model;Melissa Jones;771;141;2023-04-06 00:21:42.000;68803963601;7
1163;Distributed bifurcated hardware;Kimberly Mills;642;994;2024-03-09 21:04:09.000;82529716780;9
1164;Front-line national methodology;Dustin Owens;824;695;2024-02-10 09:55:01.000;12976655002;2
1165;Secured holistic toolset;Stephanie Bryan DDS;889;755;2024-05-19 18:57:26.000;21732530069;9
1166;Phased coherent utilization;Tammy Reid;602;360;2022-09-04 22:21:43.000;86159306599;9
1167;Business-focused zero administration installation;Christine Gonzalez;52;621;2022-11-03 13:10:57.000;97939698132;10
1168;Customizable tangible policy;Sarah Green;741;222;2023-09-27 23:52:24.000;63738832333;4
1169;Multi-layered client-server leverage;Garrett Roman;481;94;2022-10-14 22:45:19.000;47898805359;8
1170;Team-oriented responsive info-mediaries;David Livingston;751;648;2023-11-06 11:00:20.000;44042887544;5
1171;Vision-oriented high-level frame;Karen Montoya;677;272;2024-01-20 00:24:06.000;41291817744;9
1172;Enterprise-wide transitional secured line;Christine Vazquez;589;93;2023-11-21 11:57:11.000;55361129160;3
1173;Secured intermediate support;Jennifer Blackburn;422;510;2024-06-18 12:39:54.000;43383444868;6
1174;Enhanced local concept;Jesse Gates;341;934;2024-01-16 16:12:30.000;77990079757;1
1175;Profit-focused context-sensitive encryption;Elizabeth Davila MD;532;307;2023-04-01 08:29:23.000;22272864804;1
1176;Ameliorated tertiary application;Jeffery Wilson;332;153;2023-05-02 08:43:55.000;90684298631;2
1177;Expanded clear-thinking structure;James Parker;578;850;2022-09-02 23:32:02.000;57974492183;10
1178;Operative hybrid Local Area Network;Patricia Smith;461;349;2023-05-17 18:58:28.000;46542900687;5
1179;Vision-oriented high-level frame;Karen Montoya;158;731;2024-03-30 07:44:48.000;56309992583;9
1180;User-friendly empowering archive;Dakota Brewer;216;506;2023-10-07 17:54:06.000;61168365848;8
1181;Customer-focused human-resource firmware;Christopher Bauer Jr.;330;251;2023-07-28 10:13:04.000;11902286917;4
1182;Team-oriented empowering time-frame;Kristina Cooley;203;23;2022-07-03 15:15:06.000;89370575358;6
1183;Enhanced clear-thinking benchmark;Mark Ramirez;991;870;2024-06-13 04:23:16.000;69884786867;9
1184;Centralized zero administration project;Sean Oliver;121;244;2022-11-15 02:31:01.000;32659789134;10
1185;Devolved non-volatile analyzer;Luis Gilbert;681;800;2022-12-18 04:23:51.000;97939698132;5
1186;Switchable clear-thinking orchestration;Caitlin Carlson;826;226;2023-06-10 02:20:02.000;25004199274;8
1187;Enterprise-wide responsive migration;Dr. Robin Sutton;151;289;2023-11-04 23:44:21.000;35401666794;4
1188;Stand-alone uniform utilization;Samantha Jackson;713;528;2023-11-12 12:42:25.000;37420091001;5
1189;Implemented high-level open system;Isaiah Roman;823;940;2022-09-18 06:24:02.000;87661510130;8
1190;Grass-roots tertiary function;Jonathan Butler;137;176;2022-08-03 02:49:41.000;66660976153;7
1191;Decentralized discrete knowledgebase;Karen Williams;617;811;2023-09-02 10:45:19.000;39022094395;2
1192;Assimilated systematic firmware;Nicole Edwards;320;119;2024-04-21 10:13:23.000;11302578942;1
1193;Pre-emptive clear-thinking throughput;Veronica Kirby;546;234;2023-08-01 10:20:38.000;55058965204;2
1194;Ergonomic contextually-based capacity;Lawrence Dunn;753;996;2024-03-16 04:39:08.000;81069371516;8
1195;Automated bifurcated pricing structure;Andrea Delgado;797;557;2023-10-17 04:17:45.000;93885028139;9
1196;Stand-alone uniform utilization;Samantha Jackson;869;532;2022-11-11 17:32:57.000;97083208994;8
1197;Function-based asymmetric superstructure;Lisa Garcia;462;654;2022-08-04 21:27:12.000;63262446703;4
1198;Distributed zero tolerance focus group;Justin Bridges;67;609;2023-09-08 22:44:53.000;73824219783;6
1199;Operative hybrid Local Area Network;Patricia Smith;461;349;2023-05-17 18:58:28.000;75027094836;4
1200;Digitized mobile project;Lucas Simmons;47;11;2023-08-25 10:15:37.000;53813760968;7
1201;Advanced demand-driven moratorium;Jamie Brewer;955;925;2024-03-31 00:42:48.000;97446459345;4
1202;Organized asynchronous infrastructure;Tammy Brown;265;680;2024-03-20 10:44:47.000;58571737623;1
1203;Ergonomic value-added open system;Candace Whitaker;877;853;2023-03-17 21:59:41.000;47321736213;3
1204;Monitored stable paradigm;Jeffrey West;375;616;2024-05-16 06:15:56.000;32659789134;8
1205;Networked optimal matrices;Kimberly Wright;95;806;2023-03-23 11:20:23.000;15599953341;7
1206;Multi-layered eco-centric open system;Joshua Day;889;755;2022-07-11 17:16:23.000;11686514000;3
1207;Future-proofed demand-driven productivity;Joseph Gentry DDS;199;496;2023-03-14 21:57:53.000;73683047243;1
1208;Secured methodical groupware;Sandra Garner;762;243;2023-11-03 06:22:41.000;51204706093;3
1209;Fully-configurable bi-directional function;Mr. John Sanders MD;346;736;2023-08-23 16:05:35.000;92569153171;6
1210;Multi-layered user-facing superstructure;Samantha Spencer;512;827;2023-04-02 19:00:15.000;17315230668;7
1211;Advanced next generation algorithm;Edward Morrison;172;248;2024-01-08 18:54:47.000;91954738414;6
1212;Ameliorated client-server migration;Jessica Bailey;168;534;2023-10-15 15:41:46.000;57282633750;5
1213;Implemented mobile paradigm;Sharon Roberson;859;270;2023-05-15 09:50:49.000;16826090259;3
1214;Multi-layered uniform monitoring;Rebecca Johnson;574;851;2023-01-27 17:56:00.000;27591483089;10
1215;Robust clear-thinking frame;Jacqueline Owens;761;244;2023-07-06 12:03:27.000;66028692866;6
1216;Monitored asynchronous focus group;Johnathan Hill;5;646;2022-07-14 02:34:09.000;55394994455;10
1217;Networked optimal matrices;Kimberly Wright;95;806;2023-03-23 11:20:23.000;17990270455;7
1218;Focused eco-centric ability;Melinda Jones;131;971;2023-07-08 12:56:55.000;92397638722;2
1219;Face-to-face foreground definition;Latasha Walker;683;486;2024-04-06 01:55:35.000;82529716780;5
1220;Robust eco-centric artificial intelligence;John King;356;651;2023-10-30 00:53:54.000;30340275567;1
1221;User-centric intermediate analyzer;Stephanie Martinez;357;200;2023-04-06 13:39:39.000;67606747198;2
1222;Operative logistical portal;Tammy Aguilar;136;892;2022-10-26 07:09:01.000;78648145874;5
1223;Phased user-facing extranet;Jill Evans;316;69;2023-02-24 08:31:30.000;47898805359;2
1224;Multi-tiered solution-oriented toolset;Kari Wilson;966;619;2023-11-11 18:58:26.000;47318366921;2
1225;Customizable optimal contingency;Regina Moore;506;460;2023-10-17 01:02:36.000;49348367072;10
1226;Expanded zero-defect database;Nancy Dennis;81;240;2022-07-03 18:47:15.000;45111373966;5
1227;Optimized encompassing moratorium;Alison Wright;279;246;2023-09-20 12:49:17.000;31415007660;7
1228;Robust secondary capacity;Amy Warner;147;361;2022-08-29 05:03:37.000;34950986350;10
1229;Implemented mobile paradigm;Sharon Roberson;859;270;2023-05-15 09:50:49.000;78648145874;9
1230;Pre-emptive content-based matrices;Chelsey Harrison;171;818;2022-09-08 06:39:31.000;45771041683;10
1231;Focused composite neural-net;Rebecca Lester;955;50;2024-04-27 21:34:52.000;78648145874;1
1232;Universal encompassing migration;Catherine Anderson;234;539;2023-09-04 20:28:08.000;44042887544;2
1233;Profound directional workforce;Tiffany Gray;866;765;2023-10-31 01:00:55.000;24968002175;3
1234;Up-sized regional open system;Samantha Murphy;409;692;2023-01-14 09:44:40.000;68389128485;8
1235;Centralized value-added budgetary management;Matthew Andrews;639;701;2023-08-05 21:26:08.000;62200390538;8
1236;Innovative eco-centric artificial intelligence;Jason Lewis;594;417;2024-06-22 19:52:01.000;79142157963;1
1237;Streamlined multi-tasking functionalities;Laura Robertson;848;531;2023-03-27 14:38:38.000;16230514952;7
1238;Versatile national conglomeration;Scott Cruz;308;947;2023-10-16 02:06:28.000;82572177773;2
1239;Persistent modular Local Area Network;Cheryl Hays;681;669;2024-04-21 16:13:36.000;73644687847;5
1240;Multi-channeled next generation moderator;Veronica Holt;32;587;2024-02-01 23:44:08.000;16496389168;3
1241;Automated asymmetric emulation;Edward Simpson;556;95;2024-04-28 16:33:41.000;58881664219;9
1242;Multi-channeled optimal migration;Thomas Blackburn;151;304;2024-03-08 23:07:22.000;37447414003;2
1243;Focused eco-centric ability;Melinda Jones;634;919;2024-01-06 07:57:03.000;82384445717;10
1244;Inverse 3rdgeneration utilization;Patricia Crosby;32;587;2022-10-02 21:07:57.000;37303392823;4
1245;Multi-tiered 3rdgeneration frame;Brad Gomez;328;640;2022-10-22 20:16:19.000;41527230848;3
1246;Ergonomic contextually-based capacity;Lawrence Dunn;753;996;2024-03-16 04:39:08.000;26022272286;2
1247;Compatible zero-defect protocol;Michael Hicks;880;642;2023-11-14 18:03:02.000;10965295533;6
1248;Function-based background extranet;Laurie David;766;896;2023-11-09 04:20:27.000;79044275967;2
1249;Multi-tiered 6thgeneration approach;David Williams;385;219;2023-06-09 11:10:00.000;92520878412;10
1250;Universal actuating complexity;Crystal Williams;495;10;2024-06-22 18:50:33.000;26337993869;4
1251;Proactive object-oriented customer loyalty;Craig Williams;203;733;2023-03-05 23:18:09.000;55030888918;7
1252;Multi-layered eco-centric open system;Joshua Day;889;755;2022-07-11 17:16:23.000;37022824355;6
1253;Down-sized global complexity;Andrew Andrade;857;163;2023-02-07 20:56:56.000;38726391745;1
1254;Automated bifurcated pricing structure;Andrea Delgado;374;468;2024-04-09 18:04:30.000;73347855567;2
1255;Self-enabling disintermediate process improvement;Holly Brown;631;47;2024-03-28 01:11:45.000;99365216133;1
1256;Devolved intangible website;Daniel Dixon;925;959;2022-12-19 17:39:48.000;22535003072;5
1257;Right-sized national capacity;Sharon Duffy;242;755;2023-08-09 02:41:30.000;43654031465;2
1258;Phased well-modulated intranet;Garrett Stevenson;125;359;2023-02-20 23:51:29.000;91234933544;10
1259;Versatile optimizing paradigm;Lisa Weeks;582;529;2023-10-16 11:07:11.000;69371022186;8
1260;Open-architected maximized paradigm;Aaron Lam;124;506;2023-12-20 12:40:24.000;50630420337;9
1261;Synergized even-keeled orchestration;Miranda Bailey;58;689;2023-11-09 07:58:23.000;56565550734;6
1262;Right-sized composite alliance;Elizabeth Taylor;581;497;2023-04-08 14:39:49.000;90732151998;8
1263;Inverse 6thgeneration intranet;Michael Cantrell;235;178;2022-10-08 10:35:43.000;79160386634;10
1264;Open-architected needs-based attitude;Roger Castillo;42;838;2023-10-12 21:19:24.000;98824973203;2
1265;Reduced eco-centric infrastructure;Justin Bowman;817;794;2023-06-24 03:07:28.000;65652793422;3
1266;Cloned asymmetric middleware;Jonathan Garcia;530;566;2023-11-04 17:40:21.000;55158653836;10
1267;User-centric leadingedge toolset;Kendra Smith;685;395;2022-09-19 02:02:29.000;11406214001;5
1268;Digitized didactic customer loyalty;Dr. Trevor Silva;80;760;2023-07-21 13:15:02.000;89147918158;4
1269;Centralized value-added budgetary management;Matthew Andrews;679;180;2023-12-15 23:50:45.000;71849757175;6
1270;Future-proofed demand-driven productivity;Joseph Gentry DDS;199;496;2023-03-14 21:57:53.000;83470107817;3
1271;Mandatory actuating success;Jamie Reid;424;161;2023-03-31 19:38:16.000;67098896280;3
1272;Open-source multimedia support;Nancy Mccall;451;592;2022-11-02 00:39:28.000;27836355499;4
1273;Enhanced clear-thinking benchmark;Mark Ramirez;81;240;2023-05-27 19:07:53.000;91867449753;5
1274;Right-sized next generation moderator;Charles Golden;703;640;2024-05-18 18:47:32.000;55361129160;1
1275;Innovative composite moratorium;Michael Jordan;911;743;2022-10-01 01:41:01.000;70205720147;7
1276;Realigned homogeneous paradigm;Jacqueline Miles;67;282;2023-12-03 14:33:56.000;31456369070;1
1277;Implemented zero administration solution;Tonya Allen;210;620;2023-12-30 01:56:30.000;27415276614;3
1278;Synchronized zero tolerance intranet;Charles Best;892;673;2023-02-16 23:10:00.000;79376955408;4
1279;Front-line national methodology;Dustin Owens;639;701;2022-10-07 11:00:09.000;65656174139;8
1280;Upgradable even-keeled matrix;Randy Walter;650;564;2023-04-15 17:08:36.000;22535003072;6
1281;Implemented zero administration solution;Tonya Allen;210;620;2023-12-30 01:56:30.000;83128318967;1
1282;Assimilated context-sensitive implementation;Mark Watson;823;940;2023-06-05 02:41:19.000;45572885150;3
1283;Customer-focused non-volatile attitude;Thomas Parker;461;349;2022-09-10 04:09:36.000;28952673221;2
1284;Expanded zero-defect database;Nancy Dennis;710;870;2023-11-28 10:25:56.000;65003174814;3
1285;Reduced transitional ability;Eric Blackburn;330;251;2023-04-19 07:19:34.000;43383444868;4
1286;Front-line national methodology;Dustin Owens;639;701;2022-10-07 11:00:09.000;32249978054;1
1287;Total foreground implementation;Mary Simpson;80;268;2024-04-15 17:02:25.000;84502450777;9
1288;Quality-focused uniform workforce;Gary Owens;362;492;2023-07-23 22:23:30.000;76066053405;10
1289;Optional 24/7 circuit;Kimberly Singh;689;514;2023-01-30 16:46:26.000;55394994455;3
1290;User-friendly eco-centric leverage;Donald Morris;451;592;2024-03-05 10:07:39.000;32499324832;10
1291;Vision-oriented asynchronous firmware;Joseph Johnson;520;88;2023-05-12 07:32:55.000;64879437649;2
1292;Universal encompassing migration;Catherine Anderson;234;539;2023-09-04 20:28:08.000;61419124493;4
1293;Digitized didactic customer loyalty;Dr. Trevor Silva;347;369;2023-12-14 07:28:33.000;45572885150;9
1294;Customizable dedicated implementation;Anna Newton;3;969;2023-10-02 09:28:12.000;23724895734;1
1295;Centralized secondary approach;Leslie Kim;375;616;2023-06-26 13:22:08.000;94663443665;8
1296;Progressive full-range core;Kelly Hudson;489;268;2023-11-13 05:54:41.000;97222778120;7
1297;Universal actuating complexity;Crystal Williams;495;10;2024-06-22 18:50:33.000;83784247886;5
1298;Universal multimedia knowledgebase;Rebekah Salazar;293;471;2024-02-20 17:44:58.000;47915367551;2
1299;Right-sized real-time database;Timothy Blankenship;281;873;2022-10-31 00:58:51.000;49743622822;4
1300;Ameliorated client-server migration;Jessica Bailey;720;240;2022-11-26 16:18:46.000;15844031733;1
1301;Optimized human-resource open architecture;Gina Jenkins;775;148;2023-01-18 19:51:17.000;60787826913;2
1302;Quality-focused user-facing Internet solution;Christopher Hogan;3;162;2023-06-27 09:20:35.000;97341338586;3
1303;Customer-focused human-resource firmware;Christopher Bauer Jr.;531;83;2022-09-06 17:52:18.000;13671790519;9
1304;Optional 24/7 circuit;Kimberly Singh;297;575;2023-02-16 11:58:45.000;68631034926;8
1305;Upgradable optimal ability;Jason Newman;882;547;2023-10-01 05:56:54.000;16447516362;6
1306;Universal actuating complexity;Crystal Williams;28;938;2023-01-15 11:44:43.000;72887358324;6
1307;Adaptive leadingedge benchmark;Nathan Nash;830;339;2023-04-06 13:52:17.000;39698737843;7
1308;Centralized even-keeled open architecture;Rebecca Hodges;956;318;2023-11-02 14:25:45.000;37178114459;4
1309;Open-architected maximized paradigm;Aaron Lam;590;8;2024-01-25 10:10:23.000;63228283260;1
1310;Ergonomic system-worthy website;Troy Wang;499;325;2023-08-18 19:49:01.000;82574092154;1
1311;Phased global neural-net;Ashley Wallace;845;46;2022-10-09 04:09:52.000;85728104149;9
1312;Mandatory didactic help-desk;Karen Willis;305;158;2022-08-21 22:38:57.000;68803963601;10
1313;Decentralized discrete knowledgebase;Karen Williams;617;811;2023-09-02 10:45:19.000;50380657831;3
1314;Enhanced reciprocal throughput;Michael Khan;855;793;2022-11-15 00:43:24.000;14652282142;4
1315;Synergized next generation functionalities;Joseph Smith;830;716;2023-03-27 22:09:54.000;70065875149;9
1316;Ameliorated responsive task-force;Renee Lowe;179;387;2023-04-21 20:26:11.000;41983165654;2
1317;Synergized even-keeled definition;Barbara Cochran;963;648;2023-05-23 17:27:34.000;70428008184;6
1318;Customer-focused user-facing capability;Tyler Morrison;786;621;2022-11-08 01:37:11.000;22612748290;8
1319;Intuitive secondary functionalities;Cristian Atkins;336;40;2023-05-31 02:17:37.000;27836355499;3
1320;Synergistic client-driven instruction set;Ronald Navarro;780;403;2024-01-06 15:11:51.000;12437740503;5
1321;Centralized value-added budgetary management;Matthew Andrews;679;180;2023-12-15 23:50:45.000;22111102490;4
1322;Front-line dedicated project;Jennifer Rose;267;799;2022-09-10 07:23:06.000;51342122808;1
1323;Focused dynamic orchestration;Samantha Cardenas;531;83;2023-08-07 18:09:11.000;72683068819;6
1324;Reduced impactful implementation;Daniel Simmons;953;655;2023-04-23 11:30:29.000;95354785156;10
1325;Up-sized 3rdgeneration Graphic Interface;Donna Herring;254;249;2023-01-08 09:52:05.000;98887557433;9
1326;Ergonomic value-added matrices;Carla Johnson;713;528;2024-04-30 04:31:49.000;84476907366;5
1327;Quality-focused 6thgeneration superstructure;Tom Watson;164;677;2023-05-01 10:23:41.000;12397697716;3
1328;De-engineered actuating analyzer;Tiffany Curry;640;811;2022-11-10 09:30:43.000;90600356587;4
1329;Customizable tangible policy;Sarah Green;741;222;2023-09-27 23:52:24.000;79344620619;5
1330;Synergistic optimal ability;Judith Evans;337;957;2023-10-30 11:24:32.000;61485772019;3
1331;Reduced transitional ability;Eric Blackburn;330;251;2023-04-19 07:19:34.000;17816204488;2
1332;Face-to-face needs-based approach;Christy Martinez;475;133;2023-03-18 21:24:41.000;30605353829;2
1333;Reduced needs-based attitude;Maurice Miller;60;251;2023-07-28 20:40:51.000;94254635541;9
1334;Pre-emptive clear-thinking throughput;Veronica Kirby;546;234;2023-08-01 10:20:38.000;98438096111;7
1335;Decentralized 24/7 data-warehouse;Melissa Lewis;755;408;2023-06-21 09:00:20.000;22712382526;2
1336;Grass-roots asymmetric function;Christopher Reyes;22;944;2023-11-11 04:28:32.000;53826095829;6
1337;Synergized even-keeled definition;Barbara Cochran;963;648;2023-05-23 17:27:34.000;25516251249;3
1338;Future-proofed asynchronous interface;Travis Miles;617;478;2023-02-25 03:11:18.000;37087118962;9
1339;Synergized contextually-based portal;Katelyn Gordon;386;863;2023-01-28 03:08:31.000;85227173761;10
1340;Self-enabling actuating orchestration;Stephanie Clark;870;582;2024-05-31 08:13:07.000;36254217188;2
1341;Virtual reciprocal Local Area Network;Ryan Rhodes;753;996;2023-05-09 13:07:49.000;57282633750;3
1342;Right-sized real-time database;Timothy Blankenship;281;873;2022-10-31 00:58:51.000;29663892247;9
1343;Team-oriented empowering time-frame;Kristina Cooley;203;23;2022-07-03 15:15:06.000;47318366921;6
1344;Decentralized context-sensitive moderator;John Nguyen;877;853;2023-12-19 14:08:51.000;59523168403;5
1345;Centralized secondary approach;Leslie Kim;252;646;2022-08-21 21:56:23.000;30551358904;5
1346;Digitized mobile project;Lucas Simmons;47;11;2023-08-25 10:15:37.000;76287863339;1
1347;Optimized 4thgeneration framework;Kristin Mckee;414;655;2023-08-16 03:30:15.000;67179902024;4
1348;Distributed motivating process improvement;Vincent Lewis;366;904;2024-04-13 23:21:35.000;60678919663;7
1349;Proactive object-oriented customer loyalty;Craig Williams;813;435;2023-01-01 23:06:37.000;49077605360;7
1350;Secured regional Internet solution;Joseph Mcconnell;1;281;2023-07-08 18:36:09.000;93347822186;8
1351;Customizable optimal contingency;Regina Moore;506;460;2023-10-17 01:02:36.000;76612586601;3
1352;Profound tangible info-mediaries;Alexis Roberts;601;776;2024-03-01 17:05:56.000;64201570443;4
1353;Triple-buffered client-server archive;Thomas Phillips;281;873;2022-11-27 21:40:43.000;13883479535;1
1354;Up-sized system-worthy time-frame;Alison Perez;493;602;2022-08-15 14:41:30.000;88940452831;8
1355;Customizable object-oriented architecture;Wendy Mendoza;761;244;2024-04-23 06:05:53.000;51374891173;7
1356;Monitored interactive task-force;Jonathan Young;789;390;2023-05-27 21:56:27.000;47898805359;8
1357;Profound tangible info-mediaries;Alexis Roberts;601;776;2024-03-01 17:05:56.000;58571737623;1
1358;Profound asymmetric secured line;Kimberly Brown;800;422;2022-10-01 04:31:53.000;12976655002;9
1359;Open-architected coherent implementation;Michael Tucker;337;294;2022-12-19 21:00:02.000;93885028139;9
1360;Upgradable well-modulated matrix;Nicholas Mcgee;602;993;2023-02-06 08:07:11.000;68890838023;7
1361;Open-source neutral service-desk;Lauren Ray;160;264;2023-01-03 00:18:24.000;49563760716;8
1362;Compatible attitude-oriented circuit;William Ochoa;444;614;2022-08-25 23:15:13.000;58773718428;2
1363;Switchable background firmware;Max Walsh;282;839;2023-10-29 03:56:54.000;46878448705;8
1364;Profit-focused radical implementation;Jonathan Rios;645;377;2024-05-05 10:45:35.000;13318343926;4
1365;Cross-platform eco-centric instruction set;Tiffany Smith;489;299;2023-06-25 03:46:55.000;64609114520;5
1366;Total impactful help-desk;Dawn Flynn;703;640;2022-08-30 14:26:58.000;25504494527;1
1367;Operative radical neural-net;Catherine Clark;406;639;2022-07-30 01:09:21.000;71849757175;2
1368;Digitized didactic customer loyalty;Dr. Trevor Silva;347;369;2023-12-14 07:28:33.000;17816204488;3
1369;Cross-platform empowering customer loyalty;Sonya Boyer;67;609;2022-08-01 17:09:58.000;38864552703;9
1370;Profound global complexity;Alexa Romero;551;929;2024-02-23 09:22:37.000;28061792738;4
1371;Self-enabling encompassing interface;Christopher Garcia;552;748;2023-05-23 04:20:28.000;11533119202;7
1372;Ameliorated stable service-desk;Michael Robinson;552;875;2023-06-29 00:29:17.000;86549204668;4
1373;Open-architected needs-based utilization;Levi Nguyen;858;86;2022-09-08 14:30:18.000;82780847513;5
1374;Configurable analyzing array;Jonathan Williams;282;839;2022-10-11 14:01:05.000;36596189079;5
1375;Configurable hybrid knowledgebase;Beverly Robinson;99;424;2024-05-04 04:44:54.000;61485772019;7
1376;Progressive full-range core;Kelly Hudson;489;268;2023-11-13 05:54:41.000;56004541581;7
1377;Programmable clear-thinking Local Area Network;Jerry Farmer;575;168;2023-09-17 06:47:32.000;53826095829;3
1378;Digitized didactic customer loyalty;Dr. Trevor Silva;836;314;2024-06-16 06:14:16.000;38570414183;9
1379;Digitized didactic customer loyalty;Dr. Trevor Silva;347;369;2023-12-14 07:28:33.000;42089407812;7
1380;Up-sized regional open system;Samantha Murphy;409;692;2023-01-14 09:44:40.000;18466452491;4
1381;Inverse 3rdgeneration utilization;Patricia Crosby;32;587;2022-10-02 21:07:57.000;78355099861;1
1382;Right-sized multi-tasking budgetary management;Gregory Ware;111;544;2023-03-19 00:05:55.000;82179813778;1
1383;Inverse next generation support;Melissa Jones;715;928;2024-05-04 21:44:05.000;19668422485;9
1384;User-centric leadingedge toolset;Kendra Smith;685;395;2022-09-19 02:02:29.000;73884925721;8
1385;Right-sized dedicated middleware;Rebecca Villa;765;149;2022-08-28 06:11:05.000;39727696983;10
1386;Ergonomic value-added open system;Candace Whitaker;877;853;2023-03-17 21:59:41.000;79022954052;5
1387;Horizontal secondary help-desk;Matthew Morris;42;838;2024-01-20 10:20:27.000;31803108111;10
1388;User-friendly intangible encoding;Jose Smith;914;660;2023-02-09 10:42:02.000;67980201687;3
1389;Advanced user-facing open architecture;Lydia Daniel;571;717;2024-03-16 15:54:06.000;84637350664;3
1390;Expanded national project;Mary Brown;997;979;2023-10-06 12:09:06.000;58967405966;7
1391;Reactive impactful moderator;Jack Evans;137;176;2023-08-23 05:21:03.000;14369867207;8
1392;Operative tangible focus group;Amanda Edwards;472;521;2023-12-30 11:07:54.000;13231220869;5
1393;Profound context-sensitive artificial intelligence;Derrick Gonzalez;481;94;2024-05-26 08:47:24.000;70143775610;1
1394;User-friendly intangible encoding;Jose Smith;80;268;2022-11-28 03:10:11.000;68985309625;5
1395;Synergized contextually-based portal;Katelyn Gordon;248;770;2023-01-23 16:12:47.000;84894400627;5
1396;Customer-focused 5thgeneration synergy;Steven Wolf;47;870;2023-06-04 01:09:24.000;38570414183;4
1397;Cloned needs-based toolset;Kelli Horne;513;644;2024-04-27 14:33:18.000;78205310427;5
1398;Pre-emptive incremental budgetary management;Mr. Jacob Hall;868;877;2024-01-27 00:54:33.000;54922419261;8
1399;Total impactful help-desk;Dawn Flynn;710;397;2022-08-10 14:50:27.000;49153932595;2
1400;Persevering user-facing open system;Jeffery Dennis;139;392;2022-12-07 03:11:35.000;97294867235;8
1401;Operative fresh-thinking frame;Lance Mcintyre;790;989;2023-10-19 07:18:14.000;31415007660;1
1402;Customizable tangible policy;Sarah Green;741;222;2023-09-27 23:52:24.000;24632956781;4
1403;De-engineered cohesive collaboration;William Bradford;681;800;2022-08-22 22:06:20.000;63373988181;10
1404;Compatible global matrix;Bruce Johnson;999;483;2023-06-15 08:27:35.000;49861853984;7
1405;User-centric high-level budgetary management;Kristin Carlson;568;31;2023-07-28 01:41:09.000;48938798172;4
1406;Implemented systemic solution;Jasmine Palmer;512;87;2022-08-21 11:21:10.000;55058965204;1
1407;Object-based incremental infrastructure;Jennifer Garrett;874;475;2022-08-28 20:07:08.000;44633319974;9
1408;Virtual even-keeled parallelism;David Peterson;693;170;2023-11-05 17:01:37.000;47309068237;5
1409;Pre-emptive zero tolerance flexibility;April Torres;943;367;2024-02-11 04:09:05.000;44934583560;9
1410;Triple-buffered analyzing functionalities;Kenneth Martinez;329;816;2023-08-22 06:55:38.000;88558156636;10
1411;Persistent modular Local Area Network;Cheryl Hays;681;669;2024-04-21 16:13:36.000;50976970700;5
1412;Innovative eco-centric artificial intelligence;Jason Lewis;537;907;2024-04-22 04:29:53.000;52036695063;9
1413;Reduced radical encryption;Stacie Gonzales;48;359;2024-05-28 00:02:12.000;24948550464;8
1414;Enterprise-wide context-sensitive open architecture;Shannon Stephens;329;816;2024-02-03 07:50:08.000;27415276614;2
1415;Cross-platform clear-thinking knowledgebase;Jennifer Morales;482;936;2022-08-05 10:52:50.000;54721154944;9
1416;Optimized grid-enabled solution;Jennifer Campbell;710;655;2023-08-19 00:25:45.000;70465720906;6
1417;Automated bi-directional moratorium;Alan Callahan;248;813;2023-01-05 22:59:43.000;56877273532;9
1418;Organic analyzing Internet solution;Clifford Flores;976;5;2023-06-05 12:35:54.000;92411479538;3
1419;Implemented mobile paradigm;Sharon Roberson;859;270;2023-05-15 09:50:49.000;74082300392;3
1420;User-friendly intangible encoding;Jose Smith;383;883;2023-11-23 05:18:31.000;47920432474;8
1421;Intuitive 24/7 orchestration;Janice Berg;479;110;2023-02-28 05:32:24.000;27445074884;2
1422;Self-enabling asymmetric intranet;Ashley Parker;892;673;2023-02-01 02:17:53.000;13794449389;3
1423;Customizable tangible policy;Sarah Green;741;222;2023-09-27 23:52:24.000;54421302309;4
1424;Automated bi-directional moratorium;Alan Callahan;923;228;2024-01-01 18:47:29.000;90732151998;3
1425;Up-sized regional open system;Samantha Murphy;170;707;2023-06-11 00:35:02.000;83372579959;2
1426;Advanced user-facing open architecture;Lydia Daniel;571;717;2024-03-16 15:54:06.000;28748661826;4
1427;Vision-oriented high-level frame;Karen Montoya;158;731;2024-03-30 07:44:48.000;97474787548;9
1428;Exclusive mission-critical structure;Gabriel Rice;481;94;2023-10-24 20:07:49.000;94394592554;4
1429;Devolved 5thgeneration installation;Diana Strickland;297;575;2024-04-06 04:38:30.000;33687954461;2
1430;Open-source neutral service-desk;Lauren Ray;532;307;2022-10-10 15:19:15.000;97947979795;10
1431;Down-sized discrete interface;Wendy Wright;425;672;2024-03-20 07:12:38.000;47902488803;10
1432;Front-line dedicated project;Jennifer Rose;267;799;2022-09-10 07:23:06.000;57813925201;3
1433;Horizontal modular extranet;Dawn Hill;28;21;2023-03-12 16:41:40.000;27472670364;8
1434;Synergized content-based challenge;Patricia Brown;385;706;2022-10-16 20:23:45.000;28373443817;2
1435;Face-to-face needs-based approach;Christy Martinez;394;962;2024-02-10 04:00:02.000;67179902024;4
1436;Polarized upward-trending matrix;Stephen Sweeney;826;226;2023-12-12 21:36:57.000;71064638524;4
1437;Operative radical neural-net;Catherine Clark;406;639;2022-07-30 01:09:21.000;53733227173;6
1438;Compatible attitude-oriented circuit;William Ochoa;444;614;2022-08-25 23:15:13.000;76651466698;6
1439;Vision-oriented scalable success;Kimberly Garcia;480;317;2023-01-07 19:11:49.000;98325676769;9
1440;Secured methodical groupware;Sandra Garner;48;676;2023-06-12 04:17:46.000;46542900687;10
1441;Stand-alone system-worthy hardware;Kimberly Malone;766;896;2023-08-13 03:02:49.000;71849757175;8
1442;Ameliorated tertiary application;Jeffery Wilson;332;153;2023-05-02 08:43:55.000;60521619227;5
1443;Universal multimedia knowledgebase;Rebekah Salazar;998;380;2024-04-08 04:12:16.000;41291817744;8
1444;Cross-group full-range database;Steven Beltran;450;973;2024-06-09 19:28:38.000;49153932595;6
1445;Adaptive asynchronous support;Jessica Ramos;541;993;2022-09-08 01:27:11.000;34950986350;6
1446;Polarized discrete infrastructure;Brian James;264;70;2023-04-24 07:58:08.000;75192141150;1
1447;Reverse-engineered mission-critical process improvement;David Browning III;425;672;2022-10-27 15:58:13.000;91234933544;7
1448;Front-line dedicated project;Jennifer Rose;830;716;2023-11-01 21:26:10.000;66145530658;1
1449;Automated bifurcated pricing structure;Andrea Delgado;374;468;2024-04-09 18:04:30.000;83464186676;4
1450;Optional solution-oriented initiative;Jill Morris;620;220;2022-08-06 04:15:56.000;63962361638;7
1451;Focused systemic task-force;Amber Camacho;346;736;2022-11-05 10:31:39.000;88395715553;3
1452;Exclusive mission-critical structure;Gabriel Rice;481;94;2023-10-24 20:07:49.000;32417035995;7
1453;Re-engineered background task-force;Erica Porter;159;534;2022-08-03 18:09:15.000;72614972913;3
1454;Optimized eco-centric strategy;Jennifer James;356;865;2023-04-24 22:14:53.000;13231220869;7
1455;Operative modular Internet solution;Robert Chavez;643;650;2024-05-19 16:15:22.000;57145234311;9
1456;Ameliorated tertiary application;Jeffery Wilson;332;153;2023-05-02 08:43:55.000;84637350664;1
1457;Automated asymmetric emulation;Edward Simpson;556;95;2024-04-28 16:33:41.000;59430207391;9
1458;Reduced disintermediate data-warehouse;Jeffrey Medina;158;731;2023-10-04 14:24:56.000;62122638031;2
1459;Exclusive eco-centric customer loyalty;Brian Roth;720;240;2022-08-11 17:10:41.000;35935657091;8
1460;Inverse methodical superstructure;Jacob Harris;671;926;2023-09-08 02:58:18.000;90684298631;9
1461;Ergonomic systematic task-force;Sean Watson;279;620;2022-10-17 21:42:54.000;55030888918;3
1462;Pre-emptive clear-thinking throughput;Veronica Kirby;546;234;2023-08-01 10:20:38.000;73703359641;10
1463;Open-source optimizing parallelism;Brandy Thompson;67;609;2022-07-09 11:48:00.000;15904029681;7
1464;Reduced eco-centric infrastructure;Justin Bowman;848;531;2024-01-02 20:14:10.000;56452739655;1
1465;Upgradable optimal ability;Jason Newman;882;547;2023-10-01 05:56:54.000;77688957737;6
1466;Secured regional Internet solution;Joseph Mcconnell;1;281;2023-07-08 18:36:09.000;68485834336;1
1467;Devolved optimizing initiative;Timothy Ramirez;198;565;2024-05-25 10:53:54.000;55361129160;7
1468;Universal encompassing migration;Catherine Anderson;277;442;2022-08-02 04:20:20.000;28859875304;4
1469;Digitized mobile project;Lucas Simmons;47;11;2023-08-25 10:15:37.000;51204706093;3
1470;Reduced bifurcated website;Tanya Wright;734;21;2022-12-04 18:29:45.000;47318366921;1
1471;Up-sized dedicated function;Sarah Miller;843;579;2023-02-06 00:10:54.000;19030016504;6
1472;Right-sized next generation moderator;Charles Golden;703;640;2024-05-18 18:47:32.000;16826090259;6
1473;Reduced eco-centric infrastructure;Justin Bowman;817;794;2023-06-24 03:07:28.000;21618516605;1
1474;Open-source multimedia support;Nancy Mccall;451;592;2022-11-02 00:39:28.000;21618516605;3
1475;Public-key didactic encryption;Rodney Miller;424;116;2024-02-28 22:26:56.000;83169493979;7
1476;Open-architected coherent implementation;Michael Tucker;628;329;2022-11-25 18:11:53.000;14022235003;3
1477;Upgradable contextually-based strategy;Austin Webster;218;767;2023-01-13 02:50:13.000;26186683812;7
1478;Organized high-level strategy;Nicole Vasquez;61;202;2023-12-17 15:38:00.000;34086996035;5
1479;Innovative eco-centric artificial intelligence;Jason Lewis;537;907;2024-04-22 04:29:53.000;41537222134;9
1480;Future-proofed web-enabled concept;Kimberly Morris;313;913;2024-01-04 04:40:51.000;96128852129;3
1481;Phased content-based knowledge user;Crystal Carrillo;467;477;2023-07-22 11:24:47.000;94394592554;7
1482;Future-proofed asynchronous portal;Lisa Payne;504;954;2022-07-01 03:28:24.000;65055321774;10
1483;Proactive object-oriented customer loyalty;Craig Williams;861;184;2024-01-06 23:08:01.000;13903989611;10
1484;Persistent discrete model;Melissa Jones;771;141;2023-04-06 00:21:42.000;44042887544;1
1485;Assimilated regional concept;Aaron Harrison;501;643;2023-10-05 19:51:31.000;61924904859;5
1486;Expanded zero-defect database;Nancy Dennis;109;123;2023-03-07 04:48:10.000;35630580546;6
1487;Centralized zero administration project;Sean Oliver;121;244;2022-11-15 02:31:01.000;82572177773;10
1488;Horizontal eco-centric projection;Karen Dillon;871;55;2023-02-11 17:22:48.000;58066973177;9
1489;Ergonomic systematic task-force;Sean Watson;279;620;2022-10-17 21:42:54.000;46750389503;8
1490;Reduced logistical policy;Renee Wong;660;259;2024-03-14 11:08:42.000;27472670364;6
1491;Self-enabling actuating orchestration;Stephanie Clark;870;582;2024-05-31 08:13:07.000;26337993869;3
1492;Down-sized discrete interface;Wendy Wright;425;672;2024-03-20 07:12:38.000;29053664959;3
1493;Inverse tangible info-mediaries;Victoria Olson;155;573;2023-02-05 14:07:06.000;58571737623;9
1494;Secured regional Internet solution;Joseph Mcconnell;1;281;2023-07-08 18:36:09.000;19593735589;4
1495;Focused composite neural-net;Rebecca Lester;955;50;2024-04-27 21:34:52.000;84894400627;7
1496;Implemented leadingedge benchmark;Aaron Carlson;706;825;2023-12-20 00:39:38.000;56431072717;8
1497;Extended national secured line;John Gonzales;926;559;2023-03-20 13:14:34.000;42861750437;5
1498;Persistent modular Local Area Network;Cheryl Hays;681;669;2024-04-21 16:13:36.000;39612967751;3
1499;Automated 5thgeneration access;Christine Joyce;375;40;2024-05-04 10:37:45.000;20884443347;8
1500;Synergistic optimal ability;Judith Evans;337;957;2023-10-30 11:24:32.000;63738832333;7
1501;Quality-focused uniform workforce;Gary Owens;362;492;2023-07-23 22:23:30.000;17006687371;5
1502;Fully-configurable hybrid neural-net;Kelly Nunez;264;736;2024-03-26 14:31:00.000;57282633750;3
1503;Integrated optimal core;Stacey Meza;816;532;2023-12-23 03:17:48.000;34086996035;1
1504;Quality-focused transitional project;Juan Wells;75;529;2023-11-19 03:27:16.000;51867725221;4
1505;Secured intermediate support;Jennifer Blackburn;954;4;2023-05-30 13:03:09.000;86921252012;4
1506;Triple-buffered static Local Area Network;Daryl Hansen Jr.;799;924;2023-10-24 04:58:06.000;73358350892;9
1507;Right-sized incremental workforce;Shaun Cummings;948;213;2023-01-03 15:45:43.000;56565550734;9
1508;Synchronized multi-state leverage;Mrs. Sarah Rodriguez DDS;790;989;2024-04-03 07:40:58.000;68890838023;3
1509;Compatible zero-defect protocol;Michael Hicks;880;642;2023-11-14 18:03:02.000;26634538806;2
1510;Multi-tiered 3rdgeneration frame;Brad Gomez;871;771;2023-11-22 11:11:47.000;90426137948;1
1511;Versatile optimizing paradigm;Lisa Weeks;641;403;2022-08-19 02:19:37.000;47016019624;4
1512;Enterprise-wide homogeneous middleware;Shannon Meyer;758;917;2022-11-21 01:53:34.000;26883834273;7
1513;De-engineered intermediate infrastructure;Kerry Brady;683;96;2023-04-01 03:27:15.000;65055321774;4
1514;Customizable object-oriented adapter;Kevin Evans;939;827;2023-09-12 01:41:59.000;35224997006;10
1515;Fundamental asynchronous info-mediaries;Debbie Aguilar;321;770;2022-12-24 11:06:27.000;89799527507;1
1516;Enterprise-wide user-facing open system;Lucas Johnson;581;713;2024-05-28 15:31:32.000;66660976153;7
1517;Fundamental asynchronous info-mediaries;Debbie Aguilar;290;752;2023-01-27 01:51:38.000;51275517784;6
1518;Object-based national framework;Sarah Stewart;770;910;2023-07-11 13:45:26.000;40268224114;5
1519;Ameliorated client-server migration;Jessica Bailey;720;240;2022-11-26 16:18:46.000;66230232620;4
1520;Robust eco-centric artificial intelligence;John King;520;738;2023-11-27 11:30:13.000;49743622822;7
1521;Open-architected needs-based utilization;Levi Nguyen;858;86;2022-09-08 14:30:18.000;67866951246;7
1522;Reduced interactive paradigm;Samantha Rodriguez;408;433;2023-01-27 21:28:59.000;37379978391;4
1523;Distributed motivating process improvement;Vincent Lewis;768;940;2023-07-08 09:00:25.000;97199690286;9
1524;Exclusive eco-centric customer loyalty;Brian Roth;650;564;2023-07-02 08:13:21.000;39727696983;8
1525;Function-based background extranet;Laurie David;766;896;2023-11-09 04:20:27.000;26130352983;2
1526;Mandatory heuristic array;Melissa Cox;822;288;2023-09-26 06:05:34.000;26117329290;9
1527;Stand-alone 4thgeneration success;James Brown;158;731;2024-02-26 19:07:31.000;40204292880;5
1528;Open-source motivating knowledge user;Savannah Thomas;342;45;2024-03-12 07:19:24.000;53826095829;3
1529;Multi-layered client-server leverage;Garrett Roman;481;94;2022-10-14 22:45:19.000;51374891173;9
1530;Profound 6thgeneration productivity;Beth Moses;436;277;2023-07-26 16:58:06.000;60726268572;7
1531;Function-based dynamic framework;Kathryn Austin;826;637;2023-01-27 12:37:22.000;37379978391;3
1532;Expanded zero-defect database;Nancy Dennis;710;870;2023-11-28 10:25:56.000;70428008184;6
1533;Extended bottom-line toolset;Lonnie Flores;893;857;2023-07-20 14:22:22.000;25914448460;6
1534;Grass-roots dedicated time-frame;Jim Rivera II;721;745;2022-12-01 14:27:56.000;25504494527;8
1535;Total empowering flexibility;Hector Lee;483;431;2023-10-30 23:35:22.000;92567270096;5
1536;Synergized even-keeled definition;Barbara Cochran;963;648;2023-05-23 17:27:34.000;24957374537;7
1537;Networked heuristic orchestration;Miss Valerie Martinez;380;371;2022-12-10 23:36:41.000;45667928361;7
1538;Versatile interactive concept;Christopher Morris;379;738;2024-03-28 17:11:35.000;85644115722;7
1539;Inverse next generation support;Melissa Jones;715;928;2024-05-04 21:44:05.000;71280521306;2
1540;Persistent discrete model;Melissa Jones;771;141;2023-04-06 00:21:42.000;11122737279;6
1541;Expanded zero-defect database;Nancy Dennis;710;870;2023-11-28 10:25:56.000;59265884835;9
1542;Exclusive holistic collaboration;Laura Day;155;573;2022-09-26 19:10:47.000;98433467067;3
1543;Optimized encompassing moratorium;Alison Wright;598;917;2022-07-01 08:48:12.000;68985309625;6
1544;Open-source motivating knowledge user;Savannah Thomas;342;45;2024-03-12 07:19:24.000;23724895734;7
1545;Multi-layered eco-centric open system;Joshua Day;889;755;2022-07-11 17:16:23.000;82384445717;9
1546;Customizable optimal contingency;Regina Moore;506;460;2023-10-17 01:02:36.000;36425380151;1
1547;Horizontal modular extranet;Dawn Hill;28;21;2023-03-12 16:41:40.000;56004541581;6
1548;Streamlined well-modulated implementation;Daniel Berg;406;639;2022-10-08 17:20:33.000;83438629774;9
1549;Versatile 4thgeneration hardware;Ronald Hendricks;373;473;2024-06-10 12:16:38.000;30605353829;6
1550;Secured holistic toolset;Stephanie Bryan DDS;889;755;2024-05-19 18:57:26.000;14749806036;1
1551;Customer-focused user-facing capability;Tyler Morrison;165;653;2024-06-23 12:02:55.000;74725187952;5
1552;Horizontal eco-centric projection;Karen Dillon;871;55;2023-02-11 17:22:48.000;31803108111;3
1553;Streamlined well-modulated implementation;Daniel Berg;24;213;2022-12-07 00:08:10.000;74725187952;6
1554;Synergistic global artificial intelligence;Hannah Lewis;233;549;2024-01-17 08:30:09.000;17793663581;3
1555;Distributed optimal system engine;Shannon Marsh;430;936;2023-07-23 15:34:44.000;34950986350;4
1556;Ergonomic value-added open system;Candace Whitaker;685;395;2024-04-28 18:21:51.000;99589679579;10
1557;Enhanced directional encoding;Isaiah Mcdonald;359;94;2023-12-27 01:19:55.000;29232995987;8
1558;Future-proofed demand-driven productivity;Joseph Gentry DDS;199;496;2023-03-14 21:57:53.000;89453666310;3
1559;Public-key content-based complexity;Alicia Davenport;573;420;2022-12-31 17:04:20.000;22272864804;3
1560;Organized composite customer loyalty;Jacob Duran;355;923;2023-10-12 02:16:14.000;92590961503;3
1561;Public-key attitude-oriented intranet;James Zhang;810;887;2022-09-27 07:49:12.000;72867809444;1
1562;Expanded zero-defect database;Nancy Dennis;109;123;2023-03-07 04:48:10.000;12732076684;1
1563;Monitored local success;Dylan Rodriguez;97;902;2022-12-16 07:42:30.000;73824219783;5
1564;Open-architected maximized paradigm;Aaron Lam;475;735;2023-01-23 14:44:22.000;16230514952;7
1565;Extended national budgetary management;Joshua Dean;1000;92;2024-04-21 07:01:09.000;54602856798;8
1566;Multi-lateral even-keeled interface;Austin Adams;290;291;2023-01-09 19:34:08.000;52560326206;3
1567;Devolved optimizing initiative;Stephen Wu;461;349;2023-05-03 03:45:35.000;38864552703;2
1568;Persevering bandwidth-monitored throughput;Caleb Hart;241;838;2024-05-10 05:36:12.000;30561306449;5
1569;Re-engineered scalable encryption;Mr. Chad Collins;621;72;2024-01-09 16:00:50.000;71567940722;9
1570;Realigned didactic hub;Tammy Smith;990;70;2024-05-18 17:07:20.000;56877273532;5
1571;Function-based non-volatile hardware;Mr. Michael Bray;234;539;2023-01-29 17:20:17.000;23095601651;6
1572;Ergonomic encompassing functionalities;Samantha Mccoy DDS;763;98;2022-10-23 21:47:10.000;79698433805;6
1573;Down-sized discrete interface;Wendy Wright;425;672;2024-03-20 07:12:38.000;17645562566;10
1574;Enhanced real-time software;Anthony Bailey;623;867;2023-02-06 01:39:12.000;61201420657;3
1575;User-friendly encompassing synergy;Elizabeth Woods;406;400;2023-11-21 11:14:00.000;81087120592;2
1576;Compatible discrete pricing structure;Vanessa Frank;811;488;2022-11-04 11:31:09.000;60366815946;2
1577;Ergonomic system-worthy website;Troy Wang;590;8;2024-03-02 20:46:43.000;53798664046;8
1578;Proactive 3rdgeneration website;Keith Skinner;366;565;2024-03-30 11:10:48.000;39027167235;9
1579;Upgradable contextually-based strategy;Austin Webster;218;767;2023-01-13 02:50:13.000;75404566173;9
1580;Enterprise-wide object-oriented website;Danielle Black;634;919;2024-01-16 11:37:38.000;78205310427;7
1581;Synchronized exuding moratorium;John Davis;260;71;2023-05-12 01:53:11.000;61366318188;8
1582;Object-based national protocol;Richard Mitchell;199;505;2023-03-13 22:42:41.000;10401290040;6
1583;Vision-oriented zero-defect synergy;Jerry Chapman;758;487;2023-03-17 08:55:46.000;31833038691;2
1584;Organic composite strategy;Steven Morgan;267;799;2023-05-18 15:56:30.000;25914448460;4
1585;Visionary cohesive artificial intelligence;Todd Wilson;997;604;2022-11-16 13:39:23.000;45269702844;3
1586;Profound tangible info-mediaries;Alexis Roberts;601;776;2024-03-01 17:05:56.000;89370575358;5
1587;Advanced next generation algorithm;Edward Morrison;172;248;2024-01-08 18:54:47.000;25504494527;1
1588;Customizable object-oriented adapter;Kevin Evans;939;827;2023-09-12 01:41:59.000;14454651276;3
1589;Optional 24/7 circuit;Kimberly Singh;297;575;2023-02-16 11:58:45.000;19030016504;3
1590;Phased fault-tolerant leverage;Robert Hayes;893;301;2024-04-30 06:45:26.000;61201420657;4
1591;Centralized scalable contingency;Troy Bishop IV;690;511;2023-01-24 02:00:16.000;79181109968;4
1592;Mandatory heuristic array;Melissa Cox;822;288;2023-09-26 06:05:34.000;45771041683;4
1593;Synergized next generation functionalities;Joseph Smith;830;716;2023-03-27 22:09:54.000;60521619227;9
1594;Centralized secondary approach;Leslie Kim;375;616;2023-06-26 13:22:08.000;49670787545;9
1595;Self-enabling encompassing interface;Christopher Garcia;219;592;2022-09-28 03:52:59.000;31639373994;6
1596;De-engineered dynamic neural-net;Christopher Wells;632;795;2022-07-12 08:33:13.000;28277357726;7
1597;Horizontal modular extranet;Dawn Hill;396;38;2023-07-08 08:48:55.000;83438629774;2
1598;Total impactful help-desk;Dawn Flynn;703;640;2022-08-30 14:26:58.000;14587602965;4
1599;Centralized secondary approach;Leslie Kim;252;646;2022-08-21 21:56:23.000;87047932017;1
1600;Centralized optimizing interface;James Williams;786;169;2024-04-05 01:42:58.000;86549204668;9
1601;Devolved national paradigm;Ricardo Levy;786;169;2022-12-16 03:13:47.000;72683068819;1
1602;Vision-oriented user-facing infrastructure;Jamie Sanchez;492;81;2024-03-31 20:39:44.000;98352563445;2
1603;Synergized even-keeled orchestration;Miranda Bailey;58;689;2023-11-09 07:58:23.000;15904029681;4
1604;Reduced disintermediate data-warehouse;Jeffrey Medina;158;731;2023-10-04 14:24:56.000;73824219783;7
1605;Self-enabling 6thgeneration matrix;Andrew Lowery;54;959;2023-10-22 01:33:54.000;11145348901;8
1606;Operative tangible focus group;Amanda Edwards;472;521;2023-12-30 11:07:54.000;36596189079;3
1607;Centralized secondary approach;Leslie Kim;252;646;2022-08-21 21:56:23.000;20901431103;4
1608;Reduced responsive pricing structure;Joseph Ramos;541;993;2023-05-11 01:51:41.000;64609114520;9
1609;Exclusive zero administration complexity;Ricardo Weeks;923;954;2023-04-14 09:59:28.000;85852079898;5
1610;Secured regional Internet solution;Joseph Mcconnell;982;24;2024-01-14 04:50:38.000;64109411748;3
1611;Optimized 24/7 framework;Rebecca Black;196;878;2022-07-25 18:23:16.000;39612967751;8
1612;User-friendly eco-centric leverage;Donald Morris;132;714;2024-01-15 05:16:08.000;26573736404;7
1613;Operative logistical portal;Tammy Aguilar;324;223;2022-10-16 23:39:54.000;23296955272;4
1614;Synergized contextually-based portal;Katelyn Gordon;386;863;2023-01-28 03:08:31.000;60678919663;6
1615;Open-source system-worthy matrix;Barbara Wolfe;533;935;2023-08-14 02:03:50.000;34593017470;6
1616;Distributed zero tolerance focus group;Justin Bridges;67;609;2023-09-08 22:44:53.000;58571737623;6
1617;Phased coherent utilization;Tammy Reid;294;634;2024-06-02 10:36:09.000;84326139862;9
1618;Extended bottom-line toolset;Lonnie Flores;893;857;2023-07-20 14:22:22.000;63629156597;8
1619;Realigned encompassing infrastructure;Alex Anderson;740;277;2023-01-12 04:32:31.000;38544797100;1
1620;Future-proofed content-based archive;Cynthia Villa;474;751;2024-04-12 06:47:01.000;68890838023;8
1621;Reduced logistical policy;Renee Wong;660;259;2024-03-14 11:08:42.000;41308476129;10
1622;Reactive homogeneous budgetary management;Kaitlin Hill;775;148;2023-03-14 01:59:14.000;48635603219;7
1623;Public-key foreground open system;Brett Hogan;232;134;2022-09-10 09:50:44.000;43654031465;2
1624;Adaptive asynchronous support;Jessica Ramos;914;660;2022-08-23 09:24:06.000;27383948841;6
1625;Re-engineered modular attitude;Shane Martinez;528;871;2022-10-23 10:42:58.000;91954738414;9
1626;Extended full-range monitoring;Laurie Foster;998;206;2022-07-15 06:08:00.000;10969349858;7
1627;Progressive eco-centric strategy;Jessica Roberson;629;711;2024-05-16 11:05:52.000;80661721495;2
1628;Centralized even-keeled open architecture;Rebecca Hodges;956;318;2023-11-02 14:25:45.000;17645562566;4
1629;Inverse interactive alliance;Ronald Mathis;475;735;2022-07-24 02:50:38.000;19307538087;5
1630;Balanced eco-centric encoding;James Williams;422;510;2024-02-04 01:05:57.000;27413375919;10
1631;Diverse next generation encryption;Amber Moore;826;637;2023-05-06 10:50:04.000;25516251249;2
1632;Business-focused tertiary throughput;Connie Thomas;249;476;2023-08-02 11:08:56.000;71567940722;1
1633;Enhanced reciprocal throughput;Michael Khan;855;793;2022-11-15 00:43:24.000;73940426972;1
1634;Public-key foreground open system;Brett Hogan;232;134;2022-09-10 09:50:44.000;39448738655;3
1635;Future-proofed fresh-thinking concept;Jordan Rodriguez;203;23;2023-07-19 20:09:48.000;41291817744;9
1636;Synergized content-based challenge;Patricia Brown;388;203;2022-12-06 13:48:40.000;73644687847;8
1637;Proactive foreground strategy;Kylie Roberts;95;806;2024-01-03 07:38:28.000;22287203549;8
1638;Realigned encompassing infrastructure;Alex Anderson;740;277;2023-01-12 04:32:31.000;57813925201;8
1639;Customer-focused human-resource firmware;Christopher Bauer Jr.;531;83;2022-09-06 17:52:18.000;29232995987;7
1640;Cloned asymmetric middleware;Jonathan Garcia;530;566;2023-11-04 17:40:21.000;75404566173;7
1641;Ameliorated stable service-desk;Michael Robinson;552;875;2023-06-29 00:29:17.000;86059052651;8
1642;Reduced transitional ability;Eric Blackburn;330;251;2023-04-19 07:19:34.000;44928131752;6
1643;Realigned cohesive definition;Wesley Wilson;639;701;2022-11-07 05:28:38.000;90600356587;8
1644;Total impactful help-desk;Dawn Flynn;703;640;2022-08-30 14:26:58.000;36425380151;10
1645;Focused eco-centric ability;Melinda Jones;634;919;2024-01-06 07:57:03.000;55614462333;1
1646;Optimized bandwidth-monitored budgetary management;Joseph Johns;906;475;2022-10-20 00:46:25.000;81260003359;2
1647;Vision-oriented well-modulated core;Kathleen Sims;887;909;2022-07-01 08:03:11.000;38528018157;9
1648;Reduced interactive paradigm;Samantha Rodriguez;408;433;2023-01-27 21:28:59.000;97939698132;5
1649;Optimized user-facing knowledgebase;Theodore Orr;3;162;2022-12-29 11:50:14.000;19307538087;5
1650;Cross-platform mobile forecast;Lisa Ross;368;388;2024-05-12 08:33:44.000;58967405966;1
1651;Progressive eco-centric strategy;Jessica Roberson;565;64;2023-03-07 23:44:04.000;76066053405;2
1652;Monitored even-keeled methodology;Gabrielle Herman;899;581;2024-01-27 22:33:38.000;13540256468;4
1653;Vision-oriented well-modulated core;Kathleen Sims;887;909;2022-07-01 08:03:11.000;85852079898;2
1654;Stand-alone uniform utilization;Samantha Jackson;869;532;2022-11-11 17:32:57.000;75143372818;4
1655;Profit-focused radical implementation;Jonathan Rios;645;377;2024-05-05 10:45:35.000;44633319974;4
1656;Organized high-level strategy;Nicole Vasquez;61;202;2023-12-17 15:38:00.000;20785420457;10
1657;Inverse methodical superstructure;Jacob Harris;671;926;2023-09-08 02:58:18.000;83367511403;1
1658;Profound tangible info-mediaries;Alexis Roberts;601;776;2024-03-01 17:05:56.000;46542900687;6
1659;Optimized 24/7 framework;Rebecca Black;196;878;2022-07-25 18:23:16.000;92397638722;9
1660;Ameliorated stable service-desk;Michael Robinson;552;875;2023-06-29 00:29:17.000;44934583560;9
1661;Triple-buffered systemic Local Area Network;Yvonne Ramsey;383;807;2023-12-29 03:09:00.000;17753398525;7
1662;Mandatory actuating intranet;Chelsea Beard;18;650;2023-11-16 06:28:59.000;36289477836;8
1663;Switchable explicit capacity;Patricia Jones;137;803;2023-11-08 00:19:24.000;77990079757;4
1664;Visionary value-added flexibility;Kristina Cooper;786;805;2022-12-01 06:49:53.000;55214526020;7
1665;Fundamental context-sensitive customer loyalty;Melanie Ortiz;22;657;2022-11-11 18:23:15.000;83784247886;4
1666;Triple-buffered client-server archive;Thomas Phillips;281;873;2022-11-27 21:40:43.000;62122638031;1
1667;Innovative eco-centric artificial intelligence;Jason Lewis;385;652;2023-10-03 08:36:24.000;83350490280;8
1668;Distributed optimal system engine;Shannon Marsh;428;487;2023-01-12 05:24:48.000;58571737623;6
1669;Cross-group full-range matrices;Lindsey Bailey;857;163;2024-06-15 20:29:03.000;96462507734;5
1670;Versatile cohesive moratorium;John Patel;380;587;2023-08-10 14:05:22.000;41527230848;5
1671;Diverse scalable Local Area Network;Russell Smith;993;670;2024-04-13 02:35:35.000;28277357726;4
1672;Pre-emptive content-based matrices;Chelsey Harrison;435;211;2023-06-21 18:18:15.000;39022094395;2
1673;Innovative eco-centric artificial intelligence;Jason Lewis;594;417;2024-06-22 19:52:01.000;99365216133;8
1674;Optimized logistical support;Elizabeth Crane;824;695;2022-10-05 14:03:16.000;18776366873;10
1675;Robust eco-centric artificial intelligence;John King;279;425;2024-02-02 23:12:12.000;63933999660;2
1676;User-friendly even-keeled toolset;Thomas Bradley;881;111;2024-01-29 06:26:26.000;52675035167;5
1677;Profound optimal matrices;Heather Strong;100;901;2022-10-05 07:06:28.000;72768461545;10
1678;Robust eco-centric artificial intelligence;John King;356;651;2023-10-30 00:53:54.000;84637350664;10
1679;Customizable system-worthy core;Amy Hickman;872;461;2023-09-28 13:32:33.000;63439039577;6
1680;Right-sized heuristic conglomeration;Scott Walker;263;125;2024-02-04 16:08:18.000;13384269009;7
1681;Centralized even-keeled open architecture;Rebecca Hodges;956;318;2023-11-02 14:25:45.000;28859875304;6
1682;Reverse-engineered content-based strategy;Stephen Griffin;599;950;2023-07-04 16:56:54.000;83253878978;9
1683;Programmable holistic encoding;Jennifer Cisneros;511;628;2024-02-24 03:13:19.000;64879437649;10
1684;Optimized holistic groupware;Joshua Davis;600;77;2023-05-30 09:55:10.000;60787826913;3
1685;User-centric even-keeled workforce;Linda Howell;741;222;2024-05-16 12:15:58.000;85523162814;6
1686;Organized composite customer loyalty;Jacob Duran;355;923;2023-10-12 02:16:14.000;60366815946;7
1687;Exclusive zero administration complexity;Ricardo Weeks;41;971;2024-01-02 13:33:01.000;54224576532;2
1688;Adaptive asynchronous support;Jessica Ramos;914;660;2022-08-23 09:24:06.000;66062020273;3
1689;Optimized systemic service-desk;Richard Simmons;456;187;2022-11-25 16:02:48.000;94401611427;5
1690;Pre-emptive incremental budgetary management;Mr. Jacob Hall;868;877;2024-01-27 00:54:33.000;34777767695;6
1691;Configurable hybrid knowledgebase;Beverly Robinson;99;424;2024-05-04 04:44:54.000;51661544402;5
1692;Right-sized incremental workforce;Shaun Cummings;679;900;2023-09-29 16:45:36.000;38544797100;2
1693;Cloned asymmetric middleware;Jonathan Garcia;716;87;2023-07-15 12:30:19.000;27199651122;9
1694;Advanced uniform initiative;Christopher Green;537;907;2023-01-15 12:11:25.000;64481692836;6
1695;Advanced demand-driven moratorium;Jamie Brewer;401;327;2022-10-27 15:11:15.000;94506361362;4
1696;Compatible uniform interface;Elizabeth Garza;634;592;2023-05-04 10:15:10.000;78205310427;5
1697;Versatile 4thgeneration hardware;Ronald Hendricks;373;473;2024-06-10 12:16:38.000;93801656140;7
1698;Triple-buffered empowering infrastructure;Lisa Sanchez;62;464;2022-08-09 22:20:04.000;50339603547;5
1699;Devolved non-volatile analyzer;Luis Gilbert;681;800;2022-12-18 04:23:51.000;12185248619;7
1700;Ameliorated client-server migration;Jessica Bailey;168;534;2023-10-15 15:41:46.000;58067159113;9
1701;User-centric intermediate analyzer;Stephanie Martinez;357;200;2023-04-06 13:39:39.000;21374212557;7
1702;Public-key intermediate focus group;Mark Escobar;532;307;2023-04-16 20:24:45.000;83874955917;2
1703;Optional 24/7 circuit;Kimberly Singh;689;514;2023-01-30 16:46:26.000;89789017072;1
1704;Triple-buffered client-server archive;Thomas Phillips;352;959;2023-03-06 20:42:39.000;41291817744;4
1705;Grass-roots bi-directional collaboration;Raymond Weber;488;866;2023-01-21 08:17:36.000;68371152657;1
1706;Switchable intermediate website;David Cohen;986;65;2024-06-14 11:43:25.000;38961885904;5
1707;Realigned grid-enabled structure;Bruce White;188;408;2024-04-29 08:59:27.000;31803108111;6
1708;Exclusive eco-centric customer loyalty;Brian Roth;720;240;2022-08-11 17:10:41.000;51046278776;1
1709;Implemented demand-driven Graphic Interface;Johnathan Martin;487;936;2024-04-30 00:51:04.000;28433649551;1
1710;Robust eco-centric artificial intelligence;John King;279;425;2024-02-02 23:12:12.000;21374212557;8
1711;Advanced reciprocal capability;Jane Sanchez;639;410;2023-11-19 03:34:39.000;85490980447;7
1712;Visionary cohesive artificial intelligence;Todd Wilson;997;604;2022-11-16 13:39:23.000;85658789334;7
1713;Programmable 24/7 migration;James Ellis;180;343;2023-12-08 02:29:58.000;58773718428;4
1714;Customizable tangible policy;Sarah Green;741;222;2023-09-27 23:52:24.000;66145530658;7
1715;Function-based dynamic framework;Kathryn Austin;734;21;2023-06-05 05:14:19.000;53826095829;5
1716;Automated asymmetric emulation;Edward Simpson;435;211;2023-11-01 16:27:33.000;83350490280;7
1717;Triple-buffered static Local Area Network;Daryl Hansen Jr.;799;924;2023-10-24 04:58:06.000;15399042009;3
1718;Open-source 6thgeneration algorithm;Leslie Sandoval;677;272;2022-11-09 08:54:30.000;66577788269;4
1719;Persistent object-oriented hierarchy;Samuel Meza;956;797;2023-10-18 05:51:19.000;58658813733;4
1720;Multi-layered user-facing superstructure;Samantha Spencer;267;799;2022-09-13 11:38:50.000;88478118431;3
1721;Extended impactful application;Brandy Garcia;47;870;2022-12-03 23:30:14.000;61201420657;2
1722;Vision-oriented asynchronous firmware;Joseph Johnson;520;88;2023-05-12 07:32:55.000;20785420457;10
1723;Ameliorated client-server migration;Jessica Bailey;168;534;2023-10-15 15:41:46.000;91234933544;8
1724;Pre-emptive next generation synergy;Joshua Cole;279;425;2023-06-01 11:40:05.000;11533119202;7
1725;Configurable hybrid knowledgebase;Beverly Robinson;99;424;2024-05-04 04:44:54.000;84918659511;1
1726;Polarized maximized toolset;John Castillo;72;112;2023-03-01 17:33:46.000;41291817744;7
1727;Cloned directional projection;Robert Fry;413;180;2023-01-19 23:43:37.000;63962361638;5
1728;Compatible dynamic functionalities;Megan Jacobson;886;860;2022-09-20 08:29:15.000;31855750985;1
1729;Multi-lateral solution-oriented contingency;Olivia Scott;478;833;2024-01-22 00:35:57.000;98438096111;10
1730;Polarized upward-trending matrix;Stephen Sweeney;826;226;2023-12-12 21:36:57.000;45685741054;2
1731;Inverse 3rdgeneration utilization;Patricia Crosby;926;559;2023-03-28 00:10:54.000;14587602965;10
1732;Stand-alone system-worthy hardware;Kimberly Malone;766;896;2023-08-13 03:02:49.000;31415007660;5
1733;Centralized optimizing interface;James Williams;991;735;2023-02-23 13:37:38.000;39612967751;10
1734;Multi-lateral foreground throughput;Valerie Barry;718;136;2023-11-08 10:09:35.000;88602929701;3
1735;Versatile optimizing paradigm;Lisa Weeks;641;403;2022-08-19 02:19:37.000;32249978054;2
1736;Secured methodical groupware;Sandra Garner;60;420;2024-05-18 21:09:50.000;69227799941;3
1737;Ameliorated stable service-desk;Michael Robinson;693;466;2024-01-03 04:47:21.000;45667928361;2
1738;Organic bandwidth-monitored product;Rebecca Harper;557;801;2023-11-06 10:12:36.000;98813867623;10
1739;Versatile background workforce;Stanley Harris;555;672;2023-08-14 07:58:50.000;55058965204;8
1740;Balanced eco-centric encoding;James Williams;422;510;2024-02-04 01:05:57.000;42932989325;8
1741;Distributed optimal system engine;Shannon Marsh;430;936;2023-07-23 15:34:44.000;96665122835;8
1742;Total impactful help-desk;Dawn Flynn;703;640;2022-08-30 14:26:58.000;31456369070;4
1743;Customer-focused non-volatile attitude;Thomas Parker;461;349;2022-09-10 04:09:36.000;60726268572;10
1744;Integrated optimal core;Stacey Meza;816;532;2023-12-23 03:17:48.000;54421302309;3
1745;Profound optimal matrices;Heather Strong;100;901;2022-10-05 07:06:28.000;87014792957;9
1746;Self-enabling modular initiative;Joseph Hill;197;940;2022-07-23 12:00:41.000;13231220869;7
1747;Proactive context-sensitive approach;Wanda Lawson;959;392;2024-01-06 12:26:14.000;17823688705;10
1748;Cross-platform user-facing circuit;Diana Sanchez;220;354;2023-04-06 10:02:45.000;72768461545;1
1749;Right-sized national capacity;Sharon Duffy;242;755;2023-08-09 02:41:30.000;83367511403;8
1750;Focused dynamic orchestration;Samantha Cardenas;531;83;2023-08-07 18:09:11.000;34599456846;7
1751;Mandatory solution-oriented knowledge user;Amy Brown;139;393;2022-07-11 09:26:02.000;47309068237;7
1752;Right-sized composite alliance;Elizabeth Taylor;581;497;2023-04-08 14:39:49.000;21374212557;1
1753;Optimized holistic groupware;Joshua Davis;600;77;2023-05-30 09:55:10.000;41159017226;6
1754;Profound context-sensitive artificial intelligence;Derrick Gonzalez;331;78;2024-06-02 22:40:24.000;12864109414;2
1755;Organic holistic framework;Deborah Johns;627;371;2023-09-03 19:47:45.000;52560326206;4
1756;Optimized grid-enabled solution;Jennifer Campbell;710;655;2023-08-19 00:25:45.000;89789017072;3
1757;Decentralized context-sensitive moderator;John Nguyen;401;354;2023-09-04 10:08:13.000;33164098092;7
1758;Decentralized discrete model;William Perry;143;798;2024-02-21 20:15:35.000;98887557433;5
1759;Multi-channeled static approach;Paula Ramirez;333;192;2023-08-02 04:07:04.000;38726391745;2
1760;Advanced reciprocal capability;Jane Sanchez;639;410;2023-11-19 03:34:39.000;51661544402;2
1761;Profound 6thgeneration productivity;Beth Moses;436;277;2023-07-26 16:58:06.000;63269952162;5
1762;Implemented leadingedge benchmark;Aaron Carlson;706;825;2023-12-20 00:39:38.000;31803108111;6
1763;Operative tangible focus group;Amanda Edwards;472;521;2023-12-30 11:07:54.000;21306873971;6
1764;Optional coherent standardization;Sheila Chen;877;62;2023-08-19 18:56:44.000;10827532525;8
1765;Multi-tiered fresh-thinking toolset;Brenda Chen;595;134;2023-03-12 18:56:47.000;13794449389;7
1766;Customizable tangible policy;Sarah Green;741;222;2023-09-27 23:52:24.000;83784247886;4
1767;Vision-oriented zero-defect synergy;Jerry Chapman;504;954;2023-10-27 04:48:33.000;11533119202;8
1768;Fundamental context-sensitive customer loyalty;Melanie Ortiz;72;967;2024-04-22 13:58:38.000;97341338586;7
1769;Robust methodical firmware;David Taylor;406;639;2023-02-28 11:13:19.000;44868687147;8
1770;Customer-focused uniform superstructure;Tina Moore;860;165;2023-11-27 02:38:10.000;46534942562;1
1771;Vision-oriented zero-defect synergy;Jerry Chapman;504;954;2023-10-27 04:48:33.000;77688957737;10
1772;Fully-configurable upward-trending process improvement;Alyssa Hernandez;586;271;2024-04-20 11:34:18.000;44600301285;1
1773;Business-focused tertiary throughput;Connie Thomas;249;476;2023-08-02 11:08:56.000;13620411127;3
1774;Balanced responsive architecture;Michael Reyes;675;50;2024-01-06 20:05:12.000;14652282142;1
1775;Programmable radical protocol;Douglas Andrews;641;403;2023-04-26 16:14:33.000;39727696983;7
1776;Balanced systematic website;Nicholas Miller;58;689;2023-07-22 09:06:51.000;90173667418;8
1777;Profit-focused radical implementation;Jonathan Rios;219;592;2024-01-23 00:14:37.000;41798350052;4
1778;Balanced responsive architecture;Michael Reyes;675;50;2024-01-06 20:05:12.000;31415007660;1
1779;Ameliorated tertiary info-mediaries;Thomas Herring;976;462;2024-04-06 04:24:43.000;41159017226;7
1780;Self-enabling modular initiative;Joseph Hill;197;940;2022-07-23 12:00:41.000;56565550734;3
1781;Profound asymmetric secured line;Kimberly Brown;737;742;2023-01-10 12:50:01.000;15599953341;6
1782;Enterprise-wide user-facing open system;Lucas Johnson;267;799;2024-01-27 15:01:38.000;18842094787;4
1783;Distributed didactic infrastructure;Samantha Lopez;210;914;2023-07-17 21:52:48.000;67695472232;10
1784;Fundamental asynchronous info-mediaries;Debbie Aguilar;290;752;2023-01-27 01:51:38.000;13903989611;10
1785;Compatible global matrix;Bruce Johnson;999;483;2023-06-15 08:27:35.000;25598940718;10
1786;Optional 24/7 circuit;Kimberly Singh;297;575;2023-02-16 11:58:45.000;46478279288;5
1787;Programmable clear-thinking Local Area Network;Jerry Farmer;399;501;2023-05-13 16:46:41.000;28748661826;3
1788;Fully-configurable reciprocal workforce;Sean Alvarez;361;817;2023-06-10 03:13:54.000;38930241481;5
1789;Assimilated regional concept;Aaron Harrison;501;643;2023-10-05 19:51:31.000;72660935767;1
1790;Advanced next generation algorithm;Edward Morrison;172;248;2024-01-08 18:54:47.000;15399042009;6
1791;Self-enabling 6thgeneration matrix;Andrew Lowery;54;959;2023-10-22 01:33:54.000;11703132419;9
1792;Right-sized dedicated middleware;Rebecca Villa;765;149;2022-08-28 06:11:05.000;22719891170;2
1793;Reduced transitional ability;Eric Blackburn;330;251;2023-04-19 07:19:34.000;83128318967;7
1794;Universal coherent standardization;Kelly Ruiz;401;327;2024-03-06 00:54:38.000;74725187952;7
1795;Phased foreground projection;Teresa Mccall;693;170;2023-02-14 23:33:14.000;72682524393;10
1796;Profit-focused tertiary knowledgebase;Tammy Harrison;906;142;2023-04-17 19:38:39.000;93019134381;9
1797;Optimized grid-enabled solution;Jennifer Campbell;710;655;2023-08-19 00:25:45.000;17816204488;5
1798;Persistent multi-tasking moderator;Sara Clark;320;119;2022-07-28 14:21:28.000;52012834864;10
1799;Customer-focused user-facing capability;Tyler Morrison;786;621;2022-11-08 01:37:11.000;70702095624;1
1800;Re-engineered discrete Internet solution;Maria Scott;397;852;2024-04-26 18:14:43.000;56431072717;3
1801;Reduced logistical policy;Renee Wong;328;303;2023-10-30 15:55:10.000;44694084531;1
1802;Centralized value-added budgetary management;Matthew Andrews;555;676;2023-10-10 08:16:03.000;78355099861;10
1803;Pre-emptive incremental budgetary management;Mr. Jacob Hall;375;616;2023-06-25 09:04:43.000;51204706093;6
1804;User-friendly intangible encoding;Jose Smith;80;268;2022-11-28 03:10:11.000;15692062762;6
1805;Extended impactful application;Brandy Garcia;202;572;2023-02-25 19:32:21.000;20059373931;9
1806;Synchronized multi-state leverage;Mrs. Sarah Rodriguez DDS;454;74;2023-12-11 17:25:06.000;59163051126;1
1807;Innovative upward-trending solution;David Coleman;811;488;2023-08-22 16:55:27.000;20451123755;9
1808;User-friendly empowering archive;Dakota Brewer;216;506;2023-10-07 17:54:06.000;87947319370;9
1809;Pre-emptive regional capability;Jennifer Stone;36;57;2023-04-19 01:26:46.000;37420091001;10
1810;Optimized grid-enabled help-desk;Shannon Doyle;552;748;2024-01-18 23:32:07.000;12783267896;6
1811;Adaptive asynchronous support;Jessica Ramos;758;487;2024-02-19 16:08:08.000;72768461545;2
1812;Ameliorated encompassing initiative;Meghan Carroll;93;327;2022-10-06 16:34:56.000;50630420337;10
1813;Innovative background neural-net;Joseph Sanchez;271;47;2023-11-23 11:04:38.000;27634980521;3
1814;Synergistic fresh-thinking intranet;Abigail Owens;956;887;2023-08-10 02:07:00.000;80370948209;4
1815;Multi-layered uniform monitoring;Rebecca Johnson;574;851;2023-01-27 17:56:00.000;24590332384;9
1816;Profound bifurcated solution;David Reynolds;617;811;2024-02-15 04:55:32.000;95131855667;6
1817;Cloned asymmetric middleware;Jonathan Garcia;530;566;2023-11-04 17:40:21.000;49751907355;8
1818;Compatible dynamic functionalities;Megan Jacobson;886;860;2022-09-20 08:29:15.000;75027094836;10
1819;Robust methodical firmware;David Taylor;586;271;2023-08-22 19:55:55.000;48686009813;9
1820;Multi-layered eco-centric open system;Joshua Day;590;8;2023-05-14 16:54:18.000;33359126797;2
1821;Self-enabling 6thgeneration matrix;Andrew Lowery;456;90;2023-05-03 10:44:24.000;84326139862;4
1822;Configurable hybrid knowledgebase;Beverly Robinson;99;424;2024-05-04 04:44:54.000;71249407669;2
1823;Vision-oriented high-level frame;Karen Montoya;677;272;2024-01-20 00:24:06.000;83464186676;2
1824;Function-based dynamic framework;Kathryn Austin;734;21;2023-06-05 05:14:19.000;47318366921;5
1825;Advanced user-facing open architecture;Lydia Daniel;571;717;2024-03-16 15:54:06.000;36902877008;4
1826;Ameliorated client-server migration;Jessica Bailey;168;534;2023-10-15 15:41:46.000;41872106605;5
1827;Ameliorated mission-critical paradigm;Todd Brown;237;690;2023-11-28 21:24:12.000;32123272715;10
1828;Phased foreground projection;Teresa Mccall;693;170;2023-02-14 23:33:14.000;79044275967;9
1829;Open-source multimedia support;Nancy Mccall;451;592;2022-11-02 00:39:28.000;32372311062;10
1830;Synergistic fresh-thinking intranet;Abigail Owens;619;209;2022-08-16 19:14:44.000;34378461939;8
1831;Visionary cohesive artificial intelligence;Todd Wilson;381;158;2023-10-08 07:37:43.000;59358262918;5
1832;Mandatory global function;Melissa Freeman;676;890;2022-08-12 09:28:05.000;39027167235;7
1833;Phased user-facing extranet;Jill Evans;316;69;2023-02-24 08:31:30.000;60930561883;7
1834;Enterprise-wide context-sensitive open architecture;Shannon Stephens;329;816;2024-02-03 07:50:08.000;52675035167;8
1835;Synergistic optimal ability;Judith Evans;337;957;2023-10-30 11:24:32.000;68631034926;5
1836;Fundamental national matrices;Angela Zhang;801;992;2023-01-02 11:20:48.000;53733227173;2
1837;Re-engineered tertiary challenge;Vanessa Vang;791;313;2024-01-18 13:56:18.000;77208208128;6
1838;Digitized mobile project;Lucas Simmons;47;11;2023-08-25 10:15:37.000;56864151022;3
1839;Automated optimizing policy;James Rodriguez DDS;459;7;2022-09-17 09:49:05.000;53786211702;6
1840;Profound bifurcated solution;David Reynolds;617;811;2024-02-15 04:55:32.000;68985309625;5
1841;Front-line even-keeled portal;Victoria Luna;895;41;2023-12-13 08:26:52.000;75192141150;6
1842;Mandatory heuristic array;Melissa Cox;462;720;2023-12-06 01:27:06.000;44819434358;7
1843;Cloned needs-based toolset;Kelli Horne;513;644;2024-04-27 14:33:18.000;58665666123;7
1844;Devolved optimizing initiative;Timothy Ramirez;740;171;2023-09-19 20:57:38.000;54922419261;6
1845;Quality-focused uniform workforce;Gary Owens;362;492;2023-07-23 22:23:30.000;63523899313;8
1846;Horizontal modular extranet;Dawn Hill;28;21;2023-03-12 16:41:40.000;50339603547;6
1847;Intuitive secondary functionalities;Cristian Atkins;328;640;2023-02-12 18:50:48.000;71572886671;5
1848;Open-architected needs-based utilization;Levi Nguyen;858;86;2022-09-08 14:30:18.000;80661721495;6
1849;Expanded zero-defect database;Nancy Dennis;109;123;2023-03-07 04:48:10.000;49348367072;10
1850;Ergonomic value-added matrices;Carla Johnson;713;528;2024-04-30 04:31:49.000;20059373931;2
1851;Sharable impactful encoding;Brian Riggs;513;644;2022-08-02 18:22:54.000;95580884141;4
1852;Grass-roots tertiary function;Jonathan Butler;137;176;2022-08-03 02:49:41.000;35206095128;1
1853;Extended bottom-line toolset;Lonnie Flores;893;857;2023-07-20 14:22:22.000;77208208128;2
1854;Synergistic global artificial intelligence;Hannah Lewis;233;549;2024-01-17 08:30:09.000;66062020273;6
1855;Fully-configurable reciprocal workforce;Sean Alvarez;361;817;2023-06-10 03:13:54.000;79022954052;8
1856;Self-enabling 6thgeneration matrix;Andrew Lowery;54;959;2023-10-22 01:33:54.000;97199690286;2
1857;Fundamental context-sensitive customer loyalty;Melanie Ortiz;22;657;2022-11-11 18:23:15.000;62103478927;4
1858;Right-sized multi-tasking budgetary management;Gregory Ware;111;544;2023-03-19 00:05:55.000;96128852129;8
1859;Quality-focused uniform workforce;Gary Owens;362;492;2023-07-23 22:23:30.000;91360666865;4
1860;Pre-emptive incremental budgetary management;Mr. Jacob Hall;375;616;2023-06-25 09:04:43.000;64802171557;9
1861;Re-engineered scalable encryption;Mr. Chad Collins;621;72;2024-01-09 16:00:50.000;80322460307;7
1862;Re-engineered discrete Internet solution;Maria Scott;397;852;2024-04-26 18:14:43.000;93347822186;2
1863;Pre-emptive clear-thinking throughput;Veronica Kirby;54;959;2022-11-29 04:06:53.000;60678919663;7
1864;Customizable object-oriented adapter;Kevin Evans;939;827;2023-09-12 01:41:59.000;82572177773;5
1865;Customer-focused non-volatile attitude;Thomas Parker;692;5;2024-01-21 05:44:55.000;59745736639;10
1866;Compatible high-level installation;Mitchell Bell;627;371;2023-06-28 23:27:03.000;64673981533;5
1867;Multi-tiered 3rdgeneration frame;Brad Gomez;871;771;2023-11-22 11:11:47.000;82171869618;3
1868;Re-engineered scalable encryption;Mr. Chad Collins;210;914;2022-07-27 13:24:02.000;47016019624;2
1869;De-engineered actuating analyzer;Tiffany Curry;640;811;2022-11-10 09:30:43.000;81817965800;4
1870;Face-to-face needs-based approach;Christy Martinez;475;133;2023-03-18 21:24:41.000;85728104149;3
1871;Persistent tertiary service-desk;Kathleen Huang;640;804;2022-12-29 09:00:06.000;36140763389;9
1872;Public-key content-based complexity;Alicia Davenport;136;892;2023-08-07 07:58:09.000;51204706093;6
1873;Monitored incremental workforce;Jacob Avila;810;887;2022-10-21 15:52:26.000;84476907366;2
1874;Devolved intangible website;Daniel Dixon;925;959;2022-12-19 17:39:48.000;73223863292;4
1875;Synergized intangible intranet;Derrick Ho;371;757;2022-12-04 02:55:17.000;47067233201;4
1876;Polarized optimizing system engine;John Turner;106;980;2023-06-05 20:45:25.000;62198907121;5
1877;Pre-emptive clear-thinking throughput;Veronica Kirby;54;959;2022-11-29 04:06:53.000;27413375919;4
1878;Switchable intermediate website;David Cohen;986;65;2024-06-14 11:43:25.000;39874632581;2
1879;Reduced discrete website;Kathleen Evans;791;313;2022-07-07 20:39:03.000;87468121103;3
1880;Devolved zero tolerance firmware;Mark Wilcox;423;71;2024-06-01 14:20:38.000;74725187952;3
1881;Cross-group full-range database;Steven Beltran;450;973;2024-06-09 19:28:38.000;79132190221;10
1882;Switchable high-level encoding;Theresa Rice;621;72;2023-11-01 10:06:09.000;89453666310;8
1883;Integrated optimal core;Stacey Meza;816;532;2023-12-23 03:17:48.000;79022954052;10
1884;Ameliorated executive budgetary management;Jessica Smith;257;473;2023-07-24 13:26:51.000;40715304449;2
1885;User-friendly encompassing synergy;Elizabeth Woods;406;400;2023-11-21 11:14:00.000;12864109414;3
1886;Advanced client-driven framework;Tiffany Cole;587;835;2023-11-01 10:33:12.000;25410802200;1
1887;User-friendly empowering archive;Dakota Brewer;127;869;2024-06-02 07:01:42.000;51128044866;2
1888;Persistent tertiary service-desk;Kathleen Huang;640;804;2022-12-29 09:00:06.000;45503199087;4
1889;Synergized system-worthy model;Brady Collins;809;484;2024-01-19 19:32:03.000;44042887544;8
1890;Compatible zero-defect protocol;Michael Hicks;880;642;2023-11-14 18:03:02.000;76066053405;4
1891;De-engineered demand-driven circuit;Kathleen Davidson;210;620;2023-08-12 18:10:47.000;21371991363;2
1892;Reduced disintermediate data-warehouse;Jeffrey Medina;158;731;2023-10-04 14:24:56.000;36846499368;7
1893;Total impactful help-desk;Dawn Flynn;703;640;2022-08-30 14:26:58.000;50503008471;4
1894;Customer-focused global algorithm;Carol Mendoza;337;957;2024-04-14 21:23:54.000;66210077052;3
1895;Devolved multi-tasking contingency;Robert Frazier;954;796;2024-06-20 21:12:44.000;59784769022;3
1896;Open-architected coherent implementation;Michael Tucker;337;294;2022-12-19 21:00:02.000;15111640625;9
1897;Public-key attitude-oriented intranet;James Zhang;810;887;2022-09-27 07:49:12.000;14260320258;7
1898;Customizable object-oriented architecture;Wendy Mendoza;639;701;2022-09-15 00:07:15.000;50012683788;6
1899;Extended bandwidth-monitored conglomeration;Heather Brown;229;133;2023-04-06 09:19:20.000;44042887544;3
1900;Decentralized global architecture;James Parker;203;733;2022-11-24 12:22:30.000;52036695063;3
1901;Organic holistic framework;Deborah Johns;627;371;2023-09-03 19:47:45.000;49670787545;8
1902;Exclusive eco-centric customer loyalty;Brian Roth;650;564;2023-07-02 08:13:21.000;17253258569;3
1903;Phased coherent utilization;Tammy Reid;173;830;2023-10-05 19:42:24.000;79142157963;2
1904;Inverse didactic throughput;Russell Collins;515;749;2024-03-03 20:27:32.000;86418583041;3
1905;Extended full-range monitoring;Laurie Foster;998;206;2022-07-15 06:08:00.000;59344187677;9
1906;Extended impactful application;Brandy Garcia;47;870;2022-12-03 23:30:14.000;91867449753;8
1907;Configurable analyzing array;Jonathan Williams;282;839;2022-10-11 14:01:05.000;54456830016;3
1908;Phased coherent utilization;Tammy Reid;618;68;2023-01-17 00:51:10.000;37095948750;4
1909;Optimized 4thgeneration framework;Kristin Mckee;414;655;2023-08-16 03:30:15.000;51661544402;6
1910;Ergonomic encompassing functionalities;Samantha Mccoy DDS;763;98;2022-10-23 21:47:10.000;11302578942;6
1911;Enhanced real-time software;Anthony Bailey;623;867;2023-02-06 01:39:12.000;32123272715;9
1912;Enterprise-wide object-oriented website;Danielle Black;436;188;2023-06-27 23:38:48.000;20059373931;10
1913;Centralized even-keeled open architecture;Rebecca Hodges;956;318;2023-11-02 14:25:45.000;57389762698;9
1914;Configurable hybrid knowledgebase;Beverly Robinson;110;698;2022-12-01 14:45:20.000;91689214765;9
1915;Triple-buffered systemic utilization;Mark Castaneda;155;725;2023-05-14 08:07:28.000;55984086723;5
1916;Vision-oriented analyzing portal;George Ramirez;650;564;2023-11-03 15:22:02.000;28681251333;1
1917;Balanced actuating access;Carlos Ward;600;77;2023-02-04 20:18:34.000;41619402737;10
1918;Enterprise-wide user-facing open system;Lucas Johnson;581;713;2024-05-28 15:31:32.000;86373309690;1
1919;Self-enabling modular initiative;Joseph Hill;197;940;2022-07-23 12:00:41.000;82572177773;7
1920;User-friendly intangible encoding;Jose Smith;383;883;2023-11-23 05:18:31.000;38864552703;2
1921;Business-focused context-sensitive strategy;Christina Cruz;310;540;2022-07-08 03:20:12.000;83350490280;4
1922;Face-to-face foreground definition;Latasha Walker;683;486;2024-04-06 01:55:35.000;47309068237;9
1923;Streamlined well-modulated implementation;Daniel Berg;406;639;2022-10-08 17:20:33.000;95442292448;6
1924;Focused 4thgeneration algorithm;Mary Ellis;110;698;2023-02-27 22:58:22.000;83470107817;2
1925;Programmable context-sensitive contingency;Kelli Lopez;684;135;2022-12-16 16:45:54.000;71647281791;7
1926;Optional solution-oriented initiative;Jill Morris;491;660;2023-09-30 07:18:22.000;30641046721;1
1927;Synergistic fresh-thinking intranet;Abigail Owens;619;209;2022-08-16 19:14:44.000;40268224114;4
1928;Optional 24/7 circuit;Kimberly Singh;297;575;2023-02-16 11:58:45.000;33647233724;10
1929;Quality-focused responsive knowledgebase;Brian Williams;678;988;2023-06-27 10:03:02.000;42861750437;10
1930;Organized composite customer loyalty;Jacob Duran;355;923;2023-10-12 02:16:14.000;20901431103;7
1931;Team-oriented empowering time-frame;Kristina Cooley;203;23;2022-07-03 15:15:06.000;38864552703;8
1932;Programmable context-sensitive contingency;Kelli Lopez;684;135;2022-12-16 16:45:54.000;88593500426;8
1933;Triple-buffered impactful function;Tristan Torres;877;62;2023-01-28 15:13:15.000;92397638722;4
1934;Reduced needs-based attitude;Maurice Miller;60;251;2023-07-28 20:40:51.000;14205985673;10
1935;Decentralized 24/7 data-warehouse;Melissa Lewis;755;408;2023-06-21 09:00:20.000;19130321600;4
1936;Reactive impactful moderator;Jack Evans;137;176;2023-08-23 05:21:03.000;17774958634;3
1937;Right-sized heuristic conglomeration;Scott Walker;560;983;2022-07-24 18:15:16.000;90759357069;10
1938;Fully-configurable scalable throughput;Eric Butler;923;954;2023-07-22 01:48:07.000;42932989325;10
1939;User-friendly eco-centric leverage;Donald Morris;132;714;2024-01-15 05:16:08.000;86921252012;3
1940;Fundamental asynchronous info-mediaries;Debbie Aguilar;290;752;2023-01-27 01:51:38.000;57282633750;2
1941;Mandatory stable architecture;Misty Gonzalez;7;949;2024-01-27 07:52:45.000;12728959336;10
1942;Optimized eco-centric strategy;Jennifer James;336;40;2024-04-16 21:16:50.000;49063511376;2
1943;Intuitive 24/7 orchestration;Janice Berg;887;909;2024-05-22 18:25:33.000;56431072717;8
1944;Automated 5thgeneration access;Christine Joyce;619;381;2023-09-22 20:56:56.000;83169493979;5
1945;Re-contextualized full-range project;Theresa Estrada;858;842;2022-08-25 18:57:36.000;17753398525;8
1946;Triple-buffered impactful function;Tristan Torres;877;62;2023-01-28 15:13:15.000;70205720147;6
1947;Switchable high-level encoding;Theresa Rice;997;979;2023-07-07 00:24:23.000;13551328371;6
1948;Reduced impactful implementation;Daniel Simmons;953;655;2023-04-23 11:30:29.000;11265592859;8
1949;Mandatory global function;Melissa Freeman;6;829;2024-01-06 19:11:04.000;37178114459;8
1950;Centralized scalable moratorium;Joseph Mason;70;358;2024-04-30 07:34:36.000;13551328371;9
1951;Quality-focused user-facing Internet solution;Christopher Hogan;482;936;2023-02-09 14:34:06.000;34593017470;7
1952;Enterprise-wide client-server time-frame;Keith Adams;557;801;2023-08-10 14:18:57.000;45667928361;4
1953;Ergonomic system-worthy website;Troy Wang;137;176;2024-03-05 00:22:53.000;80370948209;2
1954;Ameliorated tertiary application;Jeffery Wilson;357;200;2022-09-10 15:20:27.000;35916912990;10
1955;Assimilated context-sensitive implementation;Mark Watson;444;614;2022-12-07 15:42:12.000;55030888918;5
1956;Pre-emptive leadingedge conglomeration;Sandra Pugh;634;919;2024-05-28 12:14:43.000;66062020273;5
1957;Upgradable even-keeled matrix;Randy Walter;650;564;2023-04-15 17:08:36.000;31777562275;5
1958;Inverse methodical superstructure;Jacob Harris;671;926;2023-09-08 02:58:18.000;60726268572;2
1959;Ameliorated client-server migration;Jessica Bailey;720;240;2022-11-26 16:18:46.000;28859875304;8
1960;Enterprise-wide object-oriented website;Danielle Black;911;663;2024-01-17 23:11:03.000;67414546110;2
1961;Automated 5thgeneration access;Christine Joyce;619;381;2023-09-22 20:56:56.000;71647281791;10
1962;Open-source system-worthy matrix;Barbara Wolfe;533;935;2023-08-14 02:03:50.000;47898805359;6
1963;Face-to-face needs-based approach;Christy Martinez;394;962;2024-02-10 04:00:02.000;97377070415;10
1964;Cross-platform explicit workforce;Kristin Roberts;676;881;2023-07-27 02:41:29.000;13671790519;7
1965;Grass-roots tertiary function;Jonathan Butler;137;176;2022-08-03 02:49:41.000;49751907355;6
1966;Realigned encompassing infrastructure;Alex Anderson;740;277;2023-01-12 04:32:31.000;25922720146;3
1967;Cloned web-enabled service-desk;Michael Reyes;398;18;2023-05-14 09:33:53.000;40381973692;9
1968;Face-to-face needs-based approach;Christy Martinez;394;962;2024-02-10 04:00:02.000;70465720906;1
1969;User-friendly even-keeled toolset;Thomas Bradley;881;111;2024-01-29 06:26:26.000;41750127677;3
1970;Vision-oriented high-level frame;Karen Montoya;677;272;2024-01-20 00:24:06.000;17990270455;6
1971;Self-enabling 6thgeneration matrix;Andrew Lowery;456;90;2023-05-03 10:44:24.000;41527230848;9
1972;Phased coherent utilization;Tammy Reid;618;68;2023-01-17 00:51:10.000;60726268572;7
1973;Compatible discrete pricing structure;Vanessa Frank;811;488;2022-11-04 11:31:09.000;45943454213;1
1974;Up-sized system-worthy time-frame;Alison Perez;493;602;2022-08-15 14:41:30.000;84476907366;8
1975;Inverse interactive alliance;Ronald Mathis;475;735;2022-07-24 02:50:38.000;27836355499;9
1976;Multi-tiered fresh-thinking toolset;Brenda Chen;595;134;2023-03-12 18:56:47.000;39448738655;2
1977;Ergonomic value-added open system;Candace Whitaker;877;853;2023-03-17 21:59:41.000;88558156636;4
1978;Monitored interactive task-force;Jonathan Young;789;390;2023-05-27 21:56:27.000;34599456846;1
1979;Triple-buffered needs-based solution;Linda Bowman;279;95;2023-07-12 08:28:18.000;33164098092;6
1980;Expanded dynamic help-desk;Sally Torres;99;424;2023-11-16 20:09:51.000;78205310427;6
1981;Synergized even-keeled definition;Barbara Cochran;963;648;2023-05-23 17:27:34.000;26198751648;9
1982;Ameliorated client-server functionalities;Shelley Chandler;422;885;2023-01-25 07:27:14.000;34593017470;7
1983;Centralized value-added budgetary management;Matthew Andrews;639;701;2023-08-05 21:26:08.000;70702095624;2
1984;Profound static installation;Daniel Smith;886;860;2024-02-05 10:00:32.000;67179902024;7
1985;Public-key didactic encryption;Rodney Miller;424;116;2024-02-28 22:26:56.000;13883479535;10
1986;Cloned asymmetric middleware;Jonathan Garcia;716;87;2023-07-15 12:30:19.000;76651466698;1
1987;Phased coherent utilization;Tammy Reid;294;634;2024-06-02 10:36:09.000;61097728352;5
1988;Reverse-engineered mission-critical process improvement;David Browning III;425;672;2022-10-27 15:58:13.000;13159523068;1
1989;Triple-buffered analyzing functionalities;Kenneth Martinez;417;957;2023-04-30 00:58:20.000;81067089419;4
1990;Distributed object-oriented model;Christian Gibson;480;317;2023-03-16 18:57:56.000;84476907366;4
1991;Multi-channeled next generation moderator;Veronica Holt;58;689;2023-10-22 23:43:40.000;33356063137;6
1992;Compatible dynamic functionalities;Megan Jacobson;886;860;2022-09-20 08:29:15.000;30340218999;5
1993;Profound asymmetric secured line;Kimberly Brown;737;742;2023-01-10 12:50:01.000;77920184044;4
1994;Triple-buffered systemic utilization;Mark Castaneda;155;725;2023-05-14 08:07:28.000;59919943070;1
1995;Universal dedicated secured line;Joanne Edwards;955;50;2023-12-09 00:02:10.000;59523168403;1
1996;Adaptive asynchronous support;Jessica Ramos;758;487;2024-02-19 16:08:08.000;57784031860;9
1997;Triple-buffered needs-based solution;Linda Bowman;279;95;2023-07-12 08:28:18.000;19668422485;9
1998;Front-line national methodology;Dustin Owens;824;695;2024-02-10 09:55:01.000;61097728352;4
1999;Customer-focused human-resource firmware;Christopher Bauer Jr.;531;83;2022-09-06 17:52:18.000;49861853984;10
2000;Ameliorated executive budgetary management;Jessica Smith;257;473;2023-07-24 13:26:51.000;77881203205;1
