nombre_pelicula;director;id_sala;id_cine;ts;precio
Open-source multimedia support;Nancy Mccall;451;592;2022-11-02 00:39:28.000;4000
Stand-alone disintermediate project;Kevin Hernandez;137;803;2023-03-22 09:13:07.000;10000
Devolved 5thgeneration installation;Diana Strickland;297;575;2024-04-06 04:38:30.000;6000
Phased coherent utilization;Tammy Reid;618;68;2023-01-17 00:51:10.000;10000
Optimized zero tolerance process improvement;Lee Kelly;758;917;2024-01-13 23:38:36.000;4000
Sharable explicit hierarchy;Kim Shaw;679;900;2022-12-07 10:22:27.000;4000
Synchronized multi-state leverage;Mrs. Sarah Rodriguez DDS;790;989;2024-04-03 07:40:58.000;6000
Monitored even-keeled methodology;Gabrielle Herman;899;581;2024-01-27 22:33:38.000;6000
Streamlined well-modulated implementation;Daniel Berg;406;639;2022-10-08 17:20:33.000;6000
Reduced disintermediate data-warehouse;Jeffrey Medina;158;731;2023-10-04 14:24:56.000;4000
Adaptive next generation support;Bryce Carr;459;882;2024-06-19 00:13:15.000;6000
Advanced uniform initiative;Christopher Green;537;907;2023-01-15 12:11:25.000;6000
Reactive homogeneous budgetary management;Kaitlin Hill;775;148;2023-03-14 01:59:14.000;4000
Triple-buffered foreground groupware;Cameron Christian;973;804;2022-10-20 03:23:29.000;4000
Distributed optimal system engine;Shannon Marsh;430;936;2023-07-23 15:34:44.000;6000
Multi-tiered solution-oriented toolset;Kari Wilson;966;619;2023-11-11 18:58:26.000;6000
Synergized even-keeled orchestration;Miranda Bailey;58;689;2023-11-09 07:58:23.000;6000
Right-sized real-time database;Timothy Blankenship;281;873;2022-10-31 00:58:51.000;10000
Realigned encompassing infrastructure;Alex Anderson;740;277;2023-01-12 04:32:31.000;6000
Universal coherent standardization;Kelly Ruiz;401;327;2024-03-06 00:54:38.000;4000
Right-sized composite installation;Caroline Christian;203;658;2022-08-18 09:18:01.000;4000
Quality-focused uniform workforce;Gary Owens;362;492;2023-07-23 22:23:30.000;6000
Public-key content-based complexity;Alicia Davenport;573;420;2022-12-31 17:04:20.000;4000
Robust secondary capacity;Amy Warner;147;361;2022-08-29 05:03:37.000;6000
Enhanced reciprocal throughput;Michael Khan;855;793;2022-11-15 00:43:24.000;6000
Ameliorated client-server functionalities;Shelley Chandler;422;885;2023-01-25 07:27:14.000;4000
Assimilated regional concept;Aaron Harrison;649;914;2024-03-24 05:27:55.000;4000
Right-sized heuristic conglomeration;Scott Walker;560;983;2022-07-24 18:15:16.000;6000
Object-based incremental infrastructure;Jennifer Garrett;874;475;2022-08-28 20:07:08.000;4000
Cloned eco-centric analyzer;Marcus Ross;574;851;2022-07-02 05:43:46.000;6000
Team-oriented responsive info-mediaries;David Livingston;923;954;2024-02-10 16:26:18.000;6000
Cross-platform clear-thinking knowledgebase;Jennifer Morales;971;994;2022-08-05 22:26:16.000;4000
Open-source neutral service-desk;Lauren Ray;160;264;2023-01-03 00:18:24.000;10000
Digitized mobile project;Lucas Simmons;47;11;2023-08-25 10:15:37.000;10000
Implemented demand-driven Graphic Interface;Johnathan Martin;487;936;2024-04-30 00:51:04.000;10000
Profit-focused attitude-oriented matrix;Amy Bailey;955;50;2024-02-05 14:32:48.000;10000
Optimized bandwidth-monitored budgetary management;Joseph Johns;737;742;2023-10-19 06:38:52.000;4000
Down-sized coherent solution;Michael Ray;246;681;2023-11-01 19:42:54.000;10000
Quality-focused user-facing Internet solution;Christopher Hogan;482;936;2023-02-09 14:34:06.000;10000
Ameliorated stable service-desk;Michael Robinson;552;875;2023-06-29 00:29:17.000;10000
Triple-buffered systemic utilization;Mark Castaneda;155;725;2023-05-14 08:07:28.000;6000
Public-key optimal adapter;Ronald Phillips;366;843;2024-06-26 19:39:44.000;10000
Centralized zero administration project;Sean Oliver;121;244;2022-11-15 02:31:01.000;4000
Reverse-engineered empowering budgetary management;Sarah Townsend;72;967;2024-03-29 07:06:14.000;4000
Operative hybrid Local Area Network;Patricia Smith;72;804;2024-06-02 13:37:35.000;6000
Automated bifurcated pricing structure;Andrea Delgado;797;557;2023-10-17 04:17:45.000;10000
Reduced needs-based attitude;Maurice Miller;60;251;2023-07-28 20:40:51.000;6000
Quality-focused 6thgeneration superstructure;Tom Watson;164;677;2023-05-01 10:23:41.000;6000
Vision-oriented scalable success;Kimberly Garcia;480;317;2023-01-07 19:11:49.000;4000
Innovative composite moratorium;Michael Jordan;911;743;2022-10-01 01:41:01.000;10000
Switchable explicit capacity;Patricia Jones;137;803;2023-11-08 00:19:24.000;10000
Proactive object-oriented customer loyalty;Craig Williams;203;733;2023-03-05 23:18:09.000;6000
Expanded zero-defect database;Nancy Dennis;81;240;2022-07-03 18:47:15.000;10000
User-centric even-keeled workforce;Linda Howell;741;222;2024-05-16 12:15:58.000;10000
Multi-channeled static approach;Paula Ramirez;333;192;2023-08-02 04:07:04.000;6000
Digitized didactic customer loyalty;Dr. Trevor Silva;347;369;2023-12-14 07:28:33.000;10000
Team-oriented fresh-thinking productivity;Christine James;139;455;2024-01-01 07:40:48.000;6000
Object-based national framework;Sarah Stewart;770;910;2023-07-11 13:45:26.000;10000
Focused dynamic orchestration;Samantha Cardenas;531;83;2023-08-07 18:09:11.000;4000
Ergonomic value-added matrices;Carla Johnson;713;528;2024-04-30 04:31:49.000;6000
Enterprise-wide client-server time-frame;Keith Adams;557;801;2023-08-10 14:18:57.000;10000
Operative tangible focus group;Amanda Edwards;871;55;2022-10-14 08:57:17.000;6000
Switchable methodical emulation;Jill Wong;602;993;2023-06-26 14:19:36.000;6000
Multi-tiered 6thgeneration approach;David Williams;65;760;2024-02-22 02:30:17.000;4000
Phased coherent utilization;Tammy Reid;173;830;2023-10-05 19:42:24.000;4000
Ergonomic value-added open system;Candace Whitaker;685;395;2024-04-28 18:21:51.000;6000
Upgradable contextually-based strategy;Austin Webster;324;680;2024-04-08 03:08:19.000;6000
Secured cohesive standardization;Jose Mccoy;911;743;2024-01-21 10:50:40.000;6000
Function-based background extranet;Laurie David;766;896;2023-11-09 04:20:27.000;10000
Up-sized system-worthy time-frame;Alison Perez;493;602;2022-08-15 14:41:30.000;4000
Optimized actuating archive;Barbara Johnson;440;659;2023-06-20 21:38:00.000;4000
Fundamental context-sensitive customer loyalty;Melanie Ortiz;918;695;2022-07-11 06:00:57.000;10000
Vision-oriented high-level frame;Karen Montoya;677;272;2024-01-20 00:24:06.000;4000
Innovative systemic algorithm;Earl Green;28;938;2022-07-28 00:13:45.000;10000
Enhanced real-time software;Anthony Bailey;623;867;2023-02-06 01:39:12.000;6000
Operative fresh-thinking frame;Lance Mcintyre;790;989;2023-10-19 07:18:14.000;6000
Expanded clear-thinking structure;James Parker;578;850;2022-09-02 23:32:02.000;6000
Adaptive asynchronous support;Jessica Ramos;914;660;2022-08-23 09:24:06.000;6000
Distributed bifurcated hardware;Kimberly Mills;642;994;2024-03-09 21:04:09.000;10000
Re-contextualized didactic throughput;Christopher Moore;3;782;2024-05-29 01:22:07.000;6000
Mandatory actuating intranet;Chelsea Beard;18;650;2023-11-16 06:28:59.000;10000
Synergistic regional functionalities;Samantha Frost;577;963;2024-06-26 17:37:55.000;4000
Decentralized global architecture;James Parker;874;475;2022-10-29 01:12:21.000;4000
Total foreground implementation;Mary Simpson;80;268;2024-04-15 17:02:25.000;6000
Ameliorated tertiary info-mediaries;Thomas Herring;963;648;2023-02-02 11:38:19.000;4000
Monitored incremental workforce;Jacob Avila;810;887;2022-10-21 15:52:26.000;6000
Versatile optimizing paradigm;Lisa Weeks;641;403;2022-08-19 02:19:37.000;4000
Reduced transitional ability;Eric Blackburn;330;251;2023-04-19 07:19:34.000;10000
Profound static installation;Daniel Smith;886;860;2024-02-05 10:00:32.000;6000
Exclusive methodical throughput;Mrs. Rachel Smith;236;526;2022-08-27 21:02:58.000;10000
Devolved intangible website;Daniel Dixon;925;959;2022-12-19 17:39:48.000;6000
Synergistic grid-enabled definition;Lisa Parsons;569;57;2023-06-18 11:04:42.000;4000
Ergonomic system-worthy website;Troy Wang;375;616;2023-06-15 17:19:55.000;10000
Optimized logistical support;Elizabeth Crane;824;695;2022-10-05 14:03:16.000;10000
Reduced eco-centric infrastructure;Justin Bowman;848;531;2024-01-02 20:14:10.000;4000
Customer-focused non-volatile attitude;Thomas Parker;692;5;2024-01-21 05:44:55.000;6000
Persistent object-oriented hierarchy;Samuel Meza;956;797;2023-10-18 05:51:19.000;10000
Polarized optimizing system engine;John Turner;106;980;2023-06-05 20:45:25.000;4000
Customer-focused global algorithm;Carol Mendoza;337;957;2024-04-14 21:23:54.000;6000
Multi-tiered 3rdgeneration frame;Brad Gomez;871;771;2023-11-22 11:11:47.000;6000
Intuitive secondary functionalities;Cristian Atkins;336;40;2023-05-31 02:17:37.000;6000
Enterprise-wide object-oriented website;Danielle Black;634;919;2024-01-16 11:37:38.000;10000
Ergonomic client-server info-mediaries;Summer Wagner;100;901;2022-10-03 07:55:55.000;10000
Adaptive asynchronous support;Jessica Ramos;758;487;2024-02-19 16:08:08.000;4000
Proactive high-level flexibility;Dr. Thomas Gomez MD;590;261;2022-08-28 07:52:20.000;4000
De-engineered solution-oriented database;David Oconnell;269;642;2024-05-30 22:01:07.000;4000
Proactive foreground strategy;Kylie Roberts;95;806;2024-01-03 07:38:28.000;10000
Exclusive eco-centric customer loyalty;Brian Roth;650;564;2023-07-02 08:13:21.000;6000
Face-to-face needs-based approach;Christy Martinez;394;962;2024-02-10 04:00:02.000;10000
Compatible zero-defect protocol;Michael Hicks;880;642;2023-11-14 18:03:02.000;10000
Diverse systematic intranet;Ashley Baker;398;343;2023-01-17 08:39:52.000;10000
Business-focused context-sensitive strategy;Christina Cruz;817;794;2023-02-14 10:19:42.000;6000
Synergized system-worthy model;Brady Collins;809;484;2024-01-19 19:32:03.000;6000
Profit-focused context-sensitive encryption;Elizabeth Davila MD;532;307;2023-04-01 08:29:23.000;6000
Mandatory didactic help-desk;Karen Willis;305;158;2022-08-21 22:38:57.000;10000
Implemented leadingedge benchmark;Aaron Carlson;706;825;2023-12-20 00:39:38.000;4000
Diverse scalable Local Area Network;Russell Smith;993;670;2024-04-13 02:35:35.000;4000
Customizable 3rdgeneration matrix;Barry Cowan;651;674;2022-09-23 01:19:32.000;6000
Switchable high-level encoding;Theresa Rice;271;47;2023-09-05 21:08:03.000;10000
Realigned cohesive definition;Wesley Wilson;639;701;2022-11-07 05:28:38.000;6000
Operative logistical portal;Tammy Aguilar;324;223;2022-10-16 23:39:54.000;6000
Progressive value-added installation;Lindsey Barr;417;957;2023-07-12 21:56:54.000;4000
Public-key foreground open system;Brett Hogan;361;817;2023-02-18 17:01:18.000;4000
Future-proofed demand-driven productivity;Joseph Gentry DDS;199;496;2023-03-14 21:57:53.000;6000
Fundamental context-sensitive customer loyalty;Melanie Ortiz;22;657;2022-11-11 18:23:15.000;4000
Secured holistic toolset;Stephanie Bryan DDS;163;496;2023-05-12 02:36:08.000;4000
Face-to-face static extranet;Tina Santos;385;963;2024-06-22 03:58:55.000;4000
Compatible dynamic functionalities;Megan Jacobson;368;338;2023-05-12 22:24:27.000;6000
Enterprise-wide next generation frame;Karen Miranda;558;700;2023-05-02 00:47:20.000;6000
Organic bandwidth-monitored product;Rebecca Harper;557;801;2023-11-06 10:12:36.000;10000
Function-based dynamic framework;Kathryn Austin;734;21;2023-06-05 05:14:19.000;10000
Inverse methodical superstructure;Jacob Harris;891;588;2023-05-17 13:07:11.000;4000
Sharable next generation emulation;Carl Barrera;439;618;2023-08-25 09:03:13.000;10000
Customer-focused non-volatile attitude;Thomas Parker;461;349;2022-09-10 04:09:36.000;10000
Optimized grid-enabled help-desk;Shannon Doyle;552;748;2024-01-18 23:32:07.000;10000
User-friendly eco-centric leverage;Donald Morris;451;592;2024-03-05 10:07:39.000;6000
Open-architected needs-based attitude;Roger Castillo;552;366;2022-08-04 06:57:40.000;4000
User-centric even-keeled initiative;Melissa Green;32;587;2024-05-19 01:01:16.000;4000
Organized coherent synergy;Mark Snyder;258;442;2022-10-29 21:39:50.000;6000
Enterprise-wide client-server time-frame;Keith Adams;619;209;2023-05-22 23:22:21.000;10000
Focused responsive project;Christopher Mayo;185;451;2023-12-24 19:11:40.000;6000
Face-to-face needs-based approach;Christy Martinez;475;133;2023-03-18 21:24:41.000;10000
Synergistic client-driven instruction set;Ronald Navarro;421;385;2023-11-17 19:52:24.000;6000
Distributed zero tolerance focus group;Justin Bridges;957;504;2022-08-04 23:50:03.000;6000
Integrated optimal core;Stacey Meza;816;532;2023-12-23 03:17:48.000;10000
Devolved optimizing initiative;Stephen Wu;461;349;2023-05-03 03:45:35.000;6000
Universal actuating complexity;Crystal Williams;495;10;2024-06-22 18:50:33.000;4000
Advanced demand-driven moratorium;Jamie Brewer;401;327;2022-10-27 15:11:15.000;10000
Pre-emptive content-based matrices;Chelsey Harrison;171;818;2022-09-08 06:39:31.000;6000
Enterprise-wide responsive migration;Dr. Robin Sutton;151;289;2023-11-04 23:44:21.000;10000
Organized mobile groupware;Mary Castaneda;997;604;2022-07-27 01:33:03.000;6000
Universal scalable open architecture;Lisa Lara;167;442;2024-03-06 15:17:14.000;4000
Inverse next generation support;Melissa Jones;715;928;2024-05-04 21:44:05.000;10000
Object-based foreground model;Laura Shelton;750;262;2023-02-20 09:06:39.000;4000
Fundamental 4thgeneration application;Heather Rivera;472;521;2024-04-06 02:32:45.000;10000
Profit-focused radical implementation;Jonathan Rios;645;377;2024-05-05 10:45:35.000;6000
Profound directional workforce;Tiffany Gray;67;609;2023-09-25 23:25:03.000;10000
Total impactful help-desk;Dawn Flynn;284;903;2023-12-08 17:47:23.000;4000
Optional background policy;Christopher Combs;359;94;2023-11-13 03:03:08.000;4000
Organic bandwidth-monitored product;Rebecca Harper;854;526;2024-03-23 01:50:44.000;4000
Customizable tangible policy;Sarah Green;741;222;2023-09-27 23:52:24.000;10000
Synergistic optimal ability;Judith Evans;337;957;2023-10-30 11:24:32.000;6000
Vision-oriented zero-defect synergy;Jerry Chapman;504;954;2023-10-27 04:48:33.000;4000
Automated systematic projection;Denise Sherman;855;456;2023-03-03 09:10:07.000;6000
Multi-layered asynchronous application;Lisa James;486;579;2023-07-21 16:53:41.000;6000
Open-source neutral service-desk;Lauren Ray;532;307;2022-10-10 15:19:15.000;6000
Centralized scalable moratorium;Joseph Mason;70;358;2024-04-30 07:34:36.000;6000
Pre-emptive incremental budgetary management;Mr. Jacob Hall;375;616;2023-06-25 09:04:43.000;4000
Profound global complexity;Alexa Romero;551;929;2024-02-23 09:22:37.000;4000
Synergized next generation functionalities;Joseph Smith;830;716;2023-03-27 22:09:54.000;4000
Devolved multi-tasking contingency;Robert Frazier;954;796;2024-06-20 21:12:44.000;6000
Centralized value-added budgetary management;Matthew Andrews;679;180;2023-12-15 23:50:45.000;4000
Synergistic fresh-thinking intranet;Abigail Owens;97;700;2024-06-26 08:20:53.000;10000
Expanded national project;Mary Brown;356;651;2022-07-20 10:37:33.000;4000
Upgradable even-keeled matrix;Randy Walter;650;564;2023-04-15 17:08:36.000;10000
Customer-focused user-facing capability;Tyler Morrison;786;621;2022-11-08 01:37:11.000;4000
Automated bifurcated pricing structure;Andrea Delgado;374;468;2024-04-09 18:04:30.000;6000
Team-oriented upward-trending database;Misty Sandoval;602;993;2023-05-28 18:08:33.000;6000
Future-proofed asynchronous interface;Travis Miles;617;478;2023-02-25 03:11:18.000;4000
Cross-group full-range matrices;Lindsey Bailey;857;163;2024-06-15 20:29:03.000;10000
Expanded zero-defect database;Nancy Dennis;710;870;2023-11-28 10:25:56.000;6000
Centralized secondary approach;Leslie Kim;252;646;2022-08-21 21:56:23.000;4000
Optional radical algorithm;Michelle Johnson;786;805;2024-02-10 15:30:21.000;4000
Upgradable optimal ability;Jason Newman;882;547;2023-10-01 05:56:54.000;4000
Enhanced foreground methodology;Laura Rocha;619;381;2023-08-12 04:15:14.000;10000
Polarized maximized toolset;John Castillo;72;112;2023-03-01 17:33:46.000;6000
Inverse tangible info-mediaries;Victoria Olson;155;573;2023-02-05 14:07:06.000;4000
Integrated analyzing data-warehouse;Christy Thomas;303;795;2022-08-16 23:50:29.000;4000
Diverse non-volatile focus group;Juan Martinez;683;102;2023-06-24 07:00:37.000;10000
Down-sized global complexity;Andrew Andrade;81;418;2023-09-14 14:00:26.000;6000
Optional zero administration circuit;Lisa Ward;308;947;2022-11-07 07:29:17.000;6000
Multi-channeled optimal migration;Thomas Blackburn;720;240;2023-05-14 11:44:57.000;10000
Ergonomic systematic task-force;Sean Watson;279;620;2022-10-17 21:42:54.000;4000
Configurable hybrid knowledgebase;Beverly Robinson;99;424;2024-05-04 04:44:54.000;4000
Ergonomic systematic task-force;Sean Watson;618;53;2024-03-30 08:18:50.000;10000
Phased content-based knowledge user;Crystal Carrillo;467;477;2023-07-22 11:24:47.000;10000
Devolved zero tolerance firmware;Mark Wilcox;423;71;2024-06-01 14:20:38.000;10000
Reduced radical encryption;Stacie Gonzales;5;646;2022-10-15 09:43:14.000;4000
Reactive impactful moderator;Jack Evans;137;176;2023-08-23 05:21:03.000;4000
Exclusive holistic collaboration;Laura Day;155;573;2022-09-26 19:10:47.000;10000
Inverse 3rdgeneration utilization;Patricia Crosby;32;587;2022-10-02 21:07:57.000;4000
Operative non-volatile application;Paula Henderson;4;566;2023-07-31 00:12:05.000;10000
Organized mobile groupware;Mary Castaneda;120;61;2022-09-26 08:42:44.000;4000
Synergized content-based challenge;Patricia Brown;388;203;2022-12-06 13:48:40.000;10000
Reduced impactful implementation;Daniel Simmons;953;655;2023-04-23 11:30:29.000;10000
Operative radical neural-net;Catherine Clark;406;639;2022-07-30 01:09:21.000;10000
Universal multimedia knowledgebase;Rebekah Salazar;293;471;2024-02-20 17:44:58.000;6000
Stand-alone system-worthy hardware;Kimberly Malone;766;896;2023-08-13 03:02:49.000;4000
Profound global complexity;Alexa Romero;324;680;2023-11-05 07:35:38.000;10000
Profound asymmetric secured line;Kimberly Brown;800;422;2022-10-01 04:31:53.000;10000
Exclusive mission-critical structure;Gabriel Rice;481;94;2023-10-24 20:07:49.000;6000
Compatible attitude-oriented circuit;William Ochoa;444;614;2022-08-25 23:15:13.000;10000
Multi-lateral client-driven process improvement;Mr. Ricardo Dickerson;762;243;2022-10-25 12:03:21.000;6000
Intuitive 24/7 orchestration;Janice Berg;887;909;2024-05-22 18:25:33.000;10000
Proactive object-oriented customer loyalty;Craig Williams;861;184;2024-01-06 23:08:01.000;6000
User-centric intermediate analyzer;Stephanie Martinez;357;200;2023-04-06 13:39:39.000;6000
Synergized even-keeled definition;Barbara Cochran;963;648;2023-05-23 17:27:34.000;6000
Ameliorated tertiary info-mediaries;Thomas Herring;976;462;2024-04-06 04:24:43.000;4000
Balanced eco-centric encoding;James Williams;422;510;2024-02-04 01:05:57.000;4000
Organized high-level strategy;Nicole Vasquez;61;202;2023-12-17 15:38:00.000;6000
Focused exuding customer loyalty;Jennifer Solis;889;755;2023-10-19 10:22:48.000;6000
Cross-platform explicit workforce;Kristin Roberts;676;881;2023-07-27 02:41:29.000;10000
Visionary cohesive artificial intelligence;Todd Wilson;381;158;2023-10-08 07:37:43.000;10000
Secured intermediate support;Jennifer Blackburn;954;4;2023-05-30 13:03:09.000;6000
Innovative eco-centric artificial intelligence;Jason Lewis;482;936;2022-11-18 02:38:28.000;4000
Cloned asymmetric middleware;Jonathan Garcia;716;87;2023-07-15 12:30:19.000;4000
Proactive leadingedge frame;Jonathan Brooks;495;216;2023-01-08 04:57:06.000;6000
Synergized contextually-based portal;Katelyn Gordon;248;770;2023-01-23 16:12:47.000;4000
Optimized holistic groupware;Joshua Davis;600;77;2023-05-30 09:55:10.000;4000
Phased coherent utilization;Tammy Reid;943;346;2024-03-04 17:38:11.000;6000
Self-enabling responsive installation;Sarah Navarro;373;473;2022-09-02 04:51:30.000;10000
Reduced responsive pricing structure;Joseph Ramos;541;993;2023-05-11 01:51:41.000;6000
Pre-emptive clear-thinking throughput;Veronica Kirby;930;778;2022-08-31 04:44:15.000;4000
Customer-focused human-resource firmware;Christopher Bauer Jr.;561;913;2022-09-04 10:43:06.000;6000
Extended full-range monitoring;Laurie Foster;998;206;2022-07-15 06:08:00.000;4000
Customer-focused uniform superstructure;Tina Moore;183;936;2023-11-28 08:22:39.000;4000
Implemented real-time concept;Emily Montoya;836;177;2023-12-02 16:19:09.000;10000
Reverse-engineered intermediate Internet solution;Logan Roberts MD;858;842;2024-01-23 02:49:43.000;6000
Quality-focused user-facing Internet solution;Christopher Hogan;240;714;2023-07-27 21:48:51.000;4000
Advanced user-facing open architecture;Lydia Daniel;571;717;2024-03-16 15:54:06.000;6000
Cloned web-enabled service-desk;Michael Reyes;510;807;2022-12-14 18:32:56.000;4000
Compatible real-time intranet;Julia Carney DDS;881;111;2023-05-03 02:45:35.000;10000
Realigned grid-enabled structure;Bruce White;188;408;2024-04-29 08:59:27.000;4000
Phased global neural-net;Ashley Wallace;14;843;2022-08-07 06:08:23.000;10000
Up-sized regional open system;Samantha Murphy;409;692;2023-01-14 09:44:40.000;6000
Optimized holistic groupware;Joshua Davis;789;390;2023-02-23 21:29:36.000;4000
Implemented systemic solution;Jasmine Palmer;512;87;2022-08-21 11:21:10.000;4000
Down-sized global complexity;Andrew Andrade;857;163;2023-02-07 20:56:56.000;6000
Operative tangible focus group;Amanda Edwards;472;521;2023-12-30 11:07:54.000;4000
Inverse multi-state solution;Jaime Paul;582;342;2022-11-28 07:45:28.000;10000
Ameliorated executive budgetary management;Jessica Smith;257;473;2023-07-24 13:26:51.000;4000
Open-source optimizing parallelism;Brandy Thompson;67;609;2022-07-09 11:48:00.000;4000
Assimilated regional concept;Aaron Harrison;501;643;2023-10-05 19:51:31.000;6000
Organic analyzing Internet solution;Clifford Flores;976;5;2023-06-05 12:35:54.000;4000
Persistent bandwidth-monitored focus group;Stacey Daniel;260;463;2023-06-27 19:28:02.000;10000
Quality-focused user-facing Internet solution;Christopher Hogan;3;162;2023-06-27 09:20:35.000;4000
Mandatory solution-oriented knowledge user;Amy Brown;829;668;2023-11-05 16:07:09.000;10000
Centralized secondary approach;Leslie Kim;375;616;2023-06-26 13:22:08.000;6000
Focused eco-centric ability;Melinda Jones;634;919;2024-01-06 07:57:03.000;10000
Automated bi-directional moratorium;Alan Callahan;248;813;2023-01-05 22:59:43.000;4000
Triple-buffered foreground groupware;Cameron Christian;775;148;2023-07-20 00:22:12.000;6000
Customizable object-oriented architecture;Wendy Mendoza;639;701;2022-09-15 00:07:15.000;10000
Diverse next generation encryption;Amber Moore;826;637;2023-05-06 10:50:04.000;6000
Ameliorated client-server migration;Jessica Bailey;720;240;2022-11-26 16:18:46.000;4000
Ergonomic contextually-based capacity;Lawrence Dunn;753;996;2024-03-16 04:39:08.000;10000
Automated optimizing policy;James Rodriguez DDS;459;7;2022-09-17 09:49:05.000;10000
Centralized optimizing interface;James Williams;786;169;2024-04-05 01:42:58.000;6000
Configurable optimizing neural-net;Bobby Nguyen;639;410;2023-08-24 09:56:01.000;10000
Switchable intermediate website;David Cohen;727;983;2022-12-17 02:29:07.000;4000
Adaptive next generation support;Bryce Carr;478;833;2022-12-06 07:25:58.000;10000
Switchable intermediate website;David Cohen;986;65;2024-06-14 11:43:25.000;4000
Optimized user-facing knowledgebase;Theodore Orr;3;162;2022-12-29 11:50:14.000;10000
Customer-focused uniform superstructure;Tina Moore;860;165;2023-11-27 02:38:10.000;6000
Horizontal modular extranet;Dawn Hill;28;21;2023-03-12 16:41:40.000;10000
User-friendly intangible encoding;Jose Smith;383;883;2023-11-23 05:18:31.000;4000
Cross-platform user-facing circuit;Diana Sanchez;220;354;2023-04-06 10:02:45.000;10000
Progressive full-range core;Kelly Hudson;489;268;2023-11-13 05:54:41.000;6000
Business-focused 24hour moderator;Cynthia Harris;450;973;2024-03-15 17:40:04.000;6000
Re-contextualized full-range project;Theresa Estrada;858;842;2022-08-25 18:57:36.000;10000
Public-key intermediate focus group;Mark Escobar;532;307;2023-04-16 20:24:45.000;6000
Cross-platform radical projection;David Taylor;90;354;2023-02-21 15:09:05.000;10000
Enhanced clear-thinking benchmark;Mark Ramirez;991;870;2024-06-13 04:23:16.000;6000
Triple-buffered static Local Area Network;Daryl Hansen Jr.;799;924;2023-10-24 04:58:06.000;6000
Open-architected coherent implementation;Michael Tucker;628;329;2022-11-25 18:11:53.000;10000
Expanded clear-thinking structure;James Parker;830;716;2023-04-19 00:16:51.000;6000
Quality-focused clear-thinking alliance;James Ho;87;21;2023-12-16 16:11:34.000;6000
Compatible tertiary concept;Alexis Hill;689;924;2024-06-18 08:42:58.000;10000
Compatible foreground service-desk;Andrea Brooks;360;581;2023-04-10 18:35:39.000;4000
User-friendly intangible encoding;Jose Smith;80;268;2022-11-28 03:10:11.000;4000
Monitored asynchronous Graphic Interface;Curtis Gordon;357;200;2023-03-13 07:44:19.000;10000
Robust eco-centric artificial intelligence;John King;356;651;2023-10-30 00:53:54.000;6000
Optional 24/7 circuit;Kimberly Singh;297;575;2023-02-16 11:58:45.000;10000
Persevering user-facing open system;Jeffery Dennis;139;392;2022-12-07 03:11:35.000;10000
Focused eco-centric ability;Melinda Jones;131;971;2023-07-08 12:56:55.000;6000
Ergonomic system-worthy website;Troy Wang;499;325;2023-08-18 19:49:01.000;6000
Open-architected needs-based utilization;Levi Nguyen;858;86;2022-09-08 14:30:18.000;10000
Open-source 6thgeneration algorithm;Leslie Sandoval;677;272;2022-11-09 08:54:30.000;4000
Reduced radical moderator;Virginia Galvan;109;123;2023-02-16 21:23:07.000;10000
Universal multimedia knowledgebase;Rebekah Salazar;998;380;2024-04-08 04:12:16.000;10000
Optional 24/7 circuit;Kimberly Singh;800;422;2023-09-28 16:43:28.000;6000
Focused systemic task-force;Amber Camacho;346;736;2022-11-05 10:31:39.000;6000
Reverse-engineered content-based strategy;Stephen Griffin;599;950;2023-07-04 16:56:54.000;10000
Cloned directional projection;Robert Fry;413;180;2023-01-19 23:43:37.000;4000
Right-sized dedicated middleware;Rebecca Villa;394;962;2022-10-09 15:30:59.000;10000
Mandatory uniform adapter;Anna Taylor;132;32;2022-10-24 21:06:17.000;10000
Versatile secondary moderator;Gregory Garrett;281;873;2022-12-07 13:56:54.000;6000
Ergonomic value-added open system;Candace Whitaker;877;853;2023-03-17 21:59:41.000;4000
Programmable clear-thinking Local Area Network;Jerry Farmer;399;501;2023-05-13 16:46:41.000;10000
Pre-emptive leadingedge conglomeration;Sandra Pugh;634;919;2024-05-28 12:14:43.000;4000
Exclusive zero administration complexity;Ricardo Weeks;41;971;2024-01-02 13:33:01.000;6000
Right-sized incremental workforce;Shaun Cummings;948;213;2023-01-03 15:45:43.000;4000
Devolved national paradigm;Ricardo Levy;786;169;2022-12-16 03:13:47.000;4000
Enhanced local concept;Jesse Gates;341;934;2024-01-16 16:12:30.000;4000
Robust eco-centric artificial intelligence;John King;520;738;2023-11-27 11:30:13.000;4000
Ergonomic encompassing functionalities;Samantha Mccoy DDS;763;98;2022-10-23 21:47:10.000;4000
Open-architected maximized paradigm;Aaron Lam;124;506;2023-12-20 12:40:24.000;4000
Innovative background neural-net;Joseph Sanchez;271;47;2023-11-23 11:04:38.000;10000
Configurable analyzing array;Jonathan Williams;282;839;2022-10-11 14:01:05.000;6000
Centralized value-added budgetary management;Matthew Andrews;830;242;2022-10-19 10:30:05.000;10000
Exclusive eco-centric customer loyalty;Brian Roth;720;240;2022-08-11 17:10:41.000;6000
Polarized upward-trending matrix;Stephen Sweeney;826;226;2023-12-12 21:36:57.000;6000
Versatile background workforce;Stanley Harris;555;672;2023-08-14 07:58:50.000;10000
Pre-emptive clear-thinking throughput;Veronica Kirby;54;959;2022-11-29 04:06:53.000;6000
Enhanced next generation help-desk;Gina Williams;447;356;2024-06-23 08:11:45.000;4000
Implemented zero administration solution;Tonya Allen;210;620;2023-12-30 01:56:30.000;10000
Innovative composite moratorium;Michael Jordan;563;663;2022-11-09 21:02:30.000;10000
Versatile national conglomeration;Scott Cruz;308;947;2023-10-16 02:06:28.000;4000
Open-architected static Graphical User Interface;Erin Nelson;214;868;2024-05-21 08:45:54.000;4000
Customizable object-oriented architecture;Wendy Mendoza;489;299;2023-07-08 14:30:11.000;6000
User-friendly asynchronous software;Rodney Snyder;682;570;2023-10-20 01:36:12.000;4000
Versatile full-range hardware;Rebecca Allen;198;565;2023-12-20 18:07:04.000;6000
Implemented demand-driven Graphic Interface;Johnathan Martin;199;97;2023-06-29 05:21:38.000;6000
Automated background protocol;Natasha Jackson;422;510;2022-09-01 23:20:03.000;6000
Streamlined multi-tasking functionalities;Laura Robertson;848;531;2023-03-27 14:38:38.000;6000
Quality-focused transitional project;Juan Wells;75;529;2023-11-19 03:27:16.000;10000
Optional coherent standardization;Sheila Chen;877;62;2023-08-19 18:56:44.000;6000
Persistent multi-tasking moderator;Sara Clark;320;119;2022-07-28 14:21:28.000;10000
Optimized encompassing moratorium;Alison Wright;279;246;2023-09-20 12:49:17.000;4000
Ameliorated tertiary info-mediaries;Thomas Herring;969;945;2024-06-17 02:56:41.000;10000
Cross-group asymmetric budgetary management;Rebecca Murray;511;628;2023-01-04 20:46:17.000;6000
Grass-roots exuding parallelism;Christian Gill;277;442;2022-10-26 12:25:55.000;6000
Future-proofed content-based archive;Cynthia Villa;462;654;2024-02-11 15:57:36.000;10000
Vision-oriented solution-oriented neural-net;Ryan Graham;72;804;2023-10-11 23:18:22.000;10000
Fundamental asynchronous info-mediaries;Debbie Aguilar;290;752;2023-01-27 01:51:38.000;6000
Multi-layered eco-centric open system;Joshua Day;956;797;2023-01-28 21:44:33.000;4000
Open-architected coherent implementation;Michael Tucker;337;294;2022-12-19 21:00:02.000;6000
Inverse interactive alliance;Ronald Mathis;475;735;2022-07-24 02:50:38.000;10000
Reverse-engineered mission-critical process improvement;David Browning III;780;403;2023-01-11 04:50:56.000;6000
Optimized holistic groupware;Joshua Davis;973;804;2023-01-15 16:03:12.000;6000
Re-contextualized dedicated open system;Jorge Frederick MD;356;651;2023-07-13 16:46:05.000;6000
Public-key didactic encryption;Rodney Miller;799;924;2022-09-18 12:50:56.000;10000
Profound bifurcated solution;David Reynolds;617;811;2024-02-15 04:55:32.000;10000
Compatible zero-defect protocol;Michael Hicks;72;804;2022-09-23 09:01:03.000;10000
Mandatory heuristic array;Melissa Cox;822;288;2023-09-26 06:05:34.000;4000
Public-key foreground open system;Brett Hogan;232;134;2022-09-10 09:50:44.000;4000
Monitored interactive attitude;Sarah Johnson;540;473;2023-05-27 00:46:16.000;10000
Ameliorated stable service-desk;Michael Robinson;693;466;2024-01-03 04:47:21.000;4000
Polarized discrete infrastructure;Brian James;173;830;2023-12-04 03:46:49.000;6000
Right-sized next generation moderator;Charles Golden;883;235;2022-12-02 00:55:41.000;4000
Team-oriented responsive info-mediaries;David Livingston;556;240;2023-09-07 12:52:59.000;4000
Configurable cohesive concept;Angela Moore;826;226;2023-03-06 18:42:06.000;10000
Ameliorated mission-critical paradigm;Todd Brown;414;322;2022-10-01 23:12:13.000;6000
Total optimal access;Linda Holden;398;18;2024-01-19 00:47:43.000;4000
De-engineered demand-driven circuit;Kathleen Davidson;210;620;2023-08-12 18:10:47.000;4000
Cross-platform empowering customer loyalty;Sonya Boyer;67;609;2022-08-01 17:09:58.000;10000
Fundamental asynchronous info-mediaries;Debbie Aguilar;321;770;2022-12-24 11:06:27.000;10000
Reduced radical encryption;Stacie Gonzales;48;359;2024-05-28 00:02:12.000;10000
Inverse next generation support;Melissa Jones;855;456;2024-03-17 08:32:39.000;10000
Proactive context-sensitive approach;Wanda Lawson;959;392;2024-01-06 12:26:14.000;6000
Innovative eco-centric artificial intelligence;Jason Lewis;594;417;2024-06-22 19:52:01.000;6000
Vision-oriented high-level frame;Karen Montoya;158;731;2024-03-30 07:44:48.000;6000
Visionary cohesive artificial intelligence;Todd Wilson;997;604;2022-11-16 13:39:23.000;10000
Programmable radical protocol;Douglas Andrews;145;902;2024-06-26 22:23:15.000;10000
Programmable holistic encoding;Jennifer Cisneros;511;628;2024-02-24 03:13:19.000;4000
Decentralized context-sensitive moderator;John Nguyen;877;853;2023-12-19 14:08:51.000;4000
Reduced radical moderator;Virginia Galvan;436;188;2024-06-17 12:03:27.000;10000
Optional solution-oriented initiative;Jill Morris;199;505;2022-11-21 11:43:13.000;6000
Synergized content-based challenge;Patricia Brown;347;369;2022-10-09 10:06:42.000;10000
Open-source motivating knowledge user;Savannah Thomas;342;45;2024-03-12 07:19:24.000;6000
Optional neutral Graphical User Interface;Michelle Hardy;746;268;2023-12-07 22:21:37.000;10000
Reduced bifurcated website;Tanya Wright;734;21;2022-12-04 18:29:45.000;10000
Intuitive secondary functionalities;Cristian Atkins;328;640;2023-02-12 18:50:48.000;6000
Networked optimal matrices;Kimberly Wright;290;752;2023-08-14 09:51:46.000;10000
Digitized didactic customer loyalty;Dr. Trevor Silva;80;760;2023-07-21 13:15:02.000;6000
Compatible dynamic functionalities;Megan Jacobson;886;860;2022-09-20 08:29:15.000;4000
Operative radical neural-net;Catherine Clark;158;731;2023-05-09 07:33:24.000;6000
Re-engineered bandwidth-monitored benchmark;Miguel Morales;310;762;2022-12-08 05:24:33.000;4000
Reduced bifurcated website;Tanya Wright;182;784;2022-08-10 10:38:20.000;10000
Right-sized 24/7 throughput;Brandon White;495;216;2022-10-26 20:26:39.000;6000
Vision-oriented well-modulated core;Kathleen Sims;424;116;2024-05-05 04:07:14.000;4000
Versatile reciprocal data-warehouse;Troy Baker;197;940;2024-06-11 02:20:21.000;6000
Ameliorated mission-critical paradigm;Todd Brown;237;690;2023-11-28 21:24:12.000;6000
Synergistic maximized concept;Jeff Chavez;902;234;2023-11-03 05:55:40.000;4000
Optimized bandwidth-monitored budgetary management;Joseph Johns;906;475;2022-10-20 00:46:25.000;4000
Down-sized global complexity;Andrew Andrade;780;403;2023-01-11 01:16:08.000;10000
Proactive analyzing parallelism;Kenneth Marsh;357;200;2022-08-20 08:04:35.000;4000
Automated context-sensitive moratorium;James Rice;630;326;2023-10-11 12:40:16.000;4000
Open-source motivating knowledge user;Savannah Thomas;396;38;2024-01-02 08:17:26.000;10000
Expanded zero-defect database;Nancy Dennis;109;123;2023-03-07 04:48:10.000;6000
Multi-lateral solution-oriented contingency;Olivia Scott;478;833;2024-01-22 00:35:57.000;10000
Enterprise-wide context-sensitive open architecture;Shannon Stephens;211;549;2022-08-23 13:08:06.000;6000
Automated bi-directional moratorium;Alan Callahan;923;228;2024-01-01 18:47:29.000;10000
Right-sized composite alliance;Elizabeth Taylor;581;497;2023-04-08 14:39:49.000;10000
Re-engineered background task-force;Erica Porter;159;534;2022-08-03 18:09:15.000;6000
Fully-configurable reciprocal workforce;Sean Alvarez;173;830;2023-05-05 19:32:27.000;4000
Mandatory global function;Melissa Freeman;676;890;2022-08-12 09:28:05.000;10000
Quality-focused responsive knowledgebase;Brian Williams;678;988;2023-06-27 10:03:02.000;10000
Assimilated context-sensitive implementation;Mark Watson;444;614;2022-12-07 15:42:12.000;6000
User-friendly eco-centric leverage;Donald Morris;132;714;2024-01-15 05:16:08.000;4000
Cross-platform explicit workforce;Kristin Roberts;907;745;2024-02-17 04:26:59.000;6000
Team-oriented empowering time-frame;Kristina Cooley;203;23;2022-07-03 15:15:06.000;10000
Optimized eco-centric strategy;Jennifer James;356;865;2023-04-24 22:14:53.000;4000
Advanced client-driven framework;Tiffany Cole;630;326;2022-11-19 11:37:41.000;4000
Seamless holistic support;Scott Kim;971;994;2022-07-23 15:06:37.000;4000
Proactive asynchronous access;Pamela Allen;844;630;2022-12-13 12:41:59.000;4000
User-centric high-level budgetary management;Kristin Carlson;568;31;2023-07-28 01:41:09.000;10000
Implemented mobile paradigm;Sharon Roberson;859;270;2023-05-15 09:50:49.000;10000
Progressive asynchronous extranet;Olivia Lee;811;488;2023-10-22 07:34:04.000;4000
Operative non-volatile application;Paula Henderson;602;360;2023-01-04 20:13:11.000;10000
Phased well-modulated intranet;Garrett Stevenson;125;359;2023-02-20 23:51:29.000;6000
Re-engineered 24/7 paradigm;Mr. Jeffrey Weiss Jr.;357;200;2023-02-26 03:17:39.000;4000
Right-sized heuristic conglomeration;Scott Walker;263;125;2024-02-04 16:08:18.000;6000
Triple-buffered client-server archive;Thomas Phillips;352;959;2023-03-06 20:42:39.000;4000
User-centric leadingedge toolset;Kendra Smith;685;395;2022-09-19 02:02:29.000;4000
Devolved dynamic implementation;John Jones;60;420;2023-05-09 15:59:58.000;6000
Self-enabling 6thgeneration matrix;Andrew Lowery;54;959;2023-10-22 01:33:54.000;6000
Triple-buffered needs-based solution;Linda Bowman;279;95;2023-07-12 08:28:18.000;4000
Diverse bandwidth-monitored utilization;Timothy Lowe;265;680;2023-11-02 01:18:46.000;10000
User-friendly encompassing synergy;Elizabeth Woods;352;837;2023-03-27 03:54:53.000;4000
Fully-configurable bi-directional function;Mr. John Sanders MD;346;736;2023-08-23 16:05:35.000;4000
Fully-configurable hybrid neural-net;Kelly Nunez;264;736;2024-03-26 14:31:00.000;6000
Multi-tiered 6thgeneration approach;David Williams;385;219;2023-06-09 11:10:00.000;10000
Virtual reciprocal Local Area Network;Ryan Rhodes;753;996;2023-05-09 13:07:49.000;6000
Optimized 4thgeneration framework;Kristin Mckee;414;655;2023-08-16 03:30:15.000;10000
Multi-channeled optimal migration;Thomas Blackburn;151;304;2024-03-08 23:07:22.000;4000
Customer-focused 5thgeneration synergy;Steven Wolf;47;870;2023-06-04 01:09:24.000;6000
Programmable 24/7 migration;James Ellis;867;75;2023-05-12 14:10:28.000;4000
Enterprise-wide user-facing open system;Lucas Johnson;267;799;2024-01-27 15:01:38.000;6000
Stand-alone 4thgeneration success;James Brown;158;731;2024-02-26 19:07:31.000;4000
Centralized optimizing interface;James Williams;991;735;2023-02-23 13:37:38.000;10000
Versatile optimizing paradigm;Lisa Weeks;582;529;2023-10-16 11:07:11.000;4000
Centralized secondary approach;Leslie Kim;218;767;2023-06-07 05:33:14.000;10000
Streamlined cohesive flexibility;Megan Calderon;619;209;2023-05-20 09:16:13.000;4000
Decentralized discrete knowledgebase;Karen Williams;617;811;2023-09-02 10:45:19.000;4000
Function-based context-sensitive orchestration;Tanya Callahan;531;769;2023-03-25 19:21:30.000;6000
Cross-platform explicit workforce;Kristin Roberts;594;165;2024-02-03 01:32:36.000;6000
Enterprise-wide homogeneous middleware;Shannon Meyer;758;917;2022-11-21 01:53:34.000;10000
Programmable radical protocol;Douglas Andrews;585;460;2023-02-19 11:59:49.000;10000
Function-based asymmetric superstructure;Lisa Garcia;462;654;2022-08-04 21:27:12.000;6000
Innovative background neural-net;Joseph Sanchez;679;180;2023-08-21 15:50:57.000;10000
Mandatory actuating success;Jamie Reid;424;161;2023-03-31 19:38:16.000;6000
Public-key regional core;Kim Christensen;499;255;2022-07-18 23:25:45.000;4000
Universal dedicated secured line;Joanne Edwards;955;50;2023-12-09 00:02:10.000;10000
Expanded national project;Mary Brown;812;964;2023-01-01 03:19:43.000;10000
Organic composite strategy;Steven Morgan;267;799;2023-05-18 15:56:30.000;6000
Inverse didactic throughput;Russell Collins;515;749;2024-03-03 20:27:32.000;6000
Public-key regional function;Michael Michael;58;689;2024-06-23 03:45:45.000;4000
Devolved optimizing initiative;Timothy Ramirez;198;565;2024-05-25 10:53:54.000;4000
Business-focused tertiary throughput;Connie Thomas;249;476;2023-08-02 11:08:56.000;6000
Self-enabling asymmetric intranet;Ashley Parker;892;673;2023-02-01 02:17:53.000;6000
Self-enabling zero tolerance matrix;Daniel Wilson;799;924;2023-11-08 11:05:51.000;10000
Right-sized next generation moderator;Charles Golden;703;640;2024-05-18 18:47:32.000;10000
User-friendly even-keeled toolset;Thomas Bradley;881;111;2024-01-29 06:26:26.000;6000
Quality-focused solution-oriented open architecture;Christopher Garrett;111;781;2023-12-13 21:18:55.000;6000
Distributed motivating process improvement;Vincent Lewis;768;940;2023-07-08 09:00:25.000;4000
Organic bandwidth-monitored product;Rebecca Harper;401;354;2022-07-19 13:27:57.000;10000
Polarized discrete infrastructure;Brian James;264;70;2023-04-24 07:58:08.000;6000
Down-sized discrete interface;Wendy Wright;425;672;2024-03-20 07:12:38.000;6000
Front-line even-keeled portal;Victoria Luna;895;41;2023-12-13 08:26:52.000;6000
Customer-focused human-resource firmware;Christopher Bauer Jr.;330;251;2023-07-28 10:13:04.000;4000
Secured methodical groupware;Sandra Garner;762;243;2023-11-03 06:22:41.000;4000
Future-proofed content-based archive;Cynthia Villa;474;751;2024-04-12 06:47:01.000;4000
Customizable optimal contingency;Regina Moore;506;460;2023-10-17 01:02:36.000;10000
Cross-group full-range database;Steven Beltran;618;53;2024-03-15 08:12:57.000;10000
Compatible foreground service-desk;Andrea Brooks;381;158;2023-12-07 13:02:22.000;4000
Multi-lateral even-keeled interface;Austin Adams;290;291;2023-01-09 19:34:08.000;6000
Quality-focused composite orchestration;Jared Bennett;520;738;2023-07-30 11:09:34.000;4000
Self-enabling actuating orchestration;Stephanie Clark;826;226;2022-08-13 11:19:45.000;6000
Reduced discrete website;Kathleen Evans;791;313;2022-07-07 20:39:03.000;4000
Devolved dynamic implementation;John Jones;498;716;2023-12-01 21:01:48.000;10000
Reduced interactive paradigm;Samantha Rodriguez;408;433;2023-01-27 21:28:59.000;10000
Compatible discrete pricing structure;Vanessa Frank;811;488;2022-11-04 11:31:09.000;10000
Multi-layered client-server leverage;Garrett Roman;481;94;2022-10-14 22:45:19.000;10000
Universal fresh-thinking array;Dana Russell;999;859;2022-11-05 18:32:41.000;4000
Advanced client-driven framework;Tiffany Cole;587;835;2023-11-01 10:33:12.000;6000
Synergistic fresh-thinking intranet;Abigail Owens;294;634;2022-09-10 12:34:23.000;4000
Mandatory uniform adapter;Anna Taylor;759;268;2024-02-16 07:20:49.000;10000
Synergized intangible intranet;Derrick Ho;371;757;2022-12-04 02:55:17.000;6000
Devolved systemic Internet solution;Erik Reed;991;384;2024-05-28 07:30:08.000;4000
Centralized scalable contingency;Troy Bishop IV;690;511;2023-01-24 02:00:16.000;6000
Future-proofed fresh-thinking concept;Jordan Rodriguez;203;23;2023-07-19 20:09:48.000;6000
Synchronized exuding moratorium;John Davis;260;71;2023-05-12 01:53:11.000;10000
Horizontal secondary help-desk;Matthew Morris;42;838;2024-01-20 10:20:27.000;4000
Automated 5thgeneration access;Christine Joyce;375;40;2024-05-04 10:37:45.000;6000
Open-source 6thgeneration algorithm;Leslie Sandoval;556;240;2024-03-25 15:59:36.000;10000
Reduced responsive pricing structure;Joseph Ramos;747;909;2024-04-09 02:48:18.000;6000
Grass-roots bi-directional collaboration;Raymond Weber;206;836;2023-02-07 09:14:41.000;10000
Profound optimal matrices;Heather Strong;921;340;2023-04-05 21:38:19.000;10000
De-engineered intermediate infrastructure;Kerry Brady;683;96;2023-04-01 03:27:15.000;10000
Proactive object-oriented customer loyalty;Craig Williams;813;435;2023-01-01 23:06:37.000;6000
De-engineered dynamic neural-net;Christopher Wells;14;455;2024-05-04 12:01:49.000;10000
Cross-group human-resource pricing structure;Stephanie Lopez;709;734;2022-07-07 14:01:36.000;6000
Universal cohesive parallelism;Joshua Brennan;324;680;2024-05-01 15:36:44.000;4000
Synergized intangible intranet;Derrick Ho;413;180;2022-10-10 06:39:17.000;4000
Innovative systemic algorithm;Earl Green;58;289;2024-04-10 02:34:53.000;10000
Future-proofed web-enabled concept;Kimberly Morris;313;913;2024-01-04 04:40:51.000;4000
Secured regional Internet solution;Joseph Mcconnell;982;24;2024-01-14 04:50:38.000;6000
Managed upward-trending info-mediaries;Andrew Drake;501;643;2022-07-28 19:07:45.000;4000
Business-focused zero administration installation;Christine Gonzalez;52;621;2022-11-03 13:10:57.000;4000
Decentralized global architecture;James Parker;203;733;2022-11-24 12:22:30.000;6000
Total foreground implementation;Mary Simpson;480;317;2022-12-02 08:13:26.000;4000
Cross-group zero administration help-desk;Jasmine Ward;843;579;2024-05-02 02:44:06.000;6000
Operative logistical portal;Tammy Aguilar;136;892;2022-10-26 07:09:01.000;4000
Enterprise-wide context-sensitive open architecture;Shannon Stephens;329;816;2024-02-03 07:50:08.000;6000
Digitized content-based ability;Dylan Hernandez;755;408;2023-05-06 06:34:04.000;10000
Customer-focused user-facing capability;Tyler Morrison;786;621;2023-03-09 02:54:52.000;6000
Optimized human-resource open architecture;Gina Jenkins;747;909;2022-12-07 09:23:21.000;4000
Polarized maximized toolset;John Castillo;693;466;2024-05-27 08:10:03.000;4000
Versatile cohesive moratorium;John Patel;380;587;2023-08-10 14:05:22.000;6000
Secured methodical groupware;Sandra Garner;60;420;2024-05-18 21:09:50.000;4000
Monitored asynchronous focus group;Johnathan Hill;5;646;2022-07-14 02:34:09.000;4000
Secured regional Internet solution;Joseph Mcconnell;1;281;2023-07-08 18:36:09.000;6000
Up-sized dedicated function;Sarah Miller;843;579;2023-02-06 00:10:54.000;6000
Assimilated context-sensitive implementation;Mark Watson;823;940;2023-06-05 02:41:19.000;4000
Diverse scalable Local Area Network;Russell Smith;800;422;2023-09-26 08:02:19.000;4000
Cloned asymmetric middleware;Jonathan Garcia;252;646;2023-03-21 02:40:15.000;6000
Right-sized multi-tasking budgetary management;Gregory Ware;199;496;2024-05-09 03:53:32.000;6000
Secured methodical groupware;Sandra Garner;48;676;2023-06-12 04:17:46.000;10000
Virtual even-keeled parallelism;David Peterson;693;170;2023-11-05 17:01:37.000;6000
Face-to-face foreground definition;Latasha Walker;721;817;2022-11-04 06:53:33.000;4000
Devolved non-volatile analyzer;Luis Gilbert;681;800;2022-12-18 04:23:51.000;10000
Open-source fault-tolerant data-warehouse;Olivia Mason;369;597;2023-10-07 10:32:47.000;10000
Pre-emptive bi-directional instruction set;Taylor Dominguez;210;620;2023-02-14 13:10:08.000;6000
Self-enabling empowering database;Danny Melendez;455;577;2023-05-24 10:02:55.000;4000
Secured holistic toolset;Stephanie Bryan DDS;889;755;2024-05-19 18:57:26.000;6000
Ergonomic value-added open system;Candace Whitaker;977;480;2023-01-03 05:34:15.000;4000
Open-architected needs-based attitude;Roger Castillo;530;566;2022-12-27 03:09:16.000;6000
Proactive 3rdgeneration website;Keith Skinner;366;565;2024-03-30 11:10:48.000;6000
Quality-focused system-worthy Graphical User Interface;Amanda Jackson;810;963;2022-10-26 21:04:40.000;10000
Digitized didactic customer loyalty;Dr. Trevor Silva;836;314;2024-06-16 06:14:16.000;4000
Cloned needs-based toolset;Kelli Horne;513;644;2024-04-27 14:33:18.000;4000
Multi-layered user-facing superstructure;Samantha Spencer;512;827;2023-04-02 19:00:15.000;10000
Phased foreground projection;Teresa Mccall;693;170;2023-02-14 23:33:14.000;4000
Centralized even-keeled open architecture;Rebecca Hodges;956;318;2023-11-02 14:25:45.000;10000
Synergistic systematic open system;Zachary King;90;354;2024-06-12 16:38:00.000;6000
Organic holistic framework;Deborah Johns;627;371;2023-09-03 19:47:45.000;10000
Re-engineered discrete Internet solution;Maria Scott;397;852;2024-04-26 18:14:43.000;6000
Automated asymmetric emulation;Edward Simpson;556;95;2024-04-28 16:33:41.000;4000
Inverse 3rdgeneration utilization;Patricia Crosby;926;559;2023-03-28 00:10:54.000;4000
Innovative upward-trending solution;David Coleman;904;440;2023-03-02 03:14:07.000;6000
Organized composite customer loyalty;Jacob Duran;355;923;2023-10-12 02:16:14.000;6000
Cloned web-enabled service-desk;Michael Reyes;398;18;2023-05-14 09:33:53.000;4000
Self-enabling zero tolerance matrix;Daniel Wilson;618;536;2024-01-23 01:53:48.000;10000
Organic composite strategy;Steven Morgan;696;129;2022-08-26 02:55:02.000;4000
Decentralized 24/7 data-warehouse;Melissa Lewis;755;408;2023-06-21 09:00:20.000;10000
Optimized eco-centric strategy;Jennifer James;229;133;2023-09-10 17:25:27.000;4000
Persistent discrete model;Melissa Jones;771;141;2023-04-06 00:21:42.000;6000
Balanced discrete framework;Dustin Moore;294;905;2022-09-22 16:59:51.000;10000
Profound asymmetric secured line;Kimberly Brown;737;742;2023-01-10 12:50:01.000;6000
Enhanced clear-thinking benchmark;Mark Ramirez;81;240;2023-05-27 19:07:53.000;4000
Multi-channeled next generation moderator;Veronica Holt;32;587;2024-02-01 23:44:08.000;6000
Cloned 4thgeneration info-mediaries;Claire Smith;3;162;2022-07-23 21:20:01.000;4000
Networked optimal matrices;Kimberly Wright;62;464;2023-05-08 14:53:44.000;6000
Function-based dynamic framework;Kathryn Austin;826;637;2023-01-27 12:37:22.000;4000
Ergonomic tertiary moratorium;Jason Phillips;631;929;2023-05-13 07:15:47.000;10000
Innovative eco-centric artificial intelligence;Jason Lewis;385;652;2023-10-03 08:36:24.000;4000
User-friendly encompassing synergy;Elizabeth Woods;406;400;2023-11-21 11:14:00.000;10000
Phased user-facing extranet;Jill Evans;316;69;2023-02-24 08:31:30.000;4000
Programmable multi-tasking capacity;Katherine Estes;615;886;2023-08-30 21:54:23.000;10000
Centralized value-added budgetary management;Matthew Andrews;555;676;2023-10-10 08:16:03.000;6000
Phased global neural-net;Ashley Wallace;845;46;2022-10-09 04:09:52.000;6000
Optimized systemic service-desk;Richard Simmons;456;187;2022-11-25 16:02:48.000;4000
Optimized grid-enabled help-desk;Shannon Doyle;963;648;2023-03-17 04:03:38.000;10000
Decentralized global architecture;James Parker;336;40;2023-02-09 21:10:22.000;10000
Extended impactful application;Brandy Garcia;936;946;2024-01-28 04:58:30.000;10000
Profound multimedia neural-net;Derrick Nelson;790;989;2023-02-14 07:59:22.000;10000
Open-source fresh-thinking Internet solution;Megan Pope;264;736;2024-01-01 10:50:13.000;10000
Down-sized fault-tolerant capability;Mary Kaiser;943;367;2022-12-24 10:53:08.000;4000
Centralized value-added budgetary management;Matthew Andrews;639;701;2023-08-05 21:26:08.000;6000
Multi-tiered directional project;Tanya Potter;720;240;2023-01-19 16:58:04.000;4000
Customizable system-worthy core;Amy Hickman;872;461;2023-09-28 13:32:33.000;10000
Optimized encompassing moratorium;Alison Wright;598;917;2022-07-01 08:48:12.000;6000
Inverse motivating open architecture;Carl Liu;383;807;2023-10-02 11:13:11.000;4000
Balanced systemic solution;Christopher Singh;768;940;2024-01-09 11:00:24.000;4000
Multi-tiered exuding core;Jared Hill;491;569;2022-12-12 00:04:17.000;4000
Phased encompassing complexity;Joshua Weaver;155;573;2024-03-28 21:05:41.000;4000
Synergistic fresh-thinking intranet;Abigail Owens;619;209;2022-08-16 19:14:44.000;6000
Cross-group fresh-thinking collaboration;Carlos Webb;294;905;2024-04-03 05:11:23.000;10000
Profit-focused tertiary knowledgebase;Tammy Harrison;906;142;2023-04-17 19:38:39.000;4000
Self-enabling actuating orchestration;Stephanie Clark;385;652;2023-09-01 02:18:26.000;6000
Intuitive foreground conglomeration;Beth Jacobson;799;924;2024-05-12 19:45:24.000;10000
Profound directional workforce;Tiffany Gray;676;890;2023-09-02 07:54:39.000;4000
Reduced logistical policy;Renee Wong;706;825;2023-09-30 19:02:58.000;6000
Switchable explicit capacity;Patricia Jones;254;249;2024-05-04 22:59:55.000;6000
Mandatory stable architecture;Misty Gonzalez;7;949;2024-01-27 07:52:45.000;4000
Grass-roots cohesive algorithm;Stacy Martinez;246;211;2023-01-13 03:33:25.000;10000
Front-line dedicated project;Jennifer Rose;827;65;2023-03-03 04:15:48.000;6000
Automated 5thgeneration access;Christine Joyce;619;381;2023-09-22 20:56:56.000;4000
Quality-focused scalable alliance;Tracy Padilla;137;696;2024-01-07 17:59:35.000;10000
Organic attitude-oriented project;Cameron Bean;284;903;2022-12-20 21:46:05.000;6000
Mandatory stable architecture;Misty Gonzalez;475;839;2023-06-27 14:45:06.000;10000
Pre-emptive regional capability;Jennifer Stone;36;57;2023-04-19 01:26:46.000;4000
Reverse-engineered mission-critical process improvement;David Browning III;252;646;2022-08-05 06:33:42.000;6000
Robust clear-thinking frame;Jacqueline Owens;761;244;2023-07-06 12:03:27.000;10000
Front-line national methodology;Dustin Owens;639;701;2022-10-07 11:00:09.000;6000
Quality-focused context-sensitive website;James Marshall;883;718;2022-12-22 13:44:50.000;10000
Adaptive leadingedge benchmark;Nathan Nash;830;339;2023-04-06 13:52:17.000;6000
Phased coherent utilization;Tammy Reid;294;634;2024-06-02 10:36:09.000;6000
Total impactful help-desk;Dawn Flynn;710;397;2022-08-10 14:50:27.000;10000
Open-architected needs-based attitude;Roger Castillo;813;618;2024-04-08 19:39:06.000;6000
Realigned grid-enabled structure;Bruce White;371;757;2023-12-12 16:17:45.000;6000
Balanced responsive architecture;Michael Reyes;25;96;2023-11-23 16:46:02.000;6000
Centralized secondary approach;Leslie Kim;704;620;2022-07-03 03:25:42.000;10000
Triple-buffered analyzing functionalities;Kenneth Martinez;417;957;2023-04-30 00:58:20.000;4000
Secured holistic toolset;Stephanie Bryan DDS;792;715;2023-12-08 13:46:50.000;10000
Quality-focused uniform workforce;Gary Owens;312;110;2023-01-20 17:42:16.000;10000
Cross-platform clear-thinking knowledgebase;Jennifer Morales;676;890;2024-01-02 12:01:50.000;6000
Multi-layered user-facing superstructure;Samantha Spencer;467;528;2024-02-24 16:36:56.000;10000
Devolved multi-tasking contingency;Robert Frazier;58;689;2023-02-18 12:10:32.000;4000
Versatile 4thgeneration hardware;Ronald Hendricks;373;473;2024-06-10 12:16:38.000;6000
Synchronized zero tolerance intranet;Charles Best;892;673;2023-02-16 23:10:00.000;6000
Focused intermediate Internet solution;Jason Ewing;199;496;2023-04-23 02:07:30.000;4000
Centralized zero administration project;Sean Oliver;740;277;2024-02-21 11:47:50.000;4000
Switchable background firmware;Max Walsh;282;839;2023-10-29 03:56:54.000;4000
Devolved non-volatile analyzer;Luis Gilbert;81;240;2023-10-16 07:43:37.000;4000
Grass-roots bi-directional collaboration;Raymond Weber;488;866;2023-01-21 08:17:36.000;4000
Public-key didactic encryption;Rodney Miller;424;116;2024-02-28 22:26:56.000;6000
Expanded national project;Mary Brown;997;979;2023-10-06 12:09:06.000;6000
Front-line dedicated project;Jennifer Rose;267;799;2022-09-10 07:23:06.000;10000
Compatible uniform interface;Elizabeth Garza;634;592;2023-05-04 10:15:10.000;10000
Pre-emptive clear-thinking throughput;Veronica Kirby;546;234;2023-08-01 10:20:38.000;6000
Multi-layered uniform monitoring;Rebecca Johnson;574;851;2023-01-27 17:56:00.000;6000
De-engineered cohesive collaboration;William Bradford;681;800;2022-08-22 22:06:20.000;6000
Extended national secured line;John Gonzales;926;559;2023-03-20 13:14:34.000;4000
Networked disintermediate protocol;Travis Rivera;921;340;2023-03-30 02:30:52.000;6000
Exclusive mission-critical structure;Gabriel Rice;157;362;2023-05-19 09:46:37.000;10000
Cross-platform eco-centric instruction set;Tiffany Smith;373;473;2022-10-10 00:04:20.000;6000
Triple-buffered empowering infrastructure;Lisa Sanchez;62;464;2022-08-09 22:20:04.000;4000
Compatible global matrix;Bruce Johnson;999;483;2023-06-15 08:27:35.000;4000
Multi-layered user-facing superstructure;Samantha Spencer;267;799;2022-09-13 11:38:50.000;6000
Open-architected transitional complexity;Shane Davis;246;681;2023-03-10 13:09:33.000;10000
Exclusive mobile architecture;Tanya Montgomery;478;833;2022-09-27 20:28:16.000;4000
Persistent object-oriented hierarchy;Samuel Meza;80;268;2022-08-25 13:09:05.000;4000
Fully-configurable reciprocal workforce;Sean Alvarez;361;817;2023-06-10 03:13:54.000;6000
Ameliorated responsive task-force;Renee Lowe;702;640;2023-03-05 04:46:50.000;4000
Public-key attitude-oriented intranet;James Zhang;810;887;2022-09-27 07:49:12.000;10000
Vision-oriented analyzing portal;George Ramirez;650;564;2023-11-03 15:22:02.000;6000
Optional 24/7 circuit;Kimberly Singh;689;514;2023-01-30 16:46:26.000;4000
Persistent modular Local Area Network;Cheryl Hays;681;669;2024-04-21 16:13:36.000;6000
Versatile interactive concept;Christopher Morris;379;738;2024-03-28 17:11:35.000;4000
Centralized upward-trending budgetary management;Angela Young;144;329;2022-08-14 03:53:56.000;6000
Switchable intermediate website;David Cohen;184;404;2024-06-03 14:03:22.000;6000
Business-focused regional extranet;Allison Buchanan;258;822;2023-10-20 00:45:26.000;4000
Front-line dedicated project;Jennifer Rose;830;716;2023-11-01 21:26:10.000;10000
Synchronized multi-state leverage;Mrs. Sarah Rodriguez DDS;454;74;2023-12-11 17:25:06.000;4000
User-centric even-keeled workforce;Linda Howell;751;648;2022-07-27 10:21:57.000;6000
Proactive high-level flexibility;Dr. Thomas Gomez MD;301;458;2024-04-07 03:15:21.000;10000
Pre-emptive incremental budgetary management;Mr. Jacob Hall;868;877;2024-01-27 00:54:33.000;6000
Visionary value-added flexibility;Kristina Cooper;934;500;2023-12-14 04:12:54.000;10000
Mandatory global function;Melissa Freeman;6;829;2024-01-06 19:11:04.000;6000
Secured intermediate support;Jennifer Blackburn;422;510;2024-06-18 12:39:54.000;4000
Mandatory heuristic array;Melissa Cox;462;720;2023-12-06 01:27:06.000;6000
Programmable clear-thinking Local Area Network;Jerry Farmer;575;168;2023-09-17 06:47:32.000;10000
Multi-tiered exuding core;Jared Hill;284;202;2023-07-09 17:31:41.000;10000
Face-to-face actuating customer loyalty;Morgan Wallace;475;839;2023-03-06 03:57:04.000;10000
Distributed motivating process improvement;Vincent Lewis;366;904;2024-04-13 23:21:35.000;4000
Synergized content-based challenge;Patricia Brown;385;706;2022-10-16 20:23:45.000;6000
Organic analyzing Internet solution;Clifford Flores;654;476;2024-02-14 05:47:13.000;10000
Right-sized composite alliance;Elizabeth Taylor;180;711;2023-06-23 08:33:23.000;10000
Switchable high-level encoding;Theresa Rice;997;979;2023-07-07 00:24:23.000;10000
Centralized zero administration project;Sean Oliver;726;127;2023-06-06 15:40:13.000;6000
Exclusive methodical throughput;Mrs. Rachel Smith;80;218;2022-08-06 21:08:04.000;10000
Future-proofed background frame;Ricardo Saunders;812;964;2024-01-17 21:06:03.000;4000
Programmable context-sensitive contingency;Kelli Lopez;139;392;2024-05-08 03:25:39.000;10000
Versatile optimizing paradigm;Lisa Weeks;801;529;2024-05-17 04:39:12.000;6000
Total empowering flexibility;Hector Lee;483;431;2023-10-30 23:35:22.000;10000
Assimilated systematic firmware;Nicole Edwards;320;119;2024-04-21 10:13:23.000;4000
Decentralized discrete model;William Perry;143;798;2024-02-21 20:15:35.000;10000
Open-architected needs-based attitude;Roger Castillo;42;838;2023-10-12 21:19:24.000;4000
Configurable modular complexity;Jocelyn Krueger;37;792;2023-07-10 08:09:01.000;4000
Automated asymmetric emulation;Edward Simpson;435;211;2023-11-01 16:27:33.000;10000
Right-sized national capacity;Sharon Duffy;242;755;2023-08-09 02:41:30.000;6000
Phased coherent utilization;Tammy Reid;602;360;2022-09-04 22:21:43.000;10000
Organic 6thgeneration capacity;Billy Andrade;253;359;2023-08-06 16:55:17.000;4000
Polarized upward-trending matrix;Stephen Sweeney;989;828;2023-04-10 05:27:28.000;10000
Customizable object-oriented adapter;Kevin Evans;939;827;2023-09-12 01:41:59.000;4000
Multi-tiered fresh-thinking toolset;Brenda Chen;595;134;2023-03-12 18:56:47.000;4000
Vision-oriented well-modulated core;Kathleen Sims;887;909;2022-07-01 08:03:11.000;4000
Multi-lateral tertiary orchestration;Colin Smith;598;917;2022-11-30 10:20:07.000;10000
Face-to-face foreground definition;Latasha Walker;683;486;2024-04-06 01:55:35.000;6000
Sharable attitude-oriented function;Wendy Meyer;643;70;2024-05-25 18:31:03.000;10000
Streamlined well-modulated implementation;Daniel Berg;24;213;2022-12-07 00:08:10.000;6000
Programmable radical protocol;Douglas Andrews;641;403;2023-04-26 16:14:33.000;6000
Self-enabling encompassing interface;Christopher Garcia;552;748;2023-05-23 04:20:28.000;6000
Multi-layered eco-centric open system;Joshua Day;889;755;2022-07-11 17:16:23.000;4000
Devolved zero tolerance firmware;Mark Wilcox;895;41;2022-07-21 21:06:09.000;4000
Pre-emptive next generation synergy;Joshua Cole;279;425;2023-06-01 11:40:05.000;6000
Total impactful help-desk;Dawn Flynn;703;640;2022-08-30 14:26:58.000;10000
Upgradable contextually-based strategy;Austin Webster;218;767;2023-01-13 02:50:13.000;4000
Robust methodical firmware;David Taylor;586;271;2023-08-22 19:55:55.000;4000
Seamless holistic support;Scott Kim;266;428;2024-06-17 14:28:52.000;10000
Re-engineered scalable encryption;Mr. Chad Collins;210;914;2022-07-27 13:24:02.000;10000
Intuitive reciprocal emulation;Michael Williams;462;654;2023-05-13 06:02:39.000;4000
Fundamental context-sensitive customer loyalty;Melanie Ortiz;72;967;2024-04-22 13:58:38.000;10000
Optimized eco-centric strategy;Jennifer James;336;40;2024-04-16 21:16:50.000;4000
Sharable user-facing extranet;Lisa Mendoza;818;724;2024-04-04 18:20:14.000;6000
Future-proofed asynchronous portal;Lisa Payne;504;954;2022-07-01 03:28:24.000;4000
Centralized zero administration project;Sean Oliver;140;995;2023-04-07 10:58:52.000;6000
Advanced national open system;Jeff Hughes;676;881;2022-08-15 17:45:35.000;6000
Multi-channeled next generation moderator;Veronica Holt;58;689;2023-10-22 23:43:40.000;4000
Customer-focused 24hour data-warehouse;Susan Murphy;321;770;2023-03-12 08:03:49.000;6000
Monitored stable paradigm;Jeffrey West;375;616;2024-05-16 06:15:56.000;10000
Multi-layered bifurcated capability;John Goodwin;98;252;2022-11-06 18:07:40.000;10000
Organized asynchronous infrastructure;Tammy Brown;265;680;2024-03-20 10:44:47.000;10000
Cloned needs-based toolset;Kelli Horne;324;680;2023-12-15 15:03:15.000;4000
Cross-group full-range database;Steven Beltran;382;814;2023-03-31 05:59:32.000;10000
Function-based non-volatile hardware;Mr. Michael Bray;234;539;2023-01-29 17:20:17.000;6000
Optional solution-oriented initiative;Jill Morris;491;660;2023-09-30 07:18:22.000;6000
Synchronized tertiary task-force;Alexander Hicks;249;476;2023-11-11 12:12:41.000;10000
Object-based national protocol;Richard Mitchell;199;505;2023-03-13 22:42:41.000;6000
Multi-channeled next generation moderator;Veronica Holt;854;526;2024-03-07 11:46:46.000;10000
Vision-oriented zero-defect synergy;Jerry Chapman;758;487;2023-03-17 08:55:46.000;4000
Public-key foreground open system;Brett Hogan;385;706;2022-09-03 14:13:29.000;10000
Monitored high-level contingency;Debbie Ramos;394;962;2023-07-27 22:09:41.000;4000
Extended national budgetary management;Joshua Dean;1000;92;2024-04-21 07:01:09.000;10000
Balanced responsive architecture;Michael Reyes;675;50;2024-01-06 20:05:12.000;6000
Profound context-sensitive artificial intelligence;Derrick Gonzalez;481;94;2024-05-26 08:47:24.000;10000
Self-enabling actuating orchestration;Stephanie Clark;870;582;2024-05-31 08:13:07.000;10000
Cross-platform mobile forecast;Lisa Ross;368;388;2024-05-12 08:33:44.000;10000
Object-based bifurcated approach;Joshua George;842;602;2024-01-19 00:30:07.000;6000
Operative hybrid Local Area Network;Patricia Smith;574;851;2023-05-28 07:41:13.000;10000
Switchable high-level encoding;Theresa Rice;621;72;2023-11-01 10:06:09.000;10000
Extended bandwidth-monitored conglomeration;Heather Brown;229;133;2023-04-06 09:19:20.000;4000
Down-sized asymmetric system engine;Ryan Ford;780;403;2023-11-05 07:02:34.000;6000
Innovative contextually-based matrix;Kyle Mclaughlin;256;223;2023-03-29 13:51:37.000;10000
Devolved optimizing initiative;Timothy Ramirez;740;171;2023-09-19 20:57:38.000;4000
Virtual grid-enabled hub;Jeffrey Miller;381;719;2022-09-30 22:41:30.000;4000
User-friendly tertiary software;Daniel Murphy;850;290;2024-01-28 12:25:49.000;6000
Open-source system-worthy matrix;Barbara Wolfe;533;935;2023-08-14 02:03:50.000;4000
Managed upward-trending info-mediaries;Andrew Drake;424;116;2024-04-05 22:51:34.000;10000
Profound static installation;Daniel Smith;158;731;2022-09-26 13:12:16.000;10000
Fundamental national matrices;Angela Zhang;801;992;2023-01-02 11:20:48.000;4000
Optional radical algorithm;Michelle Johnson;316;69;2023-01-22 11:24:52.000;10000
Secured holistic toolset;Stephanie Bryan DDS;810;963;2024-04-19 09:04:19.000;10000
Focused composite neural-net;Rebecca Lester;955;50;2024-04-27 21:34:52.000;10000
Ergonomic system-worthy website;Troy Wang;137;176;2024-03-05 00:22:53.000;6000
Multi-layered bifurcated capability;John Goodwin;316;69;2023-06-01 02:41:12.000;10000
Monitored stable pricing structure;Amanda Robbins;60;693;2022-11-22 18:49:53.000;4000
Reactive homogeneous budgetary management;Kaitlin Hill;322;724;2022-09-26 11:52:35.000;4000
Mandatory solution-oriented knowledge user;Amy Brown;139;393;2022-07-11 09:26:02.000;10000
Robust clear-thinking frame;Jacqueline Owens;188;408;2024-02-08 00:06:28.000;6000
Configurable hybrid knowledgebase;Beverly Robinson;110;698;2022-12-01 14:45:20.000;4000
Profit-focused radical implementation;Jonathan Rios;219;592;2024-01-23 00:14:37.000;10000
Monitored high-level contingency;Debbie Ramos;638;957;2024-02-23 01:31:52.000;6000
Optimized human-resource open architecture;Gina Jenkins;775;148;2023-01-18 19:51:17.000;4000
Secured leadingedge Graphical User Interface;Philip Harper;164;677;2023-09-08 21:05:38.000;4000
User-friendly encompassing synergy;Elizabeth Woods;976;5;2023-03-24 20:26:01.000;10000
Pre-emptive zero tolerance flexibility;April Torres;943;367;2024-02-11 04:09:05.000;6000
Triple-buffered analyzing functionalities;Kenneth Martinez;826;637;2024-01-23 00:17:33.000;6000
Programmable holistic encoding;Jennifer Cisneros;861;184;2023-07-03 00:43:55.000;6000
Universal encompassing migration;Catherine Anderson;277;442;2022-08-02 04:20:20.000;4000
Streamlined well-modulated implementation;Daniel Berg;365;464;2023-08-28 09:44:01.000;4000
Operative hybrid Local Area Network;Patricia Smith;461;349;2023-05-17 18:58:28.000;6000
Distributed didactic infrastructure;Samantha Lopez;210;914;2023-07-17 21:52:48.000;4000
Switchable high-level encoding;Theresa Rice;957;504;2022-10-03 18:10:22.000;10000
Quality-focused user-facing Internet solution;Christopher Hogan;480;317;2022-07-15 06:34:41.000;4000
Assimilated contextually-based matrices;Evan Garcia;5;646;2024-05-03 18:26:11.000;4000
Reduced bifurcated website;Tanya Wright;254;371;2022-09-13 22:35:02.000;4000
Exclusive zero administration complexity;Ricardo Weeks;923;954;2023-04-14 09:59:28.000;4000
Customer-focused user-facing capability;Tyler Morrison;165;653;2024-06-23 12:02:55.000;10000
Down-sized fault-tolerant capability;Mary Kaiser;793;256;2023-11-10 04:11:54.000;6000
Team-oriented responsive info-mediaries;David Livingston;751;648;2023-11-06 11:00:20.000;10000
Ergonomic system-worthy website;Troy Wang;590;8;2024-03-02 20:46:43.000;10000
Self-enabling modular initiative;Joseph Hill;269;642;2022-07-27 10:14:35.000;4000
Enterprise-wide user-facing open system;Lucas Johnson;581;713;2024-05-28 15:31:32.000;6000
Self-enabling zero-defect frame;Kristen Todd;409;913;2023-05-28 13:26:56.000;4000
Right-sized incremental workforce;Shaun Cummings;895;41;2023-10-03 15:03:08.000;4000
Grass-roots tertiary function;Jonathan Butler;137;176;2022-08-03 02:49:41.000;4000
Progressive eco-centric strategy;Jessica Roberson;629;711;2024-05-16 11:05:52.000;4000
Self-enabling client-driven middleware;Brandon Harris;279;425;2024-02-17 11:55:19.000;10000
Inverse 6thgeneration intranet;Michael Cantrell;235;178;2022-10-08 10:35:43.000;6000
Extended impactful application;Brandy Garcia;47;870;2022-12-03 23:30:14.000;4000
Cross-group discrete hierarchy;Johnathan Burns;413;180;2022-07-15 04:17:30.000;10000
Secured regional Internet solution;Joseph Mcconnell;578;850;2023-05-28 23:19:44.000;6000
Devolved dynamic implementation;John Jones;569;57;2023-08-02 06:32:35.000;4000
Inverse interactive alliance;Ronald Mathis;54;959;2023-12-31 09:07:34.000;6000
Up-sized explicit model;Jared Larson;310;762;2024-04-05 16:50:19.000;6000
Cloned asymmetric middleware;Jonathan Garcia;530;566;2023-11-04 17:40:21.000;10000
Cloned asymmetric middleware;Jonathan Garcia;175;751;2023-05-22 19:01:30.000;4000
Triple-buffered analyzing functionalities;Kenneth Martinez;329;816;2023-08-22 06:55:38.000;4000
Decentralized well-modulated budgetary management;Jennifer Williams;168;534;2022-12-23 09:53:45.000;6000
Self-enabling modular initiative;Joseph Hill;197;940;2022-07-23 12:00:41.000;4000
Synergized system-worthy model;Brady Collins;834;410;2024-01-07 01:12:22.000;4000
Multi-tiered 3rdgeneration frame;Brad Gomez;328;640;2022-10-22 20:16:19.000;4000
Synergistic fresh-thinking intranet;Abigail Owens;956;887;2023-08-10 02:07:00.000;6000
Mandatory heuristic array;Melissa Cox;747;909;2024-04-18 17:58:53.000;10000
Open-architected bottom-line migration;Colin Fuller;458;397;2024-01-31 12:25:01.000;4000
Ameliorated tertiary application;Jeffery Wilson;332;153;2023-05-02 08:43:55.000;10000
Ameliorated tertiary application;Jeffery Wilson;357;200;2022-09-10 15:20:27.000;10000
Persevering global middleware;Daniel Mullins;878;907;2023-02-13 21:00:01.000;4000
Enterprise-wide object-oriented website;Danielle Black;911;663;2024-01-17 23:11:03.000;10000
Open-architected maximized paradigm;Aaron Lam;475;735;2023-01-23 14:44:22.000;10000
Robust methodical firmware;David Taylor;406;639;2023-02-28 11:13:19.000;6000
Total client-server initiative;Hannah Rangel;375;40;2022-07-03 06:19:52.000;6000
Decentralized context-sensitive moderator;John Nguyen;401;354;2023-09-04 10:08:13.000;4000
Progressive value-added installation;Lindsey Barr;32;587;2023-06-18 04:59:12.000;6000
Persistent tertiary service-desk;Kathleen Huang;640;804;2022-12-29 09:00:06.000;6000
Triple-buffered foreground groupware;Cameron Christian;595;134;2023-10-20 11:03:41.000;4000
Self-enabling 6thgeneration matrix;Andrew Lowery;456;90;2023-05-03 10:44:24.000;4000
Innovative eco-centric artificial intelligence;Jason Lewis;537;907;2024-04-22 04:29:53.000;10000
Self-enabling encompassing interface;Christopher Garcia;721;745;2023-07-24 05:56:55.000;10000
Operative modular Internet solution;Robert Chavez;643;650;2024-05-19 16:15:22.000;6000
Optional solution-oriented initiative;Jill Morris;620;220;2022-08-06 04:15:56.000;10000
Profound 6thgeneration productivity;Beth Moses;436;277;2023-07-26 16:58:06.000;10000
Programmable context-sensitive contingency;Kelli Lopez;684;135;2022-12-16 16:45:54.000;6000
Pre-emptive content-based matrices;Chelsey Harrison;435;211;2023-06-21 18:18:15.000;10000
Sharable leadingedge matrix;Thomas Smith;88;424;2024-01-04 06:57:12.000;4000
Multi-tiered 6thgeneration approach;David Williams;834;410;2023-11-25 13:17:12.000;10000
Devolved zero tolerance firmware;Mark Wilcox;182;784;2023-11-19 07:34:56.000;6000
Ameliorated responsive task-force;Renee Lowe;179;387;2023-04-21 20:26:11.000;10000
Horizontal eco-centric projection;Karen Dillon;871;55;2023-02-11 17:22:48.000;10000
Cross-group full-range database;Steven Beltran;450;973;2024-06-09 19:28:38.000;4000
Inverse 6thgeneration intranet;Michael Cantrell;329;816;2022-12-31 16:44:05.000;6000
Profound tangible info-mediaries;Alexis Roberts;601;776;2024-03-01 17:05:56.000;10000
Customer-focused global algorithm;Carol Mendoza;883;718;2024-05-01 07:37:50.000;10000
Polarized maximized toolset;John Castillo;67;282;2022-09-18 08:07:55.000;10000
Cross-platform contextually-based Graphic Interface;Anna Barr;861;101;2023-06-14 10:13:57.000;4000
Up-sized regional open system;Samantha Murphy;170;707;2023-06-11 00:35:02.000;4000
Reverse-engineered intermediate Internet solution;Logan Roberts MD;57;18;2023-12-16 11:51:06.000;4000
Robust optimal support;Steven Livingston;515;749;2023-05-17 10:55:11.000;6000
Adaptive asynchronous support;Jessica Ramos;173;467;2022-10-20 15:38:33.000;10000
Configurable optimizing neural-net;Bobby Nguyen;642;994;2024-04-15 08:48:07.000;10000
Monitored local success;Dylan Rodriguez;97;902;2022-12-16 07:42:30.000;10000
Balanced systematic website;Nicholas Miller;58;689;2023-07-22 09:06:51.000;10000
Programmable system-worthy focus group;Isaiah Carter;385;589;2023-01-30 17:50:29.000;10000
Progressive attitude-oriented interface;Sarah Schmidt;713;528;2022-08-10 12:24:49.000;6000
Sharable impactful encoding;Brian Riggs;513;644;2022-08-02 18:22:54.000;6000
Optimized human-resource open architecture;Gina Jenkins;786;621;2022-09-10 17:17:40.000;10000
Focused 4thgeneration algorithm;Mary Ellis;110;698;2023-02-27 22:58:22.000;4000
Visionary value-added flexibility;Kristina Cooper;216;506;2023-11-15 08:14:56.000;4000
Phased object-oriented complexity;Brian Thompson;487;936;2024-01-31 04:49:52.000;6000
Front-line national methodology;Dustin Owens;824;695;2024-02-10 09:55:01.000;6000
Self-enabling encompassing interface;Christopher Garcia;219;592;2022-09-28 03:52:59.000;4000
Automated fresh-thinking success;Erica Stewart;747;679;2022-08-07 10:25:03.000;6000
Automated modular function;Jodi Lopez;800;422;2022-12-28 20:54:21.000;10000
Triple-buffered client-server archive;Thomas Phillips;281;873;2022-11-27 21:40:43.000;10000
Implemented real-time concept;Emily Montoya;531;769;2023-12-09 19:41:19.000;6000
Multi-lateral foreground throughput;Valerie Barry;718;136;2023-11-08 10:09:35.000;10000
Networked heuristic orchestration;Miss Valerie Martinez;380;371;2022-12-10 23:36:41.000;4000
Phased fault-tolerant leverage;Robert Hayes;893;301;2024-04-30 06:45:26.000;4000
Monitored asynchronous Graphic Interface;Curtis Gordon;976;5;2022-08-14 01:54:07.000;6000
Advanced demand-driven moratorium;Jamie Brewer;955;925;2024-03-31 00:42:48.000;6000
Cross-platform eco-centric instruction set;Tiffany Smith;489;299;2023-06-25 03:46:55.000;10000
De-engineered actuating analyzer;Tiffany Curry;640;811;2022-11-10 09:30:43.000;6000
Open-source optimizing parallelism;Brandy Thompson;956;797;2024-06-03 08:12:33.000;10000
Adaptive asynchronous support;Jessica Ramos;541;993;2022-09-08 01:27:11.000;4000
Grass-roots dedicated time-frame;Jim Rivera II;721;745;2022-12-01 14:27:56.000;4000
Reduced even-keeled firmware;Miguel Harrison;301;458;2023-09-08 00:19:41.000;10000
Ameliorated heuristic task-force;Pamela Barry;279;425;2023-05-04 05:16:17.000;10000
Optimized grid-enabled solution;Jennifer Campbell;710;655;2023-08-19 00:25:45.000;6000
Right-sized dedicated middleware;Rebecca Villa;765;149;2022-08-28 06:11:05.000;6000
Progressive eco-centric strategy;Jessica Roberson;565;64;2023-03-07 23:44:04.000;4000
Persevering bandwidth-monitored throughput;Caleb Hart;241;838;2024-05-10 05:36:12.000;10000
Function-based asymmetric superstructure;Lisa Garcia;290;291;2024-05-30 16:15:40.000;10000
Triple-buffered systemic Local Area Network;Yvonne Ramsey;383;807;2023-12-29 03:09:00.000;6000
User-friendly empowering archive;Dakota Brewer;127;869;2024-06-02 07:01:42.000;10000
Optimized 24/7 framework;Rebecca Black;196;878;2022-07-25 18:23:16.000;6000
Right-sized multi-tasking budgetary management;Gregory Ware;111;544;2023-03-19 00:05:55.000;6000
Managed 5thgeneration functionalities;Donald Hall;308;913;2023-12-09 17:38:11.000;10000
Fully-configurable scalable throughput;Eric Butler;923;954;2023-07-22 01:48:07.000;4000
Profound context-sensitive artificial intelligence;Derrick Gonzalez;331;78;2024-06-02 22:40:24.000;10000
Universal encompassing migration;Catherine Anderson;234;539;2023-09-04 20:28:08.000;10000
Reduced logistical policy;Renee Wong;660;259;2024-03-14 11:08:42.000;10000
Multi-layered eco-centric open system;Joshua Day;6;828;2023-06-14 06:27:42.000;10000
Versatile full-range hardware;Rebecca Allen;858;842;2023-12-22 09:02:04.000;4000
Stand-alone uniform utilization;Samantha Jackson;713;528;2023-11-12 12:42:25.000;4000
Innovative upward-trending solution;David Coleman;811;488;2023-08-22 16:55:27.000;4000
Expanded dynamic help-desk;Sally Torres;99;424;2023-11-16 20:09:51.000;4000
Cloned coherent solution;Sean Black;241;435;2023-06-11 11:44:28.000;6000
Distributed didactic infrastructure;Samantha Lopez;759;268;2024-03-08 13:42:10.000;10000
Monitored interactive task-force;Jonathan Young;789;390;2023-05-27 21:56:27.000;10000
Inverse 6thgeneration intranet;Michael Cantrell;518;800;2022-08-04 07:31:23.000;4000
Reduced eco-centric infrastructure;Justin Bowman;817;794;2023-06-24 03:07:28.000;4000
Synergized contextually-based portal;Katelyn Gordon;386;863;2023-01-28 03:08:31.000;10000
Robust eco-centric artificial intelligence;John King;279;425;2024-02-02 23:12:12.000;4000
Innovative holistic frame;Michelle Koch;638;124;2023-02-08 10:48:56.000;10000
Re-engineered tertiary challenge;Vanessa Vang;791;313;2024-01-18 13:56:18.000;6000
Synchronized multi-state leverage;Mrs. Sarah Rodriguez DDS;574;851;2022-08-14 10:52:15.000;4000
Face-to-face needs-based approach;Christy Martinez;916;822;2023-04-02 06:05:10.000;4000
Synergistic client-driven instruction set;Ronald Navarro;780;403;2024-01-06 15:11:51.000;6000
Triple-buffered impactful function;Tristan Torres;877;62;2023-01-28 15:13:15.000;6000
Devolved 5thgeneration installation;Diana Strickland;723;392;2022-09-17 16:40:29.000;4000
Customer-focused human-resource firmware;Christopher Bauer Jr.;531;83;2022-09-06 17:52:18.000;10000
Monitored stable paradigm;Jeffrey West;811;47;2022-09-20 00:23:34.000;6000
Reverse-engineered value-added encoding;Kenneth Moore;132;32;2024-05-03 19:30:34.000;10000
Profound optimal matrices;Heather Strong;100;901;2022-10-05 07:06:28.000;4000
Profound asynchronous implementation;Jimmy Cunningham;671;926;2024-03-15 06:09:34.000;4000
Advanced reciprocal capability;Jane Sanchez;639;410;2023-11-19 03:34:39.000;4000
Operative motivating Graphic Interface;Candace Phillips;793;984;2023-07-09 19:24:48.000;4000
Compatible high-level installation;Mitchell Bell;627;371;2023-06-28 23:27:03.000;6000
Profound directional workforce;Tiffany Gray;866;765;2023-10-31 01:00:55.000;6000
Quality-focused composite orchestration;Jared Bennett;892;162;2022-12-28 20:38:19.000;6000
Progressive asynchronous extranet;Olivia Lee;97;700;2023-12-19 08:41:27.000;10000
Mandatory systemic approach;Martin Crawford;915;300;2023-12-29 03:08:08.000;4000
Streamlined cohesive definition;Erin Alvarado;702;640;2023-08-08 16:08:53.000;10000
De-engineered dynamic neural-net;Christopher Wells;632;795;2022-07-12 08:33:13.000;4000
Open-source composite migration;Jeffery Hahn;586;271;2024-02-06 14:55:37.000;4000
Multi-layered eco-centric open system;Joshua Day;590;8;2023-05-14 16:54:18.000;10000
User-friendly empowering archive;Dakota Brewer;216;506;2023-10-07 17:54:06.000;10000
Profound context-sensitive artificial intelligence;Derrick Gonzalez;838;757;2024-01-25 10:13:03.000;4000
Synergistic global artificial intelligence;Hannah Lewis;233;549;2024-01-17 08:30:09.000;4000
Seamless coherent process improvement;Alison Combs;65;760;2022-07-31 15:01:30.000;4000
Phased web-enabled Graphic Interface;Jennifer Madden DVM;110;698;2024-05-09 04:43:36.000;6000
Cross-platform clear-thinking knowledgebase;Jennifer Morales;482;936;2022-08-05 10:52:50.000;10000
Grass-roots asymmetric function;Christopher Reyes;22;944;2023-11-11 04:28:32.000;6000
Vision-oriented zero-defect synergy;Jerry Chapman;467;348;2023-08-17 00:50:43.000;10000
Advanced next generation algorithm;Edward Morrison;98;252;2023-02-05 04:22:44.000;4000
Mandatory stable architecture;Misty Gonzalez;228;433;2023-04-02 05:24:46.000;10000
Upgradable background methodology;Larry Hendricks;525;899;2023-05-15 19:36:03.000;4000
Realigned homogeneous paradigm;Jacqueline Miles;67;282;2023-12-03 14:33:56.000;6000
Customizable dedicated implementation;Anna Newton;3;969;2023-10-02 09:28:12.000;10000
Fully-configurable upward-trending process improvement;Alyssa Hernandez;586;271;2024-04-20 11:34:18.000;10000
Programmable 24/7 migration;James Ellis;180;343;2023-12-08 02:29:58.000;6000
Expanded clear-thinking structure;James Parker;681;800;2024-01-21 10:57:20.000;10000
Horizontal 24hour data-warehouse;Kristopher Lane;579;192;2022-09-17 13:02:35.000;4000
Enhanced directional encoding;Isaiah Mcdonald;359;94;2023-12-27 01:19:55.000;6000
Enhanced real-time software;Anthony Bailey;242;755;2022-08-27 02:37:59.000;4000
Up-sized 3rdgeneration Graphic Interface;Donna Herring;254;249;2023-01-08 09:52:05.000;10000
Balanced needs-based pricing structure;Mary Patton;758;487;2023-05-07 15:45:05.000;6000
Re-engineered modular attitude;Shane Martinez;528;871;2022-10-23 10:42:58.000;4000
Open-architected needs-based utilization;Levi Nguyen;723;392;2022-08-27 13:07:38.000;4000
Intuitive dynamic hardware;Shannon Russell;277;442;2024-04-17 23:17:26.000;4000
Triple-buffered impactful system engine;Andrea Mccoy;494;807;2022-10-08 06:42:47.000;10000
Visionary real-time groupware;Leslie Moore;315;208;2022-11-28 16:58:25.000;10000
Business-focused context-sensitive strategy;Christina Cruz;310;540;2022-07-08 03:20:12.000;10000
Distributed object-oriented model;Christian Gibson;480;317;2023-03-16 18:57:56.000;10000
Ameliorated encompassing initiative;Meghan Carroll;93;327;2022-10-06 16:34:56.000;4000
Diverse scalable Local Area Network;Russell Smith;590;8;2022-12-22 13:05:18.000;4000
Networked optimal matrices;Kimberly Wright;876;53;2023-01-13 04:49:15.000;4000
Total empowering flexibility;Hector Lee;689;514;2023-05-27 09:45:25.000;10000
Advanced next generation algorithm;Edward Morrison;172;248;2024-01-08 18:54:47.000;10000
Re-engineered scalable encryption;Mr. Chad Collins;621;72;2024-01-09 16:00:50.000;6000
Multi-lateral maximized approach;Angela Franco;131;971;2022-12-29 00:26:34.000;6000
Extended bottom-line toolset;Lonnie Flores;893;857;2023-07-20 14:22:22.000;6000
Universal actuating complexity;Crystal Williams;28;938;2023-01-15 11:44:43.000;4000
Extended impactful application;Brandy Garcia;202;572;2023-02-25 19:32:21.000;6000
Customizable object-oriented architecture;Wendy Mendoza;761;244;2024-04-23 06:05:53.000;6000
Distributed zero tolerance focus group;Justin Bridges;67;609;2023-09-08 22:44:53.000;10000
Right-sized incremental workforce;Shaun Cummings;679;900;2023-09-29 16:45:36.000;6000
Reverse-engineered mission-critical process improvement;David Browning III;425;672;2022-10-27 15:58:13.000;10000
Mandatory heuristic array;Melissa Cox;236;526;2023-01-16 14:31:44.000;4000
Enhanced foreground methodology;Laura Rocha;168;534;2022-12-15 17:39:22.000;10000
Virtual full-range moderator;David King;209;837;2022-10-01 23:02:44.000;6000
Enterprise-wide object-oriented website;Danielle Black;436;188;2023-06-27 23:38:48.000;10000
Visionary value-added flexibility;Kristina Cooper;786;805;2022-12-01 06:49:53.000;4000
Enhanced non-volatile Graphical User Interface;Victoria Walker;581;713;2023-06-14 00:43:10.000;6000
Down-sized regional knowledge user;Martin Chapman;48;243;2023-06-24 17:18:48.000;6000
Vision-oriented user-facing infrastructure;Jamie Sanchez;492;81;2024-03-31 20:39:44.000;4000
Reduced even-keeled firmware;Miguel Harrison;357;200;2022-11-05 14:12:55.000;4000
Open-architected maximized paradigm;Aaron Lam;590;8;2024-01-25 10:10:23.000;6000
Distributed optimal system engine;Shannon Marsh;428;487;2023-01-12 05:24:48.000;10000
Profound optimal matrices;Heather Strong;231;39;2023-06-17 09:17:28.000;6000
Function-based 5thgeneration moratorium;Matthew Powers;360;581;2022-11-21 10:21:09.000;4000
Persevering cohesive frame;Denise Sanders;207;83;2023-03-09 14:19:51.000;10000
Enhanced reciprocal throughput;Michael Khan;173;830;2023-12-01 18:22:05.000;6000
Networked optimal matrices;Kimberly Wright;95;806;2023-03-23 11:20:23.000;6000
Configurable hybrid knowledgebase;Beverly Robinson;993;670;2023-08-05 03:14:08.000;4000
Horizontal clear-thinking secured line;Daniel Johnson;929;377;2024-03-09 04:43:51.000;10000
Inverse methodical superstructure;Jacob Harris;671;926;2023-09-08 02:58:18.000;10000
Reduced logistical policy;Renee Wong;328;303;2023-10-30 15:55:10.000;10000
Business-focused asynchronous challenge;Megan Miller;795;805;2023-10-06 14:26:01.000;6000
Persistent object-oriented hierarchy;Samuel Meza;332;23;2024-05-01 05:26:22.000;10000
Implemented high-level open system;Isaiah Roman;823;940;2022-09-18 06:24:02.000;4000
Self-enabling disintermediate process improvement;Holly Brown;631;47;2024-03-28 01:11:45.000;4000
Universal zero-defect info-mediaries;Anthony Newton;41;971;2023-04-05 20:02:37.000;6000
Programmable system-worthy focus group;Isaiah Carter;510;577;2022-10-28 14:02:22.000;6000
Seamless analyzing frame;Reginald Roman;407;112;2024-06-18 12:42:41.000;6000
Public-key content-based complexity;Alicia Davenport;136;892;2023-08-07 07:58:09.000;6000
Upgradable well-modulated matrix;Nicholas Mcgee;602;993;2023-02-06 08:07:11.000;6000
Horizontal modular extranet;Dawn Hill;396;38;2023-07-08 08:48:55.000;10000
Ameliorated client-server migration;Jessica Bailey;168;534;2023-10-15 15:41:46.000;6000
Implemented demand-driven Graphic Interface;Johnathan Martin;375;616;2024-04-12 01:20:30.000;4000
Enterprise-wide transitional secured line;Christine Vazquez;589;93;2023-11-21 11:57:11.000;10000
Exclusive radical pricing structure;Adam Floyd;532;307;2024-05-31 08:27:39.000;10000
Balanced actuating access;Carlos Ward;600;77;2023-02-04 20:18:34.000;6000
Stand-alone 24hour info-mediaries;Christopher Lester;431;387;2022-08-15 17:10:56.000;10000
User-friendly intangible encoding;Jose Smith;914;660;2023-02-09 10:42:02.000;4000
Right-sized heuristic conglomeration;Scott Walker;388;615;2022-08-04 04:24:12.000;4000
Vision-oriented asynchronous firmware;Joseph Johnson;520;88;2023-05-12 07:32:55.000;6000
Multi-lateral even-keeled interface;Austin Adams;214;868;2023-12-12 07:46:34.000;4000
Switchable clear-thinking orchestration;Caitlin Carlson;826;226;2023-06-10 02:20:02.000;4000
Inverse 3rdgeneration utilization;Patricia Crosby;454;402;2022-07-08 10:42:20.000;4000
Focused responsive project;Christopher Mayo;290;291;2023-05-23 05:35:59.000;10000
Realigned didactic hub;Tammy Smith;990;70;2024-05-18 17:07:20.000;10000
Visionary value-added flexibility;Kristina Cooper;4;566;2023-06-20 11:09:26.000;6000
Versatile cohesive moratorium;John Patel;261;21;2023-08-01 18:47:56.000;4000
Polarized fault-tolerant emulation;Robin Smith;510;807;2023-11-24 19:56:04.000;6000
Up-sized asymmetric utilization;Gary Blair;939;827;2023-07-25 13:52:29.000;10000
Stand-alone uniform utilization;Samantha Jackson;869;532;2022-11-11 17:32:57.000;6000
Intuitive 24/7 orchestration;Janice Berg;479;110;2023-02-28 05:32:24.000;4000
