"id_compra";"nombre_pelicula";"director";"id_sala";"id_cine";"ts";"cuit";"cantidad"
2001;Synergized clear-thinking leverage;Jerome Brady;793;957;2024-02-12 06:31:10.000;56607645940;8
2002;Vision-oriented intangible productivity;Dylan Larson;233;862;2023-11-11 07:00:13.000;93142507314;4
2003;Synergized clear-thinking policy;Michael Butler;259;69;2023-07-06 04:17:34.000;63105097993;7
2004;Seamless explicit Internet solution;Kenneth Gibson;210;313;2024-02-06 05:37:34.000;51784493841;2
2005;Multi-layered mobile moderator;Kimberly Moore;44;246;2023-07-18 23:26:59.000;31144925132;7
2006;Persistent national matrix;Mr. William Mcdonald;377;491;2023-12-05 21:56:40.000;30718569938;5
2007;Grass-roots 4thgeneration approach;Tracey Bell;744;458;2024-04-09 18:51:29.000;98750727204;10
2008;Fully-configurable national throughput;Grace Mcmillan;667;226;2023-12-10 12:19:19.000;31847602654;5
2009;Managed uniform parallelism;Daniel Davis;46;751;2023-11-17 02:56:17.000;21086248759;5
2010;Balanced well-modulated architecture;James Patterson;927;122;2024-04-27 05:27:16.000;44545917775;8
2011;Multi-lateral scalable moratorium;Lori Dominguez;411;980;2023-08-20 19:04:59.000;25503525226;1
2012;Multi-lateral next generation application;John Garcia;785;660;2023-10-20 22:24:30.000;67885097492;2
2013;Multi-lateral next generation application;John Garcia;785;660;2023-10-20 22:24:30.000;63921211689;2
2014;Optimized empowering productivity;Kathryn Allen;831;452;2024-01-28 04:44:31.000;34524273777;9
2015;Centralized modular utilization;Russell Wilkins;901;837;2023-05-13 22:46:35.000;99147311027;8
2016;Multi-channeled zero administration success;John Hudson;56;396;2023-08-24 10:45:30.000;42546198446;6
2017;Diverse background strategy;Miss Katie Smith PhD;474;860;2023-11-30 12:49:43.000;40436234112;8
2018;Persevering zero administration workforce;Joshua Garcia;994;831;2023-05-27 22:30:20.000;79010510168;10
2019;Switchable mobile conglomeration;Kristina Brown;70;448;2024-03-18 21:48:27.000;80126720902;1
2020;Distributed bandwidth-monitored initiative;Tanya Stafford;536;533;2024-02-07 11:52:20.000;75666936078;3
2021;Managed uniform parallelism;Daniel Davis;46;751;2023-11-17 02:56:17.000;36112204620;6
2022;Devolved systematic groupware;Mark Rivera;907;841;2023-09-29 23:10:24.000;79010510168;4
2023;Team-oriented next generation neural-net;Kristen Navarro;436;529;2024-01-15 01:44:06.000;33527794150;8
2024;Versatile upward-trending toolset;Edwin Duffy;894;456;2024-03-04 16:39:53.000;44734495840;3
2025;Exclusive well-modulated capability;Meagan Walls;276;250;2023-09-28 12:41:45.000;89023535717;2
2026;De-engineered solution-oriented secured line;Tina Moore;194;849;2023-06-29 13:20:31.000;65626248624;7
2027;Cloned 3rdgeneration adapter;James Smith;220;86;2023-12-07 02:55:44.000;92395358837;5
2028;Exclusive human-resource solution;Lindsay Ross;377;850;2024-01-22 01:08:56.000;86514581317;4
2029;Managed upward-trending benchmark;Oscar Lopez;297;398;2024-05-01 23:10:34.000;64766278299;10
2030;Cloned neutral array;Jennifer Greer;771;128;2024-02-15 23:41:49.000;51484079792;3
2031;Object-based bottom-line hardware;John Lambert II;386;764;2023-10-30 21:09:44.000;21579611291;6
2032;Progressive tertiary policy;Sandra Francis;512;675;2023-08-18 14:07:49.000;75396546116;4
2033;Centralized dynamic Local Area Network;Melissa Gomez;230;244;2023-07-27 09:56:38.000;67922422153;6
2034;Digitized fault-tolerant alliance;Stacey Huang;542;178;2023-05-20 11:44:08.000;60367755917;2
2035;Customer-focused client-driven access;Patty Rogers;404;385;2023-06-14 08:15:20.000;79130250847;7
2036;Balanced well-modulated architecture;James Patterson;927;122;2024-04-27 05:27:16.000;28092065792;2
2037;Total didactic extranet;Rachel Vazquez;623;687;2024-02-26 16:11:50.000;49373414983;4
2038;Optional hybrid budgetary management;Dr. Jonathan Haynes MD;385;843;2024-02-02 07:06:32.000;11869131678;10
2039;Centralized modular utilization;Russell Wilkins;461;620;2023-12-16 01:47:46.000;19168116896;3
2040;Switchable mobile conglomeration;Kristina Brown;70;448;2024-03-18 21:48:27.000;23810449669;9
2041;Intuitive dynamic model;Douglas Edwards;744;458;2023-07-18 02:20:32.000;62727331625;1
2042;Profit-focused responsive Internet solution;Donna Khan;348;841;2024-03-19 02:29:19.000;16127033001;2
2043;Secured well-modulated productivity;Thomas Perry;342;554;2023-08-13 23:05:44.000;92743099071;10
2044;Automated local parallelism;Gloria Greene;185;600;2024-02-05 02:23:53.000;42811971403;6
2045;Down-sized executive website;Angela Gomez;70;448;2024-04-21 21:51:38.000;78658685303;7
2046;Compatible solution-oriented data-warehouse;Henry Wright;150;863;2023-09-29 02:37:23.000;52043580350;4
2047;Organic multimedia collaboration;Dana Crawford;188;4;2024-01-04 01:33:23.000;45409403634;1
2048;Face-to-face mission-critical approach;Ronald Watson;827;527;2023-09-22 15:13:44.000;75993467661;6
2049;Streamlined actuating contingency;Gene Daniels;929;856;2023-12-30 09:32:09.000;44545917775;2
2050;Multi-layered value-added challenge;Xavier Hoover;101;648;2023-10-23 04:56:57.000;65296451842;4
2051;Enhanced grid-enabled customer loyalty;Linda Terrell;214;801;2024-02-18 19:37:45.000;90148465967;2
2052;Total 5thgeneration adapter;George Guzman;689;788;2024-01-14 12:04:49.000;95853442622;1
2053;Ameliorated asynchronous emulation;Taylor Hendrix;885;476;2023-06-27 03:39:21.000;75020229994;3
2054;Universal dynamic leverage;Amy Mcintyre;944;517;2023-10-27 04:50:17.000;67317623540;1
2055;Intuitive coherent access;Amanda Johnson;47;57;2024-04-12 03:16:55.000;64976912297;4
2056;Grass-roots bottom-line knowledge user;Michelle Evans;293;541;2023-12-24 22:50:25.000;26544425509;6
2057;Programmable 4thgeneration protocol;Ashley Smith;828;538;2023-10-29 00:37:07.000;33161596702;8
2058;Multi-lateral 24hour protocol;Connie Nelson;280;365;2023-12-05 16:15:16.000;61560736727;6
2059;Streamlined intangible Graphical User Interface;Andrew Lee;205;854;2023-07-22 16:54:58.000;66733341087;6
2060;Quality-focused attitude-oriented projection;Marilyn Combs;700;456;2023-08-06 23:46:49.000;38330585172;1
2061;Horizontal asynchronous archive;Kristin Hill;845;64;2024-02-01 04:20:21.000;58865183073;10
2062;Total didactic extranet;Rachel Vazquez;41;168;2024-04-15 18:36:06.000;27476676926;8
2063;Cross-platform attitude-oriented capability;William Watson;624;671;2023-07-19 04:09:13.000;44784746477;5
2064;Customizable logistical initiative;Billy Moody;121;980;2024-01-01 00:04:31.000;31618326774;10
2065;Integrated interactive artificial intelligence;Richard Hutchinson;363;450;2024-05-03 22:29:41.000;51739900999;7
2066;Cloned 24hour open system;Douglas Ford;669;82;2024-02-23 03:25:54.000;45255105238;9
2067;Implemented analyzing solution;Terrance Smith;814;709;2024-04-01 04:30:51.000;25458350118;2
2068;Self-enabling mission-critical open system;David Woodard;867;954;2023-06-17 21:52:48.000;52810822043;2
2069;Enterprise-wide foreground support;James Ward;74;805;2023-07-10 17:53:57.000;42363532551;3
2070;Automated background knowledgebase;Cody Macias;726;391;2023-10-10 18:13:18.000;10523472752;5
2071;Synergistic optimizing ability;Jesse Randolph;507;692;2023-12-29 11:31:23.000;58590968439;9
2072;Proactive discrete open architecture;Kara Lee;860;163;2024-01-05 23:19:56.000;15301787650;6
2073;Virtual client-driven adapter;Nicholas Henderson II;502;908;2023-09-24 14:28:44.000;77576584517;3
2074;Balanced 24hour website;Jason Horne;814;92;2023-09-23 13:36:12.000;39194580176;3
2075;Exclusive well-modulated capability;Meagan Walls;276;250;2023-09-28 12:41:45.000;78473110413;4
2076;Integrated multi-state conglomeration;Erin Floyd;44;246;2023-12-20 13:02:07.000;11656245600;3
2077;Fully-configurable national throughput;Grace Mcmillan;667;226;2023-12-10 12:19:19.000;33161596702;8
2078;Front-line attitude-oriented architecture;Brooke Silva;791;35;2023-12-04 06:38:30.000;78658685303;3
2079;Function-based 24hour middleware;Tyler Clark;370;959;2023-06-16 22:13:48.000;56850496438;9
2080;Managed 5thgeneration help-desk;Brandon Chambers;105;593;2024-02-07 13:53:08.000;45459882719;10
2081;Cross-platform local archive;Thomas Morris;428;350;2023-12-26 14:40:20.000;87272943867;7
2082;Mandatory demand-driven Local Area Network;Jeremy Shaw;591;582;2023-09-22 11:54:50.000;37310618623;9
2083;Distributed eco-centric groupware;Luke Cruz;532;759;2024-03-08 14:19:45.000;57842694338;1
2084;Inverse logistical circuit;Michelle Alvarado;214;719;2023-11-30 00:44:33.000;39958649565;10
2085;Balanced zero-defect ability;Anthony Howard;300;624;2024-04-01 03:53:54.000;86559219970;6
2086;Optional hybrid budgetary management;Dr. Jonathan Haynes MD;863;731;2024-03-28 13:55:16.000;80150347566;5
2087;Profound content-based Graphical User Interface;Nathan Vargas;428;584;2024-03-10 00:07:02.000;12495379288;7
2088;Digitized content-based open system;John Smith;51;357;2023-07-18 14:42:57.000;58845409101;1
2089;Diverse asynchronous open system;Michelle Rosario MD;907;366;2023-05-13 01:00:21.000;66982380794;8
2090;Face-to-face tertiary hub;Mr. Michael Dennis;622;299;2023-06-17 02:41:06.000;55923505844;7
2091;Synergized clear-thinking policy;Michael Butler;900;168;2023-06-08 13:06:09.000;73342301416;5
2092;Cross-group optimizing info-mediaries;Margaret James;866;843;2023-07-27 13:47:21.000;56281293245;6
2093;Phased directional productivity;Rebecca Frye;402;741;2023-07-07 01:12:04.000;75666936078;3
2094;Innovative scalable customer loyalty;Shannon Turner;623;466;2024-01-08 07:33:45.000;60499575127;9
2095;Diverse well-modulated website;Denise Duran;239;688;2023-05-10 19:06:14.000;27026927341;8
2096;Automated human-resource time-frame;Alison Wolfe;177;980;2023-09-11 10:10:33.000;84238118587;4
2097;Total non-volatile software;Kayla Jones;340;934;2024-04-12 20:45:18.000;87384982749;6
2098;Decentralized heuristic circuit;Diana Velez;487;976;2023-07-04 06:36:19.000;18141286262;2
2099;Networked tangible initiative;Scott Perkins;730;720;2024-03-25 08:38:26.000;20947023780;4
2100;Proactive empowering benchmark;David Robinson;512;675;2023-08-25 05:31:11.000;41249443216;6
2101;Seamless explicit Internet solution;Kenneth Gibson;744;458;2023-05-20 08:54:07.000;61757459779;10
2102;Inverse foreground time-frame;Joseph Walker;874;596;2023-09-16 06:15:54.000;41153660739;3
2103;Balanced 24hour website;Jason Horne;876;548;2023-05-22 14:24:08.000;79801351642;6
2104;Open-source didactic infrastructure;Danny Roberts;860;163;2023-07-06 10:24:22.000;61987540285;2
2105;Progressive clear-thinking customer loyalty;Wesley Kim;436;388;2023-09-27 20:51:37.000;96935924455;10
2106;Mandatory real-time attitude;Anthony Adams;268;108;2024-04-29 11:08:53.000;28480585945;3
2107;Managed upward-trending benchmark;Oscar Lopez;297;398;2024-05-01 23:10:34.000;18250819044;6
2108;Secured incremental knowledge user;Melissa Snyder;406;465;2023-05-13 18:36:19.000;80087399423;7
2109;Team-oriented bandwidth-monitored policy;Thomas Pham;919;188;2024-01-04 07:27:50.000;88471847385;6
2110;Devolved systematic groupware;Mark Rivera;403;342;2023-05-13 16:34:29.000;19474117312;2
2111;Virtual transitional moderator;Courtney Church;243;174;2023-08-05 08:59:04.000;84933602539;4
2112;Horizontal radical approach;Brandon Baxter;837;59;2024-03-14 12:24:58.000;23320603915;9
2113;Secured local challenge;Joshua Wilcox;395;461;2024-05-08 08:12:35.000;90623425895;5
2114;Total non-volatile software;Kayla Jones;340;934;2024-04-12 20:45:18.000;58845409101;1
2115;Optional mobile array;Sandra Bridges;214;313;2024-04-01 17:01:14.000;74757157520;8
2116;Team-oriented bandwidth-monitored infrastructure;Tamara Garcia;882;294;2024-01-15 11:30:37.000;14061353220;1
2117;Multi-channeled zero administration success;John Hudson;56;396;2023-08-24 10:45:30.000;58506328584;3
2118;Integrated multi-state conglomeration;Erin Floyd;582;171;2023-07-29 11:18:49.000;87287809240;10
2119;Reverse-engineered web-enabled throughput;Victor Jones;690;79;2023-08-05 10:18:18.000;78473110413;5
2120;Object-based bottom-line hardware;John Lambert II;386;764;2023-10-30 21:09:44.000;49060218611;1
2121;Diverse well-modulated website;Denise Duran;239;688;2023-05-10 19:06:14.000;72712037732;3
2122;User-centric object-oriented superstructure;David Richardson DVM;724;222;2024-03-04 08:36:07.000;98248439805;8
2123;Business-focused coherent function;Gerald Howell;817;848;2024-02-27 20:33:06.000;13076392996;5
2124;Face-to-face cohesive strategy;Tanya Gentry;943;933;2023-06-06 23:46:47.000;52805053219;6
2125;Realigned solution-oriented methodology;Richard Cherry;262;886;2024-05-03 23:50:27.000;72712037732;7
2126;Proactive demand-driven policy;Melissa Bautista;320;449;2023-06-20 15:06:10.000;45502063144;10
2127;Enterprise-wide foreground support;James Ward;511;342;2023-05-14 11:54:11.000;18250819044;1
2128;Enhanced grid-enabled customer loyalty;Linda Terrell;214;801;2024-02-18 19:37:45.000;34970579363;3
2129;Innovative optimizing capacity;Drew Walters;364;454;2023-10-26 18:58:38.000;10495945293;3
2130;Cross-group optimizing info-mediaries;Margaret James;866;843;2023-07-27 13:47:21.000;77576584517;9
2131;Triple-buffered tertiary neural-net;Jon Wu;814;451;2023-07-13 23:16:01.000;79975636001;3
2132;Cross-group fresh-thinking framework;Emily Clark;537;587;2023-07-10 01:29:41.000;11601164897;8
2133;Profound impactful process improvement;Karen Ruiz;980;478;2023-12-07 15:26:55.000;69662462085;10
2134;Triple-buffered solution-oriented website;Seth Wiley;722;448;2024-03-23 15:47:46.000;30447063940;4
2135;Devolved bifurcated attitude;Kevin Pineda;230;244;2024-05-01 15:37:45.000;81549403409;3
2136;Switchable intangible forecast;Elizabeth Shaw;443;733;2024-04-04 04:40:41.000;75666936078;6
2137;Devolved bifurcated attitude;Kevin Pineda;230;244;2024-05-01 15:37:45.000;47395755355;10
2138;Reactive zero-defect core;Alisha Fernandez;697;556;2024-03-12 23:43:56.000;88731748715;9
2139;Seamless explicit Internet solution;Kenneth Gibson;558;369;2024-04-29 10:43:39.000;18250819044;10
2140;Enterprise-wide foreground support;James Ward;960;268;2023-09-12 22:32:47.000;17502295971;4
2141;Ameliorated content-based architecture;Melissa Baker;602;434;2023-06-26 08:35:00.000;30547621590;9
2142;Triple-buffered dynamic challenge;Scott Martinez;405;971;2023-07-14 09:50:21.000;89381131810;1
2143;Secured optimal forecast;Carolyn Lawson;938;44;2024-03-21 02:03:49.000;90524404181;6
2144;Virtual content-based encryption;Sarah Ochoa;182;863;2024-01-14 02:03:29.000;30264308472;2
2145;Profound impactful process improvement;Karen Ruiz;980;478;2023-12-07 15:26:55.000;25058035313;8
2146;Open-architected transitional Graphical User Interface;Marcus Parker;840;240;2023-06-03 08:22:49.000;52810822043;7
2147;Vision-oriented directional hardware;Logan Williams;977;781;2023-09-18 08:28:49.000;21537184939;7
2148;Programmable 24/7 conglomeration;Gina Fernandez;867;954;2024-02-24 06:42:53.000;17150660104;10
2149;Persevering incremental info-mediaries;Jessica Neal;504;151;2023-12-11 09:38:18.000;18194770560;2
2150;Front-line tangible Local Area Network;Kristin Hayden;98;530;2024-01-24 06:23:34.000;86298936593;8
2151;Robust secondary open system;Erin Ford;629;742;2024-05-06 05:14:37.000;37410640054;6
2152;Multi-tiered regional software;Sherry Brown;129;747;2024-03-15 14:49:55.000;42249133492;4
2153;Triple-buffered uniform task-force;Erin Kim;792;293;2024-01-02 04:46:43.000;66747032595;1
2154;Profit-focused leadingedge structure;Megan Butler;806;327;2023-10-04 11:04:20.000;22661588687;6
2155;Exclusive regional Local Area Network;Randy Hughes;963;197;2023-10-26 22:01:37.000;11262829744;4
2156;Ameliorated asynchronous emulation;Taylor Hendrix;885;476;2023-06-27 03:39:21.000;67296896589;5
2157;Re-contextualized regional forecast;Susan Carter;431;203;2024-03-18 11:03:26.000;68150981887;9
2158;Decentralized maximized middleware;Lance Roman;902;373;2023-11-11 00:34:22.000;96842788368;7
2159;Innovative 6thgeneration Graphical User Interface;Suzanne Padilla;479;506;2023-07-12 02:10:41.000;88562860499;7
2160;Virtual neutral approach;Holly Wong;797;759;2023-11-21 05:22:10.000;40807356937;2
2161;Progressive uniform solution;Kyle Taylor;402;884;2023-08-11 07:43:13.000;79130250847;6
2162;Mandatory 6thgeneration knowledgebase;Kimberly Green;714;147;2023-07-01 23:13:42.000;71305599350;4
2163;Persistent coherent conglomeration;Jennifer Bennett;316;968;2023-06-06 03:38:16.000;87057876010;8
2164;Realigned transitional task-force;Mary Harrison;577;718;2023-10-14 20:52:35.000;49013040221;2
2165;Mandatory real-time attitude;Anthony Adams;169;785;2024-02-02 00:08:53.000;48324700529;7
2166;Innovative content-based benchmark;Brent Smith;116;968;2024-01-24 08:11:34.000;78335838791;9
2167;Secured incremental knowledge user;Melissa Snyder;406;465;2023-05-13 18:36:19.000;26256135106;9
2168;Enterprise-wide client-driven algorithm;Dr. Anna Hayes;143;928;2023-12-21 08:47:36.000;55313974279;7
2169;Polarized even-keeled system engine;Jeff Watts;908;211;2024-01-18 22:57:44.000;25063382417;8
2170;Optional hybrid budgetary management;Dr. Jonathan Haynes MD;385;843;2024-02-02 07:06:32.000;38332991078;10
2171;Switchable optimal pricing structure;Steven Hanna;25;83;2023-12-21 01:20:45.000;31709718144;9
2172;Fundamental secondary application;Sarah Burns;994;133;2023-05-13 07:27:12.000;55417035969;9
2173;De-engineered 3rdgeneration matrix;Emily Dixon;423;971;2023-09-18 21:15:51.000;66685162136;2
2174;Streamlined intangible Graphical User Interface;Andrew Lee;205;854;2023-07-22 16:54:58.000;29460411568;10
2175;Self-enabling radical moderator;Kristine Brooks;933;731;2024-04-04 02:24:25.000;24669050975;10
2176;Synergistic 24hour archive;Anne Lozano;20;965;2023-09-24 15:58:02.000;25528773529;10
2177;Quality-focused high-level structure;Donald Pierce;535;815;2023-08-18 07:09:06.000;99200985812;7
2178;Optimized empowering productivity;Kathryn Allen;831;452;2024-01-28 04:44:31.000;85239346024;1
2179;Pre-emptive discrete conglomeration;Sandra Nguyen;530;825;2024-01-02 23:10:23.000;89023535717;4
2180;Future-proofed homogeneous open architecture;Kari Chen;655;236;2023-09-08 13:20:38.000;98862004689;2
2181;Secured multi-state emulation;William Miller;625;43;2023-10-22 17:40:19.000;71864880058;6
2182;Total real-time infrastructure;Jennifer Short DVM;921;548;2024-03-16 18:12:41.000;34342348493;10
2183;Vision-oriented intangible productivity;Dylan Larson;233;862;2023-11-11 07:00:13.000;74193877430;9
2184;Synergistic high-level circuit;Shane Vasquez;74;614;2023-08-19 04:57:46.000;25916474272;7
2185;Reverse-engineered explicit Local Area Network;Jessica King;497;151;2024-03-11 19:08:37.000;61787775927;1
2186;Automated next generation model;Theresa Walker;674;343;2023-09-27 21:36:44.000;57398339933;4
2187;Programmable 24/7 conglomeration;Gina Fernandez;867;954;2024-02-24 06:42:53.000;99760099116;7
2188;Enhanced logistical benchmark;Jessica Smith;346;304;2023-05-27 19:15:16.000;58890383532;5
2189;Robust heuristic policy;Patrick Johnson;674;132;2023-11-17 20:05:39.000;52805053219;9
2190;Switchable static productivity;Nicole Gonzales;221;502;2023-11-06 13:58:31.000;26049705872;8
2191;Exclusive well-modulated capability;Meagan Walls;276;250;2023-09-28 12:41:45.000;10327572007;4
2192;Reactive zero administration data-warehouse;James Lamb;174;241;2024-04-02 01:24:36.000;23810449669;3
2193;Organized responsive orchestration;Dawn Garcia;82;327;2024-03-15 18:14:55.000;48520410818;7
2194;Multi-channeled zero administration success;John Hudson;71;187;2023-11-01 16:41:12.000;26049705872;2
2195;Face-to-face bi-directional complexity;Nicholas David;946;825;2023-05-25 00:50:55.000;59066704165;2
2196;Monitored homogeneous parallelism;Mrs. Jennifer Payne;645;891;2023-06-11 07:45:07.000;90625884166;1
2197;Adaptive analyzing benchmark;Joshua Jackson;497;783;2023-11-07 06:02:00.000;72622243676;7
2198;User-centric cohesive system engine;Jesse Beck;47;57;2023-08-15 21:00:13.000;84532236927;2
2199;Open-source didactic infrastructure;Danny Roberts;860;163;2023-07-06 10:24:22.000;23151765548;9
2200;Public-key incremental alliance;Mark Fisher;365;608;2023-12-20 18:11:00.000;77020666871;1
2201;Fully-configurable attitude-oriented architecture;Gary Brandt;482;891;2024-04-14 13:12:33.000;74157833073;9
2202;Inverse foreground time-frame;Joseph Walker;874;596;2023-09-16 06:15:54.000;90334917915;7
2203;Ameliorated multi-state hardware;Brandon Hughes;142;803;2023-07-18 16:05:18.000;74193877430;3
2204;Object-based real-time paradigm;Sharon Rollins;981;118;2024-03-19 12:30:50.000;35192705126;7
2205;Distributed holistic synergy;Eric Larson;929;192;2023-09-02 09:41:18.000;40364255020;7
2206;Cross-group fresh-thinking framework;Emily Clark;291;331;2023-11-29 05:43:57.000;55290527738;10
2207;Automated human-resource time-frame;Alison Wolfe;177;980;2023-09-11 10:10:33.000;39180929662;2
2208;De-engineered 3rdgeneration matrix;Emily Dixon;431;656;2023-09-30 12:53:22.000;65338064958;1
2209;Vision-oriented intangible productivity;Dylan Larson;233;862;2023-11-11 07:00:13.000;31618326774;5
2210;Intuitive contextually-based neural-net;Carrie Moore;532;759;2023-07-29 10:53:56.000;13081301312;2
2211;Diverse high-level paradigm;Amy King;963;197;2023-09-18 05:32:42.000;10729802524;3
2212;Face-to-face bi-directional complexity;Nicholas David;283;156;2023-10-23 19:35:22.000;34202212140;8
2213;Re-engineered multi-state synergy;Stacy West;761;194;2024-01-25 08:18:49.000;42006286111;8
2214;Managed 5thgeneration help-desk;Brandon Chambers;105;593;2024-02-07 13:53:08.000;88323981959;7
2215;Quality-focused high-level structure;Donald Pierce;175;995;2023-06-14 03:20:59.000;81416161494;1
2216;Front-line tangible emulation;Deborah Aguilar;966;121;2024-04-15 17:13:41.000;93533978093;7
2217;Business-focused logistical alliance;Darren Freeman;168;350;2023-11-03 11:45:24.000;89968529869;5
2218;Up-sized zero-defect leverage;Francisco Walker;180;986;2023-08-13 06:05:01.000;53197084192;2
2219;Object-based dedicated protocol;Sherry Coleman;505;535;2023-12-13 09:58:08.000;75274856219;2
2220;Secured multi-state emulation;William Miller;108;504;2024-01-01 08:04:20.000;15146157142;5
2221;Enhanced logistical benchmark;Jessica Smith;346;304;2023-05-27 19:15:16.000;55299655100;10
2222;Automated next generation model;Theresa Walker;674;343;2023-09-27 21:36:44.000;91936817636;10
2223;Grass-roots neutral function;Robert Smith;953;483;2024-01-04 00:46:50.000;18141286262;3
2224;Right-sized 5thgeneration pricing structure;Matthew Cunningham;761;194;2023-06-02 19:45:03.000;98248439805;7
2225;Public-key non-volatile open system;David Oliver;863;24;2023-08-30 19:27:26.000;67754276377;9
2226;Synchronized tertiary forecast;Keith Gray;805;77;2024-01-14 15:26:17.000;16041606532;4
2227;Exclusive attitude-oriented firmware;Nicole Yu;436;20;2023-10-07 06:20:05.000;88433324690;2
2228;Total 24/7 archive;Virginia Roy;788;346;2023-11-08 00:07:16.000;46555700074;9
2229;Realigned executive solution;Robert Wright;50;674;2023-10-26 22:12:15.000;77374920314;1
2230;Open-source didactic infrastructure;Danny Roberts;860;163;2023-07-06 10:24:22.000;51739900999;4
2231;Fully-configurable upward-trending implementation;Stephanie Edwards;52;57;2023-09-12 22:39:29.000;14541105810;2
2232;Universal dynamic leverage;Amy Mcintyre;992;275;2024-04-17 06:24:15.000;54249606562;8
2233;Reverse-engineered explicit Local Area Network;Jessica King;497;151;2024-03-11 19:08:37.000;97207652218;9
2234;Synchronized explicit application;Nancy Thompson;194;814;2023-10-22 23:10:56.000;72622243676;3
2235;Sharable full-range concept;Tammy Williams;927;122;2024-01-23 14:41:45.000;13076392996;9
2236;Assimilated coherent Local Area Network;Tracy Summers;801;625;2024-03-22 08:52:21.000;69383818854;9
2237;Digitized clear-thinking solution;Taylor Hawkins;207;437;2023-10-24 20:14:04.000;16875557677;8
2238;Visionary bifurcated model;Sydney Hughes;756;646;2024-04-11 07:14:46.000;45255105238;1
2239;User-centric multi-state open architecture;Paul Mcdowell;994;543;2023-07-26 09:24:56.000;74947396889;7
2240;Down-sized fault-tolerant orchestration;Mary Brown;123;456;2023-11-01 20:43:29.000;51484079792;1
2241;Digitized high-level contingency;Amanda Reynolds;185;600;2024-02-20 23:06:48.000;14605433323;1
2242;Total cohesive migration;Jeanne Obrien;918;552;2023-05-22 17:33:25.000;91471494810;2
2243;Visionary logistical flexibility;Jacob Cunningham;581;630;2023-11-04 15:51:37.000;92654696060;8
2244;Reactive asymmetric frame;Howard Norris;637;462;2023-10-03 01:24:30.000;66490623197;9
2245;Object-based bottom-line hardware;John Lambert II;261;265;2023-07-09 23:55:57.000;77374920314;4
2246;Visionary exuding parallelism;Vickie Graves;267;379;2024-04-14 17:13:19.000;86298936593;1
2247;Ergonomic motivating forecast;Kathy Rodriguez;390;862;2023-06-10 10:09:59.000;89890473106;1
2248;Down-sized leadingedge groupware;Nicole Stanley;545;446;2023-06-06 21:11:52.000;67727075732;7
2249;Persevering leadingedge middleware;Raymond Vasquez;406;465;2023-08-13 21:21:25.000;42006286111;10
2250;Phased explicit capability;Nathaniel Rodriguez;512;675;2023-06-02 06:45:59.000;18141286262;7
2251;Inverse dedicated structure;Karen Cohen;92;728;2023-08-13 07:27:59.000;76105991955;3
2252;Vision-oriented mission-critical neural-net;Courtney Taylor;358;237;2023-11-15 01:13:07.000;13081301312;7
2253;Assimilated impactful middleware;Michael Sanchez;602;356;2023-09-22 00:17:27.000;26582348032;8
2254;Decentralized motivating model;John Pittman;878;927;2024-01-22 09:42:14.000;39958649565;7
2255;Right-sized 5thgeneration pricing structure;Matthew Cunningham;761;194;2023-06-02 19:45:03.000;79975636001;2
2256;Seamless optimizing support;Elizabeth Scott;69;360;2023-11-04 11:12:37.000;80067777565;5
2257;Balanced fault-tolerant framework;Steven Wilson;96;222;2023-05-13 06:58:40.000;35859707639;5
2258;Monitored responsive attitude;Sonya Neal;268;862;2024-03-01 10:11:37.000;33889809071;5
2259;Reduced coherent system engine;Sherry Edwards;255;720;2024-03-12 16:18:06.000;16127033001;2
2260;Ameliorated content-based architecture;Melissa Baker;602;434;2023-06-26 08:35:00.000;21552671021;6
2261;Fundamental zero-defect software;Devon Martinez;684;267;2023-09-09 08:47:00.000;70117654383;7
2262;Assimilated coherent Local Area Network;Tracy Summers;777;320;2023-11-24 23:25:18.000;25702550017;6
2263;Extended contextually-based circuit;Rachel Nelson;679;547;2023-10-09 12:22:34.000;71360109909;2
2264;Versatile directional pricing structure;Joshua Ramirez;840;240;2024-04-09 12:34:12.000;46992754322;6
2265;Grass-roots stable implementation;Dwayne Best;5;489;2023-12-28 16:33:01.000;59827302217;9
2266;Cross-platform local archive;Thomas Morris;689;152;2023-06-13 23:47:00.000;32580013416;5
2267;Total 24/7 archive;Virginia Roy;788;346;2023-11-08 00:07:16.000;78534453928;7
2268;Innovative content-based benchmark;Brent Smith;747;511;2023-09-25 15:27:32.000;95225300900;10
2269;User-centric content-based concept;Adam Costa;185;600;2024-02-20 16:28:03.000;96798978764;1
2270;Optimized maximized info-mediaries;Theresa Wilkinson;765;117;2024-02-16 09:21:17.000;77609114423;2
2271;Front-line neutral adapter;Angie Brock;914;941;2024-04-19 02:01:44.000;55691677448;5
2272;Devolved directional process improvement;Marissa Stout;662;487;2023-09-21 13:28:33.000;73342301416;2
2273;Public-key incremental alliance;Mark Fisher;365;608;2023-12-20 18:11:00.000;84238118587;6
2274;Cross-platform local archive;Thomas Morris;689;152;2023-06-13 23:47:00.000;27026927341;2
2275;Up-sized systematic matrices;Joshua Hayes;387;1;2023-08-13 11:00:41.000;10405638277;10
2276;Innovative 6thgeneration Graphical User Interface;Suzanne Padilla;479;506;2023-07-12 02:10:41.000;49710822579;1
2277;Up-sized content-based firmware;Richard Jones;867;954;2024-02-11 18:07:54.000;92851472966;3
2278;Upgradable global concept;Perry Cowan;649;710;2024-02-25 07:36:25.000;18121719163;7
2279;Focused heuristic knowledgebase;Susan Butler;645;891;2024-05-07 08:11:55.000;40592927843;10
2280;Grass-roots uniform algorithm;Anthony Johnson;495;243;2023-08-25 19:27:08.000;17128027005;8
2281;De-engineered regional frame;Carol Dillon;581;530;2023-09-01 13:06:57.000;64766278299;3
2282;Balanced interactive encoding;Natalie Juarez;707;968;2024-02-21 18:51:53.000;21590231376;2
2283;Versatile upward-trending toolset;Edwin Duffy;877;743;2023-05-28 15:11:17.000;33836859737;1
2284;Optional hybrid budgetary management;Dr. Jonathan Haynes MD;385;843;2024-02-02 07:06:32.000;48941088855;9
2285;Distributed real-time circuit;Clayton Johnson;651;118;2023-08-18 15:26:42.000;95717561109;1
2286;Open-architected user-facing circuit;Neil Marquez;32;356;2023-08-20 05:47:01.000;23810449669;10
2287;Fully-configurable non-volatile portal;Lisa Wagner;20;531;2023-11-15 03:14:49.000;38330585172;6
2288;Visionary logistical flexibility;Jacob Cunningham;504;151;2024-01-13 17:32:50.000;99364412303;7
2289;Intuitive dynamic model;Douglas Edwards;927;122;2024-01-15 20:06:51.000;59922079920;5
2290;Mandatory intangible function;Traci Edwards;187;549;2023-11-03 18:10:10.000;42081849512;10
2291;Synergized bifurcated attitude;Megan Allen;700;18;2023-08-05 23:30:36.000;78204247254;6
2292;Horizontal foreground analyzer;Sylvia Shelton;851;27;2023-11-10 22:04:52.000;15261347339;7
2293;Persistent dedicated forecast;Amber Thomas;524;435;2023-12-10 21:51:05.000;78534453928;8
2294;Mandatory 6thgeneration knowledgebase;Kimberly Green;207;445;2024-03-09 10:50:58.000;78904495956;7
2295;Reverse-engineered interactive implementation;Christopher Cain;946;825;2024-02-16 14:35:09.000;92395358837;4
2296;De-engineered 3rdgeneration matrix;Emily Dixon;423;971;2023-09-18 21:15:51.000;14787965883;10
2297;Inverse actuating intranet;Stephanie Davies;281;522;2023-08-31 05:36:19.000;10096469742;4
2298;Adaptive analyzing benchmark;Joshua Jackson;701;838;2024-01-14 21:30:55.000;99147311027;2
2299;Devolved directional process improvement;Marissa Stout;908;507;2023-12-21 11:08:27.000;58450784497;1
2300;Enterprise-wide client-driven algorithm;Dr. Anna Hayes;143;928;2023-12-21 08:47:36.000;53706412268;6
2301;Diverse high-level paradigm;Amy King;963;197;2023-09-18 05:32:42.000;52075863752;9
2302;Distributed eco-centric groupware;Luke Cruz;532;759;2024-03-08 14:19:45.000;22349054155;4
2303;Switchable fresh-thinking info-mediaries;Matthew Henson;250;498;2024-05-05 22:15:17.000;97578128315;6
2304;Virtual transitional moderator;Courtney Church;36;554;2024-04-27 13:21:16.000;42130421620;6
2305;User-centric multi-state open architecture;Paul Mcdowell;994;543;2023-07-26 09:24:56.000;99147311027;6
2306;Multi-channeled next generation help-desk;Claudia Cain;532;759;2024-01-25 15:32:47.000;67885097492;7
2307;Organic 3rdgeneration paradigm;Kelly Wilson;169;785;2023-07-09 03:18:01.000;77609114423;6
2308;Diverse high-level paradigm;Amy King;963;197;2023-09-18 05:32:42.000;89617095584;1
2309;Optional hybrid budgetary management;Dr. Jonathan Haynes MD;385;843;2024-02-02 07:06:32.000;55694441227;2
2310;Grass-roots 4thgeneration approach;Tracey Bell;826;472;2023-06-23 15:49:17.000;96842788368;9
2311;Implemented zero tolerance interface;Matthew Rodriguez;677;589;2024-02-16 15:08:41.000;42530968342;5
2312;Progressive uniform solution;Kyle Taylor;436;529;2024-03-23 16:29:18.000;17926774222;7
2313;Programmable foreground toolset;Christopher Bray;977;148;2023-11-23 10:59:29.000;65296451842;4
2314;Public-key 3rdgeneration frame;Richard Burke DDS;2;288;2023-12-17 21:46:15.000;20618318282;2
2315;Face-to-face mission-critical approach;Ronald Watson;827;527;2023-09-22 15:13:44.000;65899451192;7
2316;Cloned asynchronous matrices;Harold Williams;952;655;2024-04-13 04:35:27.000;20627801580;9
2317;Cloned methodical time-frame;John Fleming;293;541;2023-09-04 00:15:52.000;40597530127;3
2318;Phased multi-state leverage;Joshua Dalton;974;965;2023-09-14 13:56:12.000;45796989313;6
2319;Switchable optimal pricing structure;Steven Hanna;25;83;2023-12-21 01:20:45.000;44545917775;8
2320;Cross-platform full-range extranet;Thomas Rodriguez;994;543;2023-06-19 00:33:15.000;21716267660;5
2321;Future-proofed 3rdgeneration initiative;Brian Beasley;845;64;2024-04-15 01:20:56.000;92155694769;6
2322;Synergistic high-level circuit;Shane Vasquez;333;994;2023-12-06 13:51:41.000;11001309480;10
2323;Reduced tangible infrastructure;Alexander Caldwell;5;489;2023-06-20 09:01:20.000;38941312818;10
2324;Upgradable global concept;Perry Cowan;649;710;2024-02-25 07:36:25.000;15189246454;8
2325;Exclusive next generation instruction set;Sarah Vang;57;892;2023-07-05 03:21:43.000;27026927341;9
2326;Realigned executive solution;Robert Wright;20;531;2024-02-16 11:53:10.000;40376188291;7
2327;Down-sized leadingedge groupware;Nicole Stanley;724;222;2023-08-04 06:19:09.000;68505398612;8
2328;Enterprise-wide heuristic Graphical User Interface;Diana Benson;389;398;2024-01-19 01:09:28.000;88471847385;6
2329;Persistent coherent conglomeration;Jennifer Bennett;316;968;2023-06-06 03:38:16.000;16805954725;7
2330;Distributed holistic synergy;Eric Larson;929;192;2023-09-02 09:41:18.000;21689710265;3
2331;Fundamental zero-defect software;Devon Martinez;684;267;2023-09-09 08:47:00.000;31192486227;10
2332;Team-oriented bandwidth-monitored infrastructure;Tamara Garcia;246;789;2024-01-01 11:14:45.000;31646426066;8
2333;Self-enabling contextually-based Graphical User Interface;Renee Wang;40;454;2024-04-22 07:27:19.000;78344371279;4
2334;Re-engineered zero tolerance monitoring;Daniel Brown;43;64;2023-06-06 00:36:44.000;29253514267;8
2335;Networked incremental framework;Matthew Soto;718;875;2023-11-02 02:10:58.000;53531637246;7
2336;Customizable intangible paradigm;Bryan Holt;933;731;2023-11-12 23:42:39.000;14541105810;7
2337;Profound content-based Graphical User Interface;Nathan Vargas;428;584;2024-03-10 00:07:02.000;48457521311;4
2338;Managed secondary policy;Samuel Vance;675;298;2024-01-19 17:34:13.000;48941088855;6
2339;Phased 24hour orchestration;Terri Andrews;748;884;2023-09-18 20:12:06.000;44626805971;10
2340;Versatile upward-trending toolset;Edwin Duffy;894;456;2024-03-04 16:39:53.000;63791012830;10
2341;Seamless explicit Internet solution;Kenneth Gibson;744;458;2023-05-20 08:54:07.000;66383015037;1
2342;Triple-buffered dynamic challenge;Scott Martinez;405;971;2023-07-14 09:50:21.000;25504077011;5
2343;Object-based context-sensitive hardware;Kristen Smith;589;259;2024-03-12 19:11:10.000;52350445722;8
2344;Monitored fault-tolerant application;Jody Wiley MD;504;244;2023-11-04 21:28:10.000;77905317839;5
2345;Open-architected 6thgeneration circuit;Christina Baker;101;648;2023-08-25 10:49:46.000;90529278512;2
2346;Optional radical success;Bryan Johnson;347;920;2023-05-16 17:15:01.000;25567210098;6
2347;Re-engineered composite secured line;Amanda Bradford;721;781;2024-04-04 01:18:26.000;17726753922;1
2348;Multi-tiered incremental archive;Christian Walton;675;298;2023-12-14 23:53:46.000;79392759812;7
2349;Function-based cohesive framework;Joseph Bowers;894;456;2023-12-30 01:42:41.000;17045576760;7
2350;Devolved directional process improvement;Marissa Stout;498;786;2023-06-27 23:26:54.000;89503835388;10
2351;Team-oriented bandwidth-monitored infrastructure;Tamara Garcia;882;294;2024-01-15 11:30:37.000;29397325484;6
2352;Compatible impactful Local Area Network;Emily Park;817;848;2024-02-18 08:01:32.000;28803031792;10
2353;Grass-roots uniform algorithm;Anthony Johnson;495;243;2023-08-25 19:27:08.000;10221492290;8
2354;Seamless coherent budgetary management;Arthur Patel;691;226;2023-07-14 03:42:51.000;17255541446;5
2355;Phased logistical matrix;Philip Berg;701;76;2023-07-09 12:18:00.000;52600122328;1
2356;Customizable logistical initiative;Billy Moody;329;945;2023-12-19 03:46:37.000;67803575615;2
2357;Mandatory value-added synergy;Edward Lopez;199;481;2024-03-02 08:04:42.000;40152680358;5
2358;Visionary bifurcated model;Sydney Hughes;756;646;2024-04-11 07:14:46.000;72985799065;1
2359;Team-oriented next generation neural-net;Kristen Navarro;436;529;2024-01-15 01:44:06.000;23459749888;8
2360;Mandatory solution-oriented task-force;Morgan Wade;919;979;2024-02-20 09:27:15.000;15512063999;4
2361;Phased 24hour orchestration;Terri Andrews;864;374;2023-11-10 22:43:55.000;80692170111;2
2362;Centralized modular utilization;Russell Wilkins;901;837;2023-05-13 22:46:35.000;63105097993;3
2363;Adaptive analyzing benchmark;Joshua Jackson;701;838;2024-01-14 21:30:55.000;21552671021;8
2364;Horizontal radical approach;Brandon Baxter;837;59;2024-03-14 12:24:58.000;49107533077;6
2365;Advanced human-resource application;Jon Pearson;954;221;2024-02-10 21:21:42.000;13795114520;3
2366;Proactive discrete open architecture;Kara Lee;860;163;2024-01-05 23:19:56.000;10729802524;7
2367;Customer-focused system-worthy website;Mark Young;691;263;2023-08-01 08:49:24.000;14364863552;8
2368;Synchronized demand-driven framework;Jennifer Andrews;860;989;2024-02-25 13:22:41.000;79369676543;2
2369;Digitized background definition;George Castillo;387;1;2023-05-26 21:35:10.000;49152961408;4
2370;Intuitive coherent access;Amanda Johnson;47;57;2024-04-12 03:16:55.000;88729362572;4
2371;Universal optimal success;Jaime Ortiz;250;498;2023-05-28 11:26:44.000;31283854435;3
2372;Realigned executive solution;Robert Wright;20;531;2024-02-16 11:53:10.000;47395755355;1
2373;Exclusive well-modulated capability;Meagan Walls;276;250;2023-09-28 12:41:45.000;47767990595;9
2374;Cloned methodical time-frame;John Fleming;293;541;2023-09-04 00:15:52.000;44162371968;2
2375;De-engineered 3rdgeneration matrix;Emily Dixon;761;786;2023-06-06 09:46:45.000;74534585083;2
2376;Quality-focused 24hour hub;Austin Chung;280;365;2024-01-20 01:35:43.000;45264628204;10
2377;Multi-tiered real-time forecast;Tina Fleming;555;453;2023-05-10 16:55:33.000;28303956684;7
2378;Reduced multi-tasking service-desk;Kelsey Moran;173;44;2023-09-25 14:44:17.000;79801351642;8
2379;Fully-configurable systemic monitoring;Jordan Roberts;422;58;2023-09-05 09:14:37.000;45543271748;2
2380;User-centric transitional Graphical User Interface;Leslie Chapman;457;811;2024-03-29 20:21:22.000;10344087037;4
2381;Adaptive transitional emulation;Emily Singleton MD;363;396;2024-02-11 20:22:47.000;87679971726;6
2382;Future-proofed discrete standardization;Kimberly Garcia;84;894;2023-12-18 00:12:53.000;20947023780;1
2383;Vision-oriented local analyzer;Donna Mcconnell;724;361;2023-09-04 03:52:16.000;38208897859;4
2384;Advanced scalable project;Isaac Garcia;269;213;2023-05-28 17:53:32.000;13081301312;7
2385;Team-oriented bandwidth-monitored infrastructure;Tamara Garcia;866;843;2023-07-13 01:02:34.000;87772282285;5
2386;Switchable solution-oriented process improvement;Ashley Jones;801;625;2024-01-07 01:53:41.000;73118403315;7
2387;Exclusive well-modulated capability;Meagan Walls;276;250;2023-09-28 12:41:45.000;27262925492;9
2388;Devolved systematic groupware;Mark Rivera;386;764;2024-03-20 01:35:11.000;18250819044;9
2389;Public-key 3rdgeneration frame;Richard Burke DDS;2;288;2023-12-17 21:46:15.000;10589409684;3
2390;Adaptive static extranet;Brandon Thomas;692;690;2024-03-18 01:51:57.000;72612669085;2
2391;Open-source maximized infrastructure;Jamie Oliver;481;796;2024-02-27 23:05:52.000;98914296305;10
2392;Down-sized client-driven artificial intelligence;Dr. Brian Mcconnell;566;366;2024-03-01 06:38:32.000;58890383532;3
2393;Progressive tertiary policy;Sandra Francis;512;675;2023-08-18 14:07:49.000;40597530127;3
2394;Cloned actuating architecture;Jacob Bishop;235;57;2023-07-22 14:36:26.000;52944619742;6
2395;Reduced coherent system engine;Sherry Edwards;255;720;2024-03-12 16:18:06.000;25503525226;6
2396;Total cohesive migration;Jeanne Obrien;122;250;2023-07-12 09:57:35.000;95556429417;10
2397;Versatile national standardization;Abigail Willis;850;904;2024-02-06 23:56:03.000;70727584336;3
2398;Robust maximized database;Beth Mccormick;170;497;2024-03-31 02:48:06.000;58865183073;5
2399;Total didactic extranet;Rachel Vazquez;623;687;2024-02-26 16:11:50.000;19474117312;9
2400;Universal dynamic leverage;Amy Mcintyre;992;275;2024-04-17 06:24:15.000;52587865635;5
2401;Self-enabling foreground pricing structure;Charles Thomas;423;971;2024-02-03 08:57:59.000;18141286262;7
2402;Fully-configurable didactic capacity;Ashley Rodriguez;68;175;2024-05-04 21:57:16.000;11727159417;4
2403;Enterprise-wide multimedia synergy;Zachary Miller;912;664;2024-02-13 00:39:57.000;26667144206;2
2404;Virtual neutral approach;Holly Wong;797;759;2023-11-21 05:22:10.000;25916474272;5
2405;Networked incremental framework;Matthew Soto;718;875;2023-11-02 02:10:58.000;97216761864;5
2406;Synergistic high-level circuit;Shane Vasquez;74;614;2023-08-19 04:57:46.000;49748726618;3
2407;Assimilated demand-driven definition;Timothy Rojas;831;452;2023-09-15 12:30:52.000;27900900335;7
2408;Customizable clear-thinking core;Catherine Phillips;86;820;2023-10-06 20:31:08.000;79130250847;7
2409;Optional zero administration task-force;Mary Thompson;178;79;2023-12-18 11:19:22.000;69128336077;10
2410;Expanded attitude-oriented neural-net;John Vang;793;574;2023-10-15 17:32:11.000;87295888293;6
2411;Sharable full-range concept;Tammy Williams;927;122;2024-01-23 14:41:45.000;96414035478;1
2412;Ergonomic cohesive database;Mark Ross;986;470;2023-06-05 23:39:42.000;86514581317;9
2413;User-centric object-oriented superstructure;David Richardson DVM;724;222;2024-03-04 08:36:07.000;10347328843;7
2414;Focused heuristic knowledgebase;Susan Butler;645;891;2024-05-07 08:11:55.000;66142046312;5
2415;Reduced coherent system engine;Sherry Edwards;255;720;2024-03-12 16:18:06.000;64155969631;7
2416;Progressive fresh-thinking help-desk;Ryan Wallace;789;945;2023-06-25 02:12:37.000;89551131820;3
2417;Business-focused logistical alliance;Darren Freeman;2;288;2024-02-19 20:42:00.000;34971530523;6
2418;Customizable logistical initiative;Billy Moody;121;980;2024-01-01 00:04:31.000;92197238524;3
2419;Mandatory real-time attitude;Anthony Adams;268;108;2024-04-29 11:08:53.000;23151765548;8
2420;Decentralized disintermediate parallelism;Frank Marquez;405;932;2024-03-11 15:11:14.000;60803960624;9
2421;Balanced interactive hierarchy;Katelyn Vargas;396;456;2023-08-13 03:43:44.000;83290083743;1
2422;Persevering multimedia paradigm;Henry Romero;10;575;2023-10-02 07:26:03.000;40917047338;9
2423;Switchable optimal pricing structure;Steven Hanna;25;83;2023-12-21 01:20:45.000;73507702493;5
2424;Progressive uniform solution;Kyle Taylor;436;529;2024-03-23 16:29:18.000;80289281610;8
2425;Devolved directional process improvement;Marissa Stout;908;507;2023-12-21 11:08:27.000;34669789004;9
2426;Organic multimedia collaboration;Dana Crawford;188;4;2024-01-04 01:33:23.000;88323981959;8
2427;Reactive responsive support;Danielle Allen;171;770;2023-05-17 23:30:18.000;78081349295;10
2428;Optimized empowering productivity;Kathryn Allen;831;452;2024-01-28 04:44:31.000;98319402837;5
2429;Pre-emptive discrete conglomeration;Sandra Nguyen;530;825;2024-01-02 23:10:23.000;50789462112;1
2430;Virtual client-driven adapter;Nicholas Henderson II;502;908;2023-09-24 14:28:44.000;86298936593;7
2431;Front-line 6thgeneration core;Daniel Rhodes;701;142;2023-08-12 18:48:53.000;10523472752;6
2432;Automated local parallelism;Gloria Greene;185;600;2024-02-05 02:23:53.000;65296451842;9
2433;Integrated object-oriented model;Amanda Ellis DDS;79;927;2023-11-29 23:10:49.000;58465140990;6
2434;Cross-platform national superstructure;Alexis Burton;143;964;2024-04-28 21:41:21.000;45992525697;3
2435;Integrated motivating conglomeration;Daisy Acosta;945;313;2023-06-06 16:12:36.000;13727190242;6
2436;Digitized hybrid software;Laura Holland;791;35;2023-06-07 18:40:12.000;42363532551;10
2437;Ergonomic cohesive database;Mark Ross;986;470;2023-06-05 23:39:42.000;68885038173;8
2438;Object-based context-sensitive hardware;Kristen Smith;589;259;2024-03-12 19:11:10.000;49918280930;10
2439;Exclusive clear-thinking structure;Lisa Hamilton;632;895;2023-10-07 13:18:19.000;96664903956;6
2440;Front-line empowering moderator;Melissa Davenport;199;318;2023-05-23 19:26:35.000;85177692829;4
2441;Upgradable bandwidth-monitored process improvement;Ronald Fowler;542;178;2023-08-21 17:47:43.000;10327572007;9
2442;Distributed eco-centric groupware;Luke Cruz;19;527;2023-10-07 08:19:58.000;79624677443;2
2443;Total cohesive migration;Jeanne Obrien;918;552;2023-05-22 17:33:25.000;47821705256;7
2444;Enhanced logistical benchmark;Jessica Smith;346;304;2023-05-27 19:15:16.000;84566508314;4
2445;Secured multi-state emulation;William Miller;84;433;2024-03-20 08:20:47.000;39171703421;9
2446;Intuitive multi-state attitude;Elizabeth Nichols;94;233;2023-08-29 19:49:54.000;28877729188;2
2447;Horizontal foreground analyzer;Sylvia Shelton;522;457;2023-06-02 05:36:45.000;66142046312;7
2448;Triple-buffered mobile time-frame;Mrs. Katherine Diaz MD;254;338;2024-01-30 01:21:08.000;16877231364;8
2449;Customer-focused client-driven access;Patty Rogers;65;865;2023-08-08 16:27:39.000;84933602539;8
2450;Assimilated demand-driven definition;Timothy Rojas;831;452;2023-09-15 12:30:52.000;89503835388;4
2451;Monitored 24hour monitoring;Clifford Anderson;124;739;2024-03-21 22:04:11.000;54040629691;7
2452;Focused systemic matrix;Deborah Wagner;691;542;2023-08-08 20:04:39.000;11316457726;5
2453;Horizontal foreground analyzer;Sylvia Shelton;522;457;2023-06-02 05:36:45.000;59223406449;4
2454;Pre-emptive discrete conglomeration;Sandra Nguyen;444;395;2023-12-18 23:12:40.000;54040629691;4
2455;Up-sized disintermediate hierarchy;Donald Rodriguez;577;718;2023-06-12 01:48:22.000;97216761864;4
2456;Fully-configurable bandwidth-monitored functionalities;Rebecca Coleman;504;285;2024-01-21 05:15:19.000;66024132673;9
2457;Sharable needs-based function;Clinton Shaw;461;620;2023-11-26 06:11:17.000;58465140990;4
2458;Robust tangible matrices;Eric Jordan;118;83;2023-08-30 21:37:19.000;55720298429;6
2459;Object-based 4thgeneration database;Yvonne Owens;105;343;2023-08-07 09:54:15.000;38330585172;4
2460;Switchable system-worthy application;Katherine Conner;317;848;2023-06-24 23:50:14.000;49152961408;10
2461;Enterprise-wide 5thgeneration strategy;Theresa Keller;586;963;2023-10-07 09:22:47.000;98081533183;10
2462;Sharable systemic archive;Jeffery Johnson;25;306;2023-10-22 21:38:41.000;53757546418;7
2463;Total real-time infrastructure;Jennifer Short DVM;887;653;2023-07-27 21:24:47.000;88562860499;6
2464;Team-oriented bandwidth-monitored policy;Thomas Pham;919;188;2024-01-04 07:27:50.000;50080000219;7
2465;Programmable 4thgeneration protocol;Ashley Smith;165;127;2024-04-18 12:14:57.000;71864880058;9
2466;Adaptive analyzing benchmark;Joshua Jackson;497;783;2023-11-07 06:02:00.000;12188534183;1
2467;Centralized motivating functionalities;Joseph Tran;528;491;2024-04-01 12:47:30.000;28898438738;9
2468;Enhanced bottom-line approach;Shane Rivera;537;587;2024-01-21 10:06:40.000;11707545198;2
2469;Exclusive human-resource solution;Lindsay Ross;377;850;2024-01-22 01:08:56.000;30080284128;1
2470;Reactive responsive support;Danielle Allen;171;770;2023-05-17 23:30:18.000;22291415361;8
2471;Future-proofed discrete standardization;Kimberly Garcia;84;894;2023-12-18 00:12:53.000;45459882719;2
2472;Right-sized analyzing workforce;Christine Horne;287;267;2024-02-16 09:32:33.000;48349245262;8
2473;Switchable static productivity;Nicole Gonzales;221;502;2023-11-06 13:58:31.000;56281293245;6
2474;Reduced bifurcated moratorium;Douglas Hernandez;896;416;2023-09-19 22:43:38.000;18323341044;5
2475;Proactive empowering benchmark;David Robinson;512;675;2023-08-25 05:31:11.000;60513971830;1
2476;Multi-layered value-added challenge;Xavier Hoover;77;242;2024-04-10 09:53:16.000;65102827498;5
2477;Pre-emptive web-enabled matrix;Marc Chavez;263;39;2024-04-03 13:15:51.000;44162371968;1
2478;Up-sized content-based firmware;Richard Jones;867;954;2024-02-11 18:07:54.000;35056708267;7
2479;Balanced leadingedge attitude;Andrea Harper;807;284;2024-04-19 22:29:07.000;38001582796;1
2480;Re-contextualized homogeneous circuit;Erin Porter;902;373;2024-02-05 09:13:37.000;50080000219;6
2481;Customizable logistical initiative;Billy Moody;329;945;2023-12-19 03:46:37.000;79624677443;7
2482;Open-source stable toolset;Stephanie Stevens;732;665;2023-09-26 06:37:50.000;55765868068;7
2483;Diverse well-modulated website;Denise Duran;111;551;2024-03-27 18:45:29.000;27190643623;5
2484;Vision-oriented object-oriented product;Travis Houston;317;126;2024-02-27 10:44:12.000;52944619742;4
2485;Innovative content-based benchmark;Brent Smith;747;511;2023-09-25 15:27:32.000;46151802493;3
2486;Total non-volatile software;Kayla Jones;340;934;2024-04-12 20:45:18.000;76338743076;4
2487;Cloned 24hour open system;Douglas Ford;608;839;2024-02-18 05:01:32.000;68269868560;7
2488;Reduced tangible infrastructure;Alexander Caldwell;5;489;2023-06-20 09:01:20.000;58890383532;9
2489;Function-based high-level circuit;Samantha Graves;943;634;2023-09-22 23:51:54.000;79226233559;2
2490;Compatible 24/7 toolset;Shawn Cross;863;311;2024-02-27 18:59:36.000;22864553927;10
2491;Open-source well-modulated forecast;Eric Lucas;65;726;2024-02-03 13:39:39.000;81992030319;7
2492;Multi-lateral next generation application;John Garcia;785;660;2023-10-20 22:24:30.000;85505747678;9
2493;Intuitive exuding moratorium;Molly Scott;827;384;2024-01-15 12:10:09.000;66566083862;7
2494;Automated secondary initiative;Judith Vega;651;118;2023-09-17 20:37:58.000;34660801497;3
2495;Total 5thgeneration adapter;George Guzman;689;788;2024-01-14 12:04:49.000;31471760249;7
2496;Customer-focused directional adapter;Mariah Mack;586;228;2024-02-06 17:53:36.000;50825954493;10
2497;Object-based 4thgeneration database;Yvonne Owens;105;343;2023-08-07 09:54:15.000;22570110254;2
2498;Fully-configurable dynamic contingency;Deborah Sosa;52;57;2023-07-13 20:28:25.000;31618326774;4
2499;Pre-emptive discrete conglomeration;Sandra Nguyen;444;395;2023-12-18 23:12:40.000;48457521311;9
2500;Virtual content-based encryption;Sarah Ochoa;182;863;2024-01-14 02:03:29.000;42249133492;10
2501;Re-contextualized homogeneous circuit;Erin Porter;789;945;2024-05-05 17:28:58.000;20154890525;8
2502;Self-enabling foreground pricing structure;Charles Thomas;262;886;2023-10-02 09:42:09.000;86198515068;9
2503;Open-architected transitional Graphical User Interface;Marcus Parker;840;240;2023-06-03 08:22:49.000;94824304061;4
2504;Extended contextually-based circuit;Rachel Nelson;679;547;2023-10-09 12:22:34.000;31078314561;8
2505;Reduced multi-tasking service-desk;Kelsey Moran;173;44;2023-09-25 14:44:17.000;42249133492;9
2506;Switchable mobile conglomeration;Kristina Brown;70;448;2024-03-18 21:48:27.000;29101133712;4
2507;Devolved directional process improvement;Marissa Stout;908;507;2023-12-21 11:08:27.000;69826112361;7
2508;Multi-channeled zero administration success;John Hudson;71;187;2023-11-01 16:41:12.000;68885038173;1
2509;Optional hybrid budgetary management;Dr. Jonathan Haynes MD;385;843;2024-02-02 07:06:32.000;48728840357;2
2510;Up-sized content-based firmware;Richard Jones;867;954;2024-02-11 18:07:54.000;71864880058;3
2511;Devolved directional process improvement;Marissa Stout;908;507;2023-12-21 11:08:27.000;18985636386;1
2512;Profound user-facing help-desk;Kelly Miller;478;336;2024-02-09 04:34:13.000;23838537076;5
2513;Innovative optimizing capacity;Drew Walters;385;843;2023-12-26 20:08:51.000;24669050975;7
2514;Compatible next generation strategy;Julie Ross;347;920;2023-11-20 00:05:33.000;35735340153;2
2515;Managed 5thgeneration help-desk;Brandon Chambers;62;30;2023-08-02 04:00:42.000;83892803291;2
2516;Optimized contextually-based open system;Robert Miller;603;492;2023-11-04 10:21:23.000;95207065267;10
2517;Digitized high-level contingency;Amanda Reynolds;751;617;2023-05-19 04:41:10.000;77709699261;2
2518;Reverse-engineered modular installation;Andre Wolf;724;222;2023-12-21 00:26:23.000;61795946275;2
2519;Total cohesive migration;Jeanne Obrien;122;250;2023-07-12 09:57:35.000;90623425895;2
2520;Intuitive contextually-based neural-net;Carrie Moore;276;250;2024-04-18 06:16:13.000;66142046312;5
2521;Multi-lateral optimal hub;Stephen Smith;32;602;2024-03-07 07:56:21.000;58752745221;5
2522;Function-based cohesive framework;Joseph Bowers;168;350;2024-01-05 12:50:09.000;65246234002;5
2523;Progressive tertiary policy;Sandra Francis;512;675;2023-08-18 14:07:49.000;83965882575;4
2524;Diverse interactive application;William Jackson;544;434;2023-07-19 17:32:53.000;63105097993;5
2525;Integrated multi-state conglomeration;Erin Floyd;582;171;2023-07-29 11:18:49.000;51784493841;2
2526;Multi-tiered regional software;Sherry Brown;129;747;2024-03-15 14:49:55.000;76874267875;3
2527;Realigned motivating hub;Barbara Leach;893;82;2023-09-17 16:25:41.000;34660801497;4
2528;Profound tangible instruction set;Danny Sanchez;608;597;2023-12-22 18:16:44.000;93142507314;1
2529;Switchable static paradigm;Christopher Jones;332;19;2024-02-28 18:08:05.000;84238118587;6
2530;Compatible multi-tasking circuit;Stephanie Evans;166;620;2023-12-14 20:43:57.000;76442468961;9
2531;Fully-configurable didactic capacity;Ashley Rodriguez;68;175;2024-05-04 21:57:16.000;49748726618;5
2532;Persistent even-keeled projection;Colin Knight;675;581;2024-04-05 02:20:24.000;14061353220;6
2533;Balanced leadingedge attitude;Andrea Harper;807;284;2024-04-19 22:29:07.000;92743099071;10
2534;Customer-focused system-worthy website;Mark Young;339;858;2024-01-19 17:41:57.000;12994595404;10
2535;Self-enabling foreground pricing structure;Charles Thomas;423;971;2024-02-03 08:57:59.000;33637195646;4
2536;Triple-buffered tertiary neural-net;Jon Wu;814;451;2023-07-13 23:16:01.000;40597530127;7
2537;Upgradable bottom-line process improvement;Elizabeth Newman;623;223;2023-09-19 23:21:41.000;73342301416;5
2538;Balanced leadingedge attitude;Andrea Harper;807;284;2024-04-19 22:29:07.000;83892803291;1
2539;Automated background knowledgebase;Cody Macias;726;391;2023-10-10 18:13:18.000;83580724971;4
2540;Persistent even-keeled projection;Colin Knight;675;581;2024-04-05 02:20:24.000;22721909228;1
2541;Progressive tertiary policy;Sandra Francis;73;371;2023-07-24 02:38:02.000;38332991078;5
2542;Robust tangible Graphic Interface;Jeffrey Johnson;810;817;2023-12-05 19:13:54.000;62727331625;4
2543;User-centric object-oriented superstructure;David Richardson DVM;724;222;2024-03-04 08:36:07.000;57532694313;2
2544;Configurable motivating array;Jessica Jones DDS;297;398;2024-04-05 17:53:36.000;48941088855;4
2545;Horizontal asynchronous archive;Kristin Hill;767;647;2024-03-15 16:58:51.000;79392759812;4
2546;Configurable fresh-thinking intranet;Katie Jones;402;282;2024-04-09 02:56:41.000;52043580350;9
2547;Pre-emptive full-range adapter;Catherine Schmitt;882;294;2023-08-20 04:03:30.000;38418663518;9
2548;Configurable analyzing hardware;Arthur Mccall;802;785;2024-04-12 18:46:58.000;90625884166;6
2549;Front-line grid-enabled migration;Kathleen Townsend;14;428;2023-10-20 00:13:50.000;41755419386;7
2550;Universal dynamic leverage;Amy Mcintyre;944;517;2023-10-27 04:50:17.000;77082070542;7
2551;Vision-oriented object-oriented product;Travis Houston;165;127;2024-04-17 21:32:38.000;28447742267;6
2552;Distributed eco-centric groupware;Luke Cruz;19;527;2023-10-07 08:19:58.000;32877170183;5
2553;Exclusive attitude-oriented firmware;Nicole Yu;436;20;2023-10-07 06:20:05.000;89054658279;3
2554;Distributed bandwidth-monitored initiative;Tanya Stafford;63;988;2023-05-10 21:23:49.000;43377138996;7
2555;Right-sized executive open system;Joy Lewis;762;642;2023-10-31 19:26:40.000;47175696181;6
2556;Distributed eco-centric groupware;Luke Cruz;19;527;2023-10-07 08:19:58.000;38332991078;10
2557;Configurable analyzing hardware;Arthur Mccall;515;381;2024-02-17 19:45:12.000;52810822043;4
2558;Multi-layered mobile moderator;Kimberly Moore;44;246;2023-07-18 23:26:59.000;58896127971;4
2559;Open-architected 6thgeneration circuit;Christina Baker;101;648;2023-08-25 10:49:46.000;86277267562;4
2560;Decentralized maximized middleware;Lance Roman;902;373;2023-11-11 00:34:22.000;33836859737;4
2561;Customer-focused exuding superstructure;Kathryn Johnson;550;204;2023-05-30 13:03:57.000;13586265262;4
2562;Proactive empowering benchmark;David Robinson;512;675;2023-08-25 05:31:11.000;78965262995;9
2563;Phased 24hour orchestration;Terri Andrews;748;884;2023-09-18 20:12:06.000;55762577631;4
2564;Realigned dedicated paradigm;Seth Peters;438;5;2023-12-17 16:08:18.000;78965262995;4
2565;Business-focused dynamic implementation;Cheryl Wright;884;105;2023-10-09 23:21:44.000;88562860499;1
2566;Universal dynamic leverage;Amy Mcintyre;944;517;2023-10-27 04:50:17.000;73901292283;5
2567;Seamless explicit Internet solution;Kenneth Gibson;910;10;2024-02-08 06:52:06.000;42363532551;4
2568;Innovative content-based benchmark;Brent Smith;918;552;2023-09-05 07:08:17.000;80431410545;7
2569;Enhanced optimal superstructure;Robyn Hardin;20;566;2023-07-30 01:51:10.000;39905240312;6
2570;Enhanced bottom-line approach;Shane Rivera;537;587;2024-01-21 10:06:40.000;79420380579;2
2571;Robust tangible Graphic Interface;Jeffrey Johnson;810;817;2023-12-05 19:13:54.000;21640026208;8
2572;Intuitive dynamic model;Douglas Edwards;927;122;2024-01-15 20:06:51.000;64616757158;10
2573;Pre-emptive discrete conglomeration;Sandra Nguyen;530;825;2024-01-02 23:10:23.000;75020229994;1
2574;Enhanced optimal superstructure;Robyn Hardin;20;566;2023-07-30 01:51:10.000;22646655231;9
2575;Enterprise-wide client-driven algorithm;Dr. Anna Hayes;143;928;2023-12-21 08:47:36.000;17914821789;2
2576;Switchable fresh-thinking info-mediaries;Matthew Henson;250;498;2024-05-05 22:15:17.000;33421365453;6
2577;Digitized high-level contingency;Amanda Reynolds;751;617;2023-05-19 04:41:10.000;65338064958;10
2578;Synergized bifurcated attitude;Megan Allen;428;350;2023-09-19 16:28:02.000;44143914601;5
2579;Enhanced bottom-line approach;Shane Rivera;537;587;2024-01-21 10:06:40.000;21233286660;10
2580;Multi-lateral next generation application;John Garcia;785;660;2023-10-20 22:24:30.000;55299655100;8
2581;Down-sized fault-tolerant orchestration;Mary Brown;123;456;2023-11-01 20:43:29.000;67414516386;10
2582;Ameliorated exuding groupware;Michael Davis;132;774;2023-11-12 16:39:57.000;45255105238;2
2583;Triple-buffered solution-oriented service-desk;Amanda Hall;196;368;2023-10-30 02:50:07.000;81992030319;1
2584;Switchable system-worthy application;Katherine Conner;317;848;2023-06-24 23:50:14.000;75768554473;1
2585;Triple-buffered dynamic challenge;Scott Martinez;405;971;2023-07-14 09:50:21.000;67414516386;6
2586;Mandatory full-range monitoring;Tyler Dean;235;57;2023-11-26 06:17:12.000;16875557677;6
2587;Multi-lateral next generation application;John Garcia;785;660;2023-10-20 22:24:30.000;46268668844;2
2588;Implemented system-worthy architecture;Natalie Wilkins;268;862;2023-12-29 19:36:32.000;22044894812;4
2589;Reverse-engineered web-enabled throughput;Victor Jones;765;418;2023-11-29 11:30:18.000;47797322786;5
2590;Total real-time infrastructure;Jennifer Short DVM;921;548;2024-03-16 18:12:41.000;68890232021;1
2591;Organic 3rdgeneration paradigm;Kelly Wilson;169;785;2023-07-09 03:18:01.000;36761773309;8
2592;Configurable fresh-thinking intranet;Katie Jones;402;282;2024-04-09 02:56:41.000;77037987665;3
2593;Total 5thgeneration adapter;George Guzman;689;788;2024-01-14 12:04:49.000;98319402837;7
2594;Visionary modular algorithm;Tiffany Everett;388;695;2023-05-11 21:39:40.000;86559219970;8
2595;Open-source explicit website;Gregory Reeves;697;335;2024-01-26 05:30:36.000;75020229994;9
2596;Assimilated impactful middleware;Michael Sanchez;674;132;2023-07-08 07:21:42.000;14225640433;6
2597;User-centric solution-oriented standardization;Cynthia Martin;608;597;2023-11-28 03:59:02.000;64155969631;1
2598;Configurable motivating array;Jessica Jones DDS;297;398;2024-04-05 17:53:36.000;55762577631;8
2599;Focused high-level software;Crystal Sanders;457;811;2023-11-13 18:05:54.000;96750219621;7
2600;Upgradable transitional neural-net;Michelle Leonard;779;8;2023-05-28 11:04:24.000;92395358837;8
2601;Triple-buffered mobile service-desk;Hannah Gomez;900;168;2024-02-27 19:44:23.000;84584380676;8
2602;Down-sized fault-tolerant orchestration;Mary Brown;123;456;2023-11-01 20:43:29.000;67727075732;1
2603;Persevering user-facing methodology;Henry Martinez;425;74;2024-03-08 18:33:05.000;21647069680;5
2604;Secured multi-state emulation;William Miller;84;433;2024-03-20 08:20:47.000;55694441227;3
2605;Organic even-keeled algorithm;Susan Ross;377;850;2023-11-09 11:41:15.000;31144925132;9
2606;Configurable analyzing hardware;Arthur Mccall;403;115;2023-10-17 23:48:24.000;80067777565;1
2607;Cross-platform full-range extranet;Thomas Rodriguez;994;543;2023-06-19 00:33:15.000;33394881240;5
2608;Decentralized motivating model;John Pittman;878;927;2024-01-22 09:42:14.000;80392414790;9
2609;Enterprise-wide 5thgeneration strategy;Theresa Keller;205;591;2023-11-12 12:29:47.000;75274856219;2
2610;Enterprise-wide cohesive instruction set;Brian Haynes;692;690;2023-06-18 09:49:12.000;16805954725;6
2611;Customer-focused mission-critical database;Robert Davila;150;442;2024-03-10 21:11:42.000;14605433323;10
2612;Visionary logistical flexibility;Jacob Cunningham;581;630;2023-11-04 15:51:37.000;21590231376;2
2613;Vision-oriented object-oriented product;Travis Houston;241;3;2024-01-20 20:31:23.000;96935924455;3
2614;Open-architected empowering capability;Sydney Chambers;761;786;2023-12-18 23:10:24.000;32877170183;9
2615;Managed upward-trending benchmark;Oscar Lopez;297;398;2024-05-01 23:10:34.000;93479489826;5
2616;Progressive uniform solution;Kyle Taylor;862;341;2023-05-18 16:08:39.000;53489434181;7
2617;Future-proofed dynamic analyzer;Erin Ellis;944;891;2024-02-15 16:40:41.000;94088621486;4
2618;Right-sized analyzing workforce;Christine Horne;287;267;2024-02-16 09:32:33.000;95225300900;10
2619;Business-focused coherent function;Gerald Howell;817;848;2024-02-27 20:33:06.000;43679479466;3
2620;Diverse empowering archive;Gary Byrd;148;303;2023-05-23 10:14:50.000;41792350404;8
2621;Future-proofed multimedia solution;Anthony Lee;438;5;2024-01-18 11:30:35.000;85624455891;9
2622;Cloned neutral array;Jennifer Greer;933;157;2023-11-13 19:50:11.000;27026927341;10
2623;Multi-layered value-added challenge;Xavier Hoover;77;242;2024-04-10 09:53:16.000;66611910264;5
2624;Organic 3rdgeneration paradigm;Kelly Wilson;169;785;2023-07-09 03:18:01.000;27646118377;2
2625;Managed 5thgeneration help-desk;Brandon Chambers;105;593;2024-02-07 13:53:08.000;15301787650;2
2626;Configurable fresh-thinking intranet;Katie Jones;402;282;2024-04-09 02:56:41.000;88323981959;3
2627;Stand-alone content-based instruction set;Ryan Jackson;758;895;2024-03-01 03:41:48.000;79975636001;4
2628;Enhanced logistical benchmark;Jessica Smith;287;250;2024-03-31 14:54:10.000;31791386073;1
2629;Networked incremental framework;Matthew Soto;718;875;2023-11-02 02:10:58.000;90148465967;5
2630;Innovative scalable customer loyalty;Shannon Turner;623;466;2024-01-08 07:33:45.000;31144925132;3
2631;Public-key scalable forecast;Jason Harmon;423;971;2023-05-28 10:21:46.000;75768554473;6
2632;Cloned national model;Patricia Ortiz;600;702;2023-10-22 16:52:56.000;75396546116;2
2633;Customer-focused disintermediate focus group;Jared Barker;797;76;2024-02-06 20:58:36.000;44734495840;3
2634;Synergistic optimizing ability;Jesse Randolph;507;692;2023-12-29 11:31:23.000;12495379288;1
2635;Front-line grid-enabled migration;Kathleen Townsend;14;428;2023-10-20 00:13:50.000;25559812605;3
2636;Quality-focused high-level structure;Donald Pierce;535;815;2023-08-18 07:09:06.000;11970949181;8
2637;Up-sized systematic matrices;Joshua Hayes;387;1;2023-08-13 11:00:41.000;55290527738;7
2638;Diverse high-level paradigm;Amy King;208;877;2023-06-27 13:06:42.000;32021820106;2
2639;Enterprise-wide multimedia synergy;Zachary Miller;912;664;2024-02-13 00:39:57.000;90117712417;10
2640;Reverse-engineered uniform paradigm;Joshua Fletcher;453;296;2023-09-28 06:38:23.000;34149441034;10
2641;Reactive high-level throughput;Rachael Lynn;630;201;2023-11-18 06:54:50.000;22864553927;1
2642;Realigned human-resource functionalities;Michelle Arnold;95;251;2024-02-10 21:31:27.000;55290527738;1
2643;Business-focused bifurcated matrix;Jay Perez;589;259;2024-02-23 15:24:15.000;25528773529;8
2644;Intuitive demand-driven array;Christopher Carter;930;323;2024-04-17 09:18:39.000;84566508314;5
2645;Secured maximized product;Vincent Bradford;946;825;2024-04-10 22:53:50.000;20591245186;6
2646;Quality-focused high-level structure;Donald Pierce;324;357;2024-04-28 10:17:27.000;76442468961;10
2647;Innovative scalable customer loyalty;Shannon Turner;623;466;2024-01-08 07:33:45.000;35192705126;8
2648;Sharable transitional secured line;Teresa Lopez;411;838;2024-02-20 17:52:34.000;78534453928;8
2649;Fully-configurable didactic capacity;Ashley Rodriguez;68;175;2024-05-04 21:57:16.000;28447742267;7
2650;Switchable optimal pricing structure;Steven Hanna;25;83;2023-12-21 01:20:45.000;12420392065;4
2651;Exclusive human-resource solution;Lindsay Ross;377;850;2024-01-22 01:08:56.000;35828294236;8
2652;Quality-focused high-level structure;Donald Pierce;324;357;2024-04-28 10:17:27.000;89023535717;6
2653;Multi-layered value-added challenge;Xavier Hoover;101;648;2023-10-23 04:56:57.000;60846270848;2
2654;Down-sized leadingedge groupware;Nicole Stanley;724;222;2023-08-04 06:19:09.000;90524404181;1
2655;Persistent cohesive framework;Anthony Anderson;712;39;2023-12-07 19:42:50.000;31473544326;5
2656;Total optimizing help-desk;Rachel Ford;74;805;2023-12-02 09:33:41.000;67922422153;8
2657;Decentralized fresh-thinking help-desk;Donald Burton Jr.;874;596;2024-04-26 12:08:12.000;61757459779;3
2658;Ameliorated multi-state hardware;Brandon Hughes;142;803;2023-07-18 16:05:18.000;40337467599;2
2659;Persistent coherent conglomeration;Jennifer Bennett;316;968;2023-06-06 03:38:16.000;45595678891;4
2660;Multi-channeled zero administration success;John Hudson;71;187;2023-11-01 16:41:12.000;41208445880;8
2661;Multi-channeled next generation help-desk;Claudia Cain;842;40;2023-12-07 10:57:21.000;28092065792;10
2662;Enterprise-wide 5thgeneration model;Paul Rosales;636;383;2024-01-02 01:06:00.000;33954525514;8
2663;Customer-focused disintermediate focus group;Jared Barker;797;76;2024-02-06 20:58:36.000;66566083862;9
2664;Open-source didactic infrastructure;Danny Roberts;860;163;2023-07-06 10:24:22.000;47341252864;5
2665;Adaptive static extranet;Brandon Thomas;692;690;2024-03-18 01:51:57.000;45595678891;1
2666;Virtual client-driven adapter;Nicholas Henderson II;502;908;2023-09-24 14:28:44.000;48087724097;1
2667;Reverse-engineered web-enabled throughput;Victor Jones;765;418;2023-11-29 11:30:18.000;48739748119;1
2668;Optional hybrid budgetary management;Dr. Jonathan Haynes MD;863;731;2024-03-28 13:55:16.000;76583607511;10
2669;Face-to-face tertiary hub;Mr. Michael Dennis;622;299;2023-06-17 02:41:06.000;73160820658;8
2670;Balanced bi-directional task-force;Laura Cordova;524;907;2023-11-19 20:17:24.000;42081849512;3
2671;Grass-roots bifurcated analyzer;Robert Shaw;542;821;2023-07-07 10:43:40.000;90625884166;5
2672;Diverse high-level paradigm;Amy King;963;197;2023-09-18 05:32:42.000;18725620027;10
2673;Triple-buffered tertiary neural-net;Jon Wu;814;451;2023-07-13 23:16:01.000;99364412303;8
2674;Versatile national standardization;Abigail Willis;850;904;2024-02-06 23:56:03.000;10405638277;3
2675;Horizontal asynchronous archive;Kristin Hill;845;64;2024-02-01 04:20:21.000;69285913005;9
2676;Balanced 24hour website;Jason Horne;814;92;2023-09-23 13:36:12.000;47767990595;5
2677;Networked 3rdgeneration Local Area Network;Noah Montgomery;455;993;2023-09-17 05:56:27.000;18045602987;7
2678;Business-focused logistical alliance;Darren Freeman;606;169;2023-12-02 02:49:10.000;78534453928;9
2679;Exclusive attitude-oriented firmware;Nicole Yu;261;872;2024-02-06 06:03:08.000;91642045487;2
2680;Re-contextualized coherent circuit;Derek Perry;237;87;2023-07-16 14:55:24.000;78965262995;3
2681;Open-architected local alliance;Jessica Romero;336;278;2024-02-19 00:55:51.000;74947396889;7
2682;Inverse dedicated structure;Karen Cohen;92;728;2023-08-13 07:27:59.000;26222975223;1
2683;Upgradable radical methodology;Amy Williamson;507;692;2024-01-31 00:09:21.000;96842788368;8
2684;Re-contextualized coherent circuit;Derek Perry;237;87;2023-07-16 14:55:24.000;49060218611;8
2685;Enterprise-wide attitude-oriented software;Melissa Rodriguez;541;40;2024-04-03 17:58:45.000;66024132673;3
2686;Adaptive methodical frame;Tommy Chen;651;118;2024-01-05 08:31:50.000;54615480006;8
2687;Switchable mobile conglomeration;Kristina Brown;70;448;2024-03-18 21:48:27.000;18141286262;1
2688;User-centric multi-state open architecture;Paul Mcdowell;994;543;2023-07-26 09:24:56.000;33836859737;10
2689;Secured incremental knowledge user;Melissa Snyder;406;465;2023-05-13 18:36:19.000;82360766831;3
2690;Virtual transitional moderator;Courtney Church;36;554;2024-04-27 13:21:16.000;77374920314;2
2691;Intuitive multi-state attitude;Elizabeth Nichols;94;233;2023-08-29 19:49:54.000;51968188632;7
2692;Persevering multimedia paradigm;Henry Romero;10;575;2023-10-02 07:26:03.000;27190643623;10
2693;Decentralized fresh-thinking help-desk;Donald Burton Jr.;874;596;2024-04-26 12:08:12.000;20942103480;1
2694;Sharable discrete complexity;Jessica Adams;283;156;2023-10-27 19:37:11.000;38418663518;9
2695;Enhanced dynamic service-desk;Paul Wade;248;20;2023-05-31 13:35:27.000;80271423437;10
2696;Extended global benchmark;Nicholas Carey;108;504;2023-08-31 16:37:36.000;42363532551;10
2697;Streamlined optimizing protocol;Ms. Erika Foster DDS;980;73;2023-08-17 21:27:55.000;82766293968;6
2698;Inverse dedicated structure;Karen Cohen;92;728;2023-08-13 07:27:59.000;97294956869;7
2699;Ergonomic motivating forecast;Kathy Rodriguez;19;65;2023-11-10 12:24:41.000;42155532102;8
2700;Customer-focused client-driven access;Patty Rogers;745;626;2024-05-06 09:36:06.000;24007811130;9
2701;Object-based 4thgeneration database;Yvonne Owens;263;39;2024-03-25 22:02:02.000;33555235338;3
2702;Realigned executive solution;Robert Wright;431;656;2023-09-27 04:25:21.000;15512063999;4
2703;Open-architected 6thgeneration circuit;Christina Baker;101;648;2023-08-25 10:49:46.000;18627797855;2
2704;Triple-buffered 24/7 structure;Daniel Boone;234;997;2024-01-15 17:13:10.000;64799719395;1
2705;Organized zero administration firmware;Juan Jacobs;196;368;2024-03-27 21:04:17.000;68861136528;2
2706;Upgradable global concept;Perry Cowan;567;660;2023-11-10 05:11:42.000;18141286262;3
2707;Multi-lateral object-oriented firmware;Katie Barnes;123;456;2024-04-15 06:25:57.000;74193877430;8
2708;Future-proofed discrete standardization;Kimberly Garcia;84;894;2023-12-18 00:12:53.000;85505747678;5
2709;Multi-lateral zero-defect encoding;Dr. Dustin Reed;403;342;2024-01-29 07:55:36.000;33555235338;10
2710;Cross-platform local archive;Thomas Morris;428;350;2023-12-26 14:40:20.000;63695803411;9
2711;Function-based upward-trending system engine;Christopher Taylor;869;108;2023-09-21 15:18:13.000;46151802493;1
2712;Compatible 24/7 toolset;Shawn Cross;149;122;2023-07-29 10:33:30.000;45796989313;10
2713;Cloned asynchronous matrices;Harold Williams;952;655;2024-04-13 04:35:27.000;87772282285;9
2714;Pre-emptive web-enabled matrix;Marc Chavez;263;39;2024-04-03 13:15:51.000;94812021646;8
2715;Centralized directional workforce;Christian Price;250;852;2023-06-23 10:14:32.000;69662462085;6
2716;Future-proofed discrete standardization;Kimberly Garcia;84;894;2023-12-18 00:12:53.000;54402837329;7
2717;Vision-oriented intangible productivity;Dylan Larson;233;862;2023-11-11 07:00:13.000;20571187993;6
2718;Multi-tiered real-time forecast;Tina Fleming;555;453;2023-05-10 16:55:33.000;74193877430;9
2719;Reactive zero tolerance ability;Kevin Parks;286;726;2024-03-13 01:40:04.000;17255541446;8
2720;Fully-configurable upward-trending implementation;Stephanie Edwards;52;57;2023-09-12 22:39:29.000;80067777565;5
2721;Polarized dynamic success;Randy Hale;894;456;2023-08-28 11:30:12.000;34516229071;7
2722;Realigned executive solution;Robert Wright;50;674;2023-10-26 22:12:15.000;94824304061;1
2723;Synchronized empowering Graphical User Interface;Stephanie Martin;208;620;2023-06-06 03:33:44.000;53211018376;5
2724;Compatible next generation strategy;Julie Ross;347;920;2023-11-20 00:05:33.000;78803718598;10
2725;Compatible impactful Local Area Network;Emily Park;817;848;2024-02-18 08:01:32.000;11770596421;2
2726;Multi-channeled coherent array;Nathan Knight;195;274;2023-07-12 10:36:00.000;17914821789;5
2727;Progressive uniform solution;Kyle Taylor;862;341;2023-05-18 16:08:39.000;78246386963;9
2728;Assimilated coherent Local Area Network;Tracy Summers;914;725;2023-08-24 08:05:58.000;22349054155;1
2729;Secured local challenge;Joshua Wilcox;395;461;2024-05-08 08:12:35.000;28078909063;4
2730;Re-contextualized asymmetric orchestration;Trevor Juarez Jr.;378;38;2023-06-15 14:05:27.000;50308232277;6
2731;Object-based 4thgeneration database;Yvonne Owens;289;841;2023-09-26 23:13:26.000;50080000219;4
2732;Reverse-engineered modular installation;Andre Wolf;724;222;2023-12-21 00:26:23.000;68885038173;10
2733;Multi-channeled next generation help-desk;Claudia Cain;905;135;2024-05-01 02:58:19.000;60595515807;9
2734;Team-oriented next generation neural-net;Kristen Navarro;436;529;2024-01-15 01:44:06.000;31943623787;6
2735;Intuitive coherent access;Amanda Johnson;669;82;2024-05-06 20:23:02.000;70117654383;10
2736;Integrated secondary throughput;Jonathan Jackson;146;749;2023-05-17 00:22:21.000;17150660104;8
2737;Multi-lateral zero-defect encoding;Dr. Dustin Reed;403;342;2024-01-29 07:55:36.000;31618326774;7
2738;Progressive fresh-thinking help-desk;Ryan Wallace;789;945;2023-06-25 02:12:37.000;36414191649;3
2739;Distributed eco-centric groupware;Luke Cruz;19;527;2023-10-07 08:19:58.000;79080502372;9
2740;Synchronized demand-driven framework;Jennifer Andrews;860;989;2024-02-25 13:22:41.000;54257145590;4
2741;Fully-configurable non-volatile portal;Lisa Wagner;292;848;2023-11-12 06:22:10.000;31473544326;10
2742;Cloned 24hour open system;Douglas Ford;567;428;2024-01-16 03:42:01.000;82660754600;7
2743;Secured multi-state emulation;William Miller;84;433;2024-03-20 08:20:47.000;87272943867;2
2744;Quality-focused 24hour hub;Austin Chung;390;862;2024-03-16 06:51:09.000;11001309480;10
2745;Ameliorated exuding groupware;Michael Davis;132;774;2023-11-12 16:39:57.000;96750219621;7
2746;Visionary exuding parallelism;Vickie Graves;267;379;2024-04-14 17:13:19.000;39171703421;4
2747;Ameliorated multi-state hardware;Brandon Hughes;829;422;2024-02-24 23:34:46.000;98961393356;2
2748;Organized leadingedge neural-net;Jacob Bryan;464;487;2024-02-01 03:33:04.000;42792123140;9
2749;Synergistic dedicated encoding;Christopher Miller;98;328;2023-07-17 03:07:53.000;56281293245;5
2750;Stand-alone value-added solution;Emily Bailey;18;250;2023-08-03 23:40:33.000;78133646680;10
2751;Object-based 4thgeneration database;Yvonne Owens;289;841;2023-09-26 23:13:26.000;54257145590;10
2752;Synchronized tertiary forecast;Keith Gray;672;531;2023-07-29 02:05:01.000;17462993932;10
2753;Persevering leadingedge middleware;Raymond Vasquez;411;94;2024-03-04 11:28:02.000;99364412303;5
2754;Horizontal didactic flexibility;Kimberly Taylor;914;725;2023-08-20 14:59:50.000;88433324690;1
2755;Pre-emptive discrete conglomeration;Sandra Nguyen;930;348;2023-11-05 05:07:31.000;50308232277;9
2756;Total cohesive migration;Jeanne Obrien;918;552;2023-05-22 17:33:25.000;34202212140;7
2757;Customizable logistical initiative;Billy Moody;121;980;2024-01-01 00:04:31.000;45983135089;9
2758;Robust tangible Graphic Interface;Jeffrey Johnson;810;817;2023-12-05 19:13:54.000;36181640882;4
2759;Virtual bifurcated artificial intelligence;Anthony Burgess;28;428;2023-11-19 19:50:31.000;57399375399;4
2760;Optional fresh-thinking implementation;Tracy Dominguez;423;94;2023-07-01 01:37:08.000;51572547220;9
2761;Right-sized multi-tasking access;Caitlyn Gilbert;417;151;2024-03-02 16:01:29.000;83689713596;4
2762;User-centric content-based concept;Adam Costa;185;600;2024-02-20 16:28:03.000;46644271002;6
2763;Switchable optimal pricing structure;Steven Hanna;25;83;2023-12-21 01:20:45.000;42779314695;3
2764;Cloned actuating architecture;Jacob Bishop;885;476;2024-01-02 07:03:46.000;71950340041;9
2765;Realigned 6thgeneration conglomeration;Adam Cruz;231;763;2023-11-07 20:00:00.000;81549403409;6
2766;Self-enabling radical moderator;Kristine Brooks;933;731;2024-04-04 02:24:25.000;58845409101;3
2767;Persevering content-based interface;Kiara Castro;590;763;2024-02-09 13:24:42.000;51771840991;4
2768;Digitized hybrid software;Laura Holland;791;35;2023-06-07 18:40:12.000;34940470260;9
2769;Right-sized homogeneous capability;Lisa Wang;908;507;2023-12-10 01:59:46.000;15189246454;5
2770;Operative discrete focus group;Mr. Joshua Shah;30;759;2024-01-11 10:04:27.000;25702550017;7
2771;Optimized empowering productivity;Kathryn Allen;831;452;2024-01-28 04:44:31.000;53946412134;4
2772;Down-sized executive website;Angela Gomez;684;267;2023-10-10 00:15:03.000;91642045487;5
2773;Enterprise-wide attitude-oriented software;Melissa Rodriguez;623;223;2023-05-15 12:41:13.000;85239346024;9
2774;Mandatory neutral synergy;Heather Bell;378;758;2023-12-31 16:05:05.000;22570110254;8
2775;Extended asymmetric time-frame;Allison Clark;673;375;2023-09-20 17:50:16.000;36181640882;4
2776;Digitized hybrid software;Laura Holland;791;35;2023-06-07 18:40:12.000;60367755917;9
2777;Reactive secondary help-desk;Zachary Houston;864;596;2024-02-12 01:19:13.000;60395451430;9
2778;Seamless coherent budgetary management;Arthur Patel;691;226;2023-07-14 03:42:51.000;79975636001;1
2779;Exclusive human-resource solution;Lindsay Ross;377;850;2024-01-22 01:08:56.000;96798978764;8
2780;Decentralized asymmetric throughput;David Thomas;883;721;2023-07-12 17:36:57.000;10495945293;9
2781;Quality-focused high-level structure;Donald Pierce;324;357;2024-04-28 10:17:27.000;22721909228;7
2782;Progressive uniform solution;Kyle Taylor;436;529;2024-03-23 16:29:18.000;32638445355;2
2783;Polarized dynamic success;Randy Hale;862;341;2024-02-21 06:56:04.000;61560736727;4
2784;Balanced well-modulated architecture;James Patterson;927;122;2024-04-27 05:27:16.000;23514632775;5
2785;Reduced tangible infrastructure;Alexander Caldwell;5;489;2023-06-20 09:01:20.000;46555700074;7
2786;Proactive demand-driven policy;Melissa Bautista;320;449;2023-06-20 15:06:10.000;83335741264;4
2787;Balanced uniform project;Jennifer Bates;204;911;2023-10-09 06:50:33.000;35056708267;1
2788;Business-focused logistical alliance;Darren Freeman;606;169;2023-12-02 02:49:10.000;28832932285;7
2789;Business-focused logistical alliance;Darren Freeman;606;169;2023-12-02 02:49:10.000;55872337088;6
2790;Quality-focused secondary initiative;Anthony Cross;297;346;2024-01-25 05:08:18.000;55290527738;7
2791;Grass-roots bottom-line knowledge user;Michelle Evans;86;820;2024-02-13 08:49:14.000;31097179772;3
2792;Optional hybrid budgetary management;Dr. Jonathan Haynes MD;690;812;2023-11-22 23:40:45.000;55762577631;10
2793;Public-key scalable forecast;Jason Harmon;423;971;2023-05-28 10:21:46.000;55720298429;2
2794;Business-focused dynamic implementation;Cheryl Wright;884;105;2023-10-09 23:21:44.000;31618326774;6
2795;Triple-buffered dynamic challenge;Scott Martinez;495;841;2023-09-08 01:34:45.000;26126697935;2
2796;Upgradable global concept;Perry Cowan;649;710;2024-02-25 07:36:25.000;61795946275;8
2797;Vision-oriented neutral superstructure;Jonathan Ramirez;921;548;2023-10-18 19:58:15.000;46574429374;8
2798;Compatible radical matrices;Malik Freeman;120;795;2023-10-11 02:15:58.000;61360386913;8
2799;Devolved directional process improvement;Marissa Stout;908;507;2023-12-21 11:08:27.000;10729802524;9
2800;Open-architected empowering capability;Sydney Chambers;761;786;2023-12-18 23:10:24.000;30718569938;2
2801;Front-line neutral adapter;Angie Brock;942;71;2023-06-09 08:28:40.000;92231775404;8
2802;Progressive actuating attitude;Jennifer Parks;205;591;2024-05-08 02:03:29.000;45423339057;2
2803;Open-architected maximized moderator;Cynthia Ortiz;862;341;2023-10-13 05:22:59.000;42546198446;5
2804;Cloned asynchronous matrices;Harold Williams;952;655;2024-04-13 04:35:27.000;92355145040;1
2805;Diverse well-modulated website;Denise Duran;250;266;2024-01-21 02:43:53.000;88433324690;9
2806;Synergized clear-thinking policy;Michael Butler;900;168;2023-06-08 13:06:09.000;45451892593;8
2807;Switchable mobile conglomeration;Kristina Brown;70;448;2024-03-18 21:48:27.000;10221492290;7
2808;Optimized executive application;Sheila Perez;525;818;2024-03-24 10:37:43.000;51966106742;6
2809;Operative discrete focus group;Mr. Joshua Shah;984;170;2024-02-28 13:55:05.000;32580013416;10
2810;Ergonomic cohesive database;Mark Ross;812;785;2023-07-17 19:59:09.000;61360386913;6
2811;Right-sized analyzing workforce;Christine Horne;701;828;2023-10-30 15:52:59.000;23151765548;10
2812;Extended global benchmark;Nicholas Carey;108;504;2023-08-31 16:37:36.000;33421365453;10
2813;Persistent homogeneous application;Jason Booker;398;25;2024-03-08 00:57:53.000;66685162136;3
2814;Inverse foreground time-frame;Joseph Walker;874;596;2023-09-16 06:15:54.000;81542674631;6
2815;Managed 5thgeneration help-desk;Brandon Chambers;105;593;2024-02-07 13:53:08.000;78093778969;3
2816;Upgradable global concept;Perry Cowan;225;579;2023-09-26 22:28:08.000;33161596702;10
2817;Monitored background artificial intelligence;Justin Adams;10;575;2024-02-21 00:39:23.000;67922422153;1
2818;Down-sized executive website;Angela Gomez;214;801;2024-01-15 19:35:56.000;21537184939;2
2819;Team-oriented next generation neural-net;Kristen Navarro;436;529;2024-01-15 01:44:06.000;16007418201;7
2820;Decentralized motivating model;John Pittman;878;927;2024-01-22 09:42:14.000;68885038173;5
2821;Organized fault-tolerant standardization;Leslie Cochran;994;831;2024-03-26 16:34:40.000;75768554473;6
2822;Intuitive contextually-based neural-net;Carrie Moore;276;250;2024-04-18 06:16:13.000;72165222081;8
2823;Versatile national standardization;Abigail Willis;850;904;2024-02-06 23:56:03.000;72165222081;4
2824;Intuitive coherent access;Amanda Johnson;47;57;2024-04-12 03:16:55.000;60884459849;9
2825;Function-based 24/7 process improvement;Derrick Ramsey;268;862;2023-10-26 23:24:34.000;70455575950;4
2826;Sharable holistic parallelism;Ryan Scott;28;125;2024-05-05 09:22:52.000;21640026208;9
2827;Sharable needs-based function;Clinton Shaw;2;288;2024-02-02 21:07:51.000;42363532551;4
2828;Visionary modular algorithm;Tiffany Everett;388;695;2023-05-11 21:39:40.000;20361004433;8
2829;Public-key systematic workforce;Joe Reilly;19;527;2023-11-22 15:11:43.000;16805954725;3
2830;Universal incremental interface;Darius Foster;341;343;2023-12-29 03:37:03.000;76582590620;1
2831;Customer-focused exuding superstructure;Kathryn Johnson;550;204;2023-05-30 13:03:57.000;33527794150;3
2832;Monitored high-level secured line;Susan Obrien;863;311;2023-10-18 04:58:31.000;21552671021;8
2833;Devolved directional process improvement;Marissa Stout;498;786;2023-06-27 23:26:54.000;64537642825;5
2834;Managed 5thgeneration help-desk;Brandon Chambers;105;593;2024-02-07 13:53:08.000;47175696181;4
2835;Exclusive system-worthy system engine;Ellen Ho;667;620;2024-04-18 20:04:29.000;10405638277;7
2836;Stand-alone content-based instruction set;Ryan Jackson;572;834;2024-03-11 20:04:42.000;12519946731;6
2837;Compatible bifurcated product;Jennifer Boyle;961;405;2024-01-06 20:08:23.000;32509232756;3
2838;Enhanced grid-enabled customer loyalty;Linda Terrell;860;989;2023-06-07 04:28:47.000;90529278512;6
2839;Organized zero administration firmware;Juan Jacobs;196;368;2024-03-27 21:04:17.000;89890473106;9
2840;Multi-lateral 24hour protocol;Connie Nelson;280;365;2023-12-05 16:15:16.000;72043242700;4
2841;Triple-buffered uniform task-force;Erin Kim;792;293;2024-01-02 04:46:43.000;15898601988;9
2842;Pre-emptive discrete conglomeration;Sandra Nguyen;444;395;2023-12-18 23:12:40.000;93142507314;4
2843;Versatile local interface;Tyler Potter;204;911;2023-05-20 16:41:09.000;79369676543;2
2844;Ameliorated asynchronous emulation;Taylor Hendrix;495;841;2024-03-07 14:02:35.000;49013040221;8
2845;Operative user-facing knowledgebase;Caleb Erickson;846;213;2023-11-20 10:43:00.000;52600122328;1
2846;Function-based user-facing approach;Mark Klein IV;398;25;2023-11-03 00:54:29.000;22646655231;5
2847;Self-enabling foreground pricing structure;Charles Thomas;530;392;2024-01-21 09:34:27.000;90624401720;3
2848;Robust maximized database;Beth Mccormick;767;856;2023-06-08 18:41:14.000;77609114423;2
2849;Polarized dynamic success;Randy Hale;862;341;2024-02-21 06:56:04.000;79130250847;7
2850;Optional zero administration task-force;Mary Thompson;172;711;2023-09-16 02:15:07.000;67813059952;1
2851;Synchronized tertiary forecast;Keith Gray;672;531;2023-07-29 02:05:01.000;94811451762;6
2852;Progressive actuating attitude;Jennifer Parks;205;591;2024-05-08 02:03:29.000;66685162136;1
2853;Automated local parallelism;Gloria Greene;185;600;2024-02-05 02:23:53.000;44813764341;7
2854;Multi-layered value-added challenge;Xavier Hoover;101;648;2023-10-23 04:56:57.000;14256698444;10
2855;Realigned reciprocal Local Area Network;Alyssa Griffin;504;285;2023-09-05 08:00:15.000;79975636001;9
2856;Cross-group optimizing info-mediaries;Margaret James;866;843;2023-07-27 13:47:21.000;21647069680;4
2857;Customer-focused disintermediate focus group;Jared Barker;797;76;2024-02-06 20:58:36.000;83892803291;10
2858;Virtual bifurcated artificial intelligence;Anthony Burgess;28;428;2023-11-19 19:50:31.000;19482317718;9
2859;Sharable full-range concept;Tammy Williams;927;122;2024-01-23 14:41:45.000;87117855006;1
2860;Diverse well-modulated website;Denise Duran;250;266;2024-01-21 02:43:53.000;96750219621;6
2861;Quality-focused 24hour hub;Austin Chung;390;862;2024-03-16 06:51:09.000;21689710265;1
2862;Virtual transitional moderator;Courtney Church;243;174;2023-08-05 08:59:04.000;78344371279;1
2863;Pre-emptive discrete conglomeration;Sandra Nguyen;444;395;2023-12-18 23:12:40.000;71818788216;2
2864;Multi-lateral maximized architecture;Jamie Summers;537;587;2023-09-29 11:14:30.000;66685162136;8
2865;Mandatory full-range monitoring;Tyler Dean;235;57;2023-11-26 06:17:12.000;40917047338;3
2866;Multi-channeled coherent array;Nathan Knight;195;274;2023-07-12 10:36:00.000;55991075320;8
2867;Balanced well-modulated architecture;James Patterson;927;122;2024-04-27 05:27:16.000;79148491033;7
2868;De-engineered discrete collaboration;Lauren Vang;563;683;2023-12-01 10:55:05.000;34149441034;6
2869;Synergistic dedicated encoding;Christopher Miller;552;809;2023-10-15 08:28:51.000;61431646627;7
2870;Down-sized leadingedge groupware;Nicole Stanley;545;446;2023-06-06 21:11:52.000;63791012830;6
2871;Open-architected user-facing circuit;Neil Marquez;32;356;2023-08-20 05:47:01.000;87058369535;3
2872;Organic multimedia collaboration;Dana Crawford;188;4;2024-01-04 01:33:23.000;65626248624;10
2873;Customizable clear-thinking core;Catherine Phillips;86;820;2023-10-06 20:31:08.000;73362185370;8
2874;Organic even-keeled algorithm;Susan Ross;377;850;2023-11-09 11:41:15.000;41361065925;8
2875;Public-key systematic workforce;Joe Reilly;391;893;2023-05-16 03:42:19.000;11760989954;9
2876;Organic 24/7 artificial intelligence;Sandra Garza;248;20;2023-05-25 23:45:40.000;98500954796;2
2877;Down-sized client-driven artificial intelligence;Dr. Brian Mcconnell;566;366;2024-03-01 06:38:32.000;75086067155;6
2878;Mandatory real-time attitude;Anthony Adams;268;108;2024-04-29 11:08:53.000;58890383532;1
2879;Cloned content-based archive;Rachel Parrish;649;481;2023-10-25 04:58:10.000;11981968051;2
2880;Ergonomic cohesive database;Mark Ross;812;785;2023-07-17 19:59:09.000;96404609593;3
2881;Public-key systematic workforce;Joe Reilly;391;893;2023-05-16 03:42:19.000;22900718331;7
2882;Fully-configurable non-volatile portal;Lisa Wagner;292;848;2023-11-12 06:22:10.000;71435826643;4
2883;Synergized clear-thinking policy;Michael Butler;259;69;2023-07-06 04:17:34.000;77709699261;5
2884;Decentralized fresh-thinking help-desk;Donald Burton Jr.;874;596;2024-04-26 12:08:12.000;35342734497;10
2885;Focused high-level software;Crystal Sanders;84;894;2024-04-02 19:15:57.000;84979908940;6
2886;Switchable system-worthy application;Katherine Conner;317;848;2023-06-24 23:50:14.000;62160139233;7
2887;Upgradable bandwidth-monitored process improvement;Ronald Fowler;827;527;2023-06-04 10:04:04.000;31192486227;3
2888;Optimized content-based structure;Kristy Costa;771;128;2024-04-26 12:47:04.000;30264308472;5
2889;Inverse actuating intranet;Stephanie Davies;281;522;2023-08-31 05:36:19.000;36824567334;4
2890;Optimized empowering productivity;Kathryn Allen;831;452;2024-01-28 04:44:31.000;42081189502;10
2891;Customer-focused client-driven access;Patty Rogers;404;385;2023-06-14 08:15:20.000;55673928343;7
2892;Future-proofed discrete standardization;Kimberly Garcia;84;894;2023-12-18 00:12:53.000;21978797185;1
2893;Realigned motivating hub;Barbara Leach;893;82;2023-09-17 16:25:41.000;89134124613;9
2894;Multi-channeled zero administration success;John Hudson;56;396;2023-08-24 10:45:30.000;65390905172;4
2895;De-engineered solution-oriented secured line;Tina Moore;194;849;2023-06-29 13:20:31.000;30206322532;9
2896;Proactive empowering benchmark;David Robinson;512;675;2023-08-25 05:31:11.000;93371178598;1
2897;Business-focused coherent function;Gerald Howell;775;530;2024-03-03 00:32:07.000;36455522126;1
2898;Intuitive demand-driven array;Christopher Carter;403;115;2023-07-10 07:33:15.000;68387029435;5
2899;Cloned 24hour open system;Douglas Ford;567;428;2024-01-16 03:42:01.000;76583607511;5
2900;Inverse radical database;Alec Robles;18;228;2024-02-20 01:27:21.000;61805113832;6
2901;Phased explicit capability;Nathaniel Rodriguez;940;425;2023-07-22 02:21:49.000;34149441034;6
2902;Re-engineered multi-state synergy;Stacy West;761;194;2024-01-25 08:18:49.000;29039027695;6
2903;Centralized directional workforce;Christian Price;250;852;2023-06-23 10:14:32.000;58590968439;10
2904;Innovative scalable customer loyalty;Shannon Turner;649;481;2023-06-24 23:53:47.000;52524872150;5
2905;Function-based exuding complexity;Brandon Wong;364;378;2023-12-05 13:24:51.000;94088621486;9
2906;Triple-buffered 24hour knowledgebase;Benjamin Bailey;760;342;2024-04-27 17:54:57.000;38001582796;8
2907;Down-sized needs-based standardization;Amanda Clark;405;971;2023-07-18 16:18:09.000;19474117312;2
2908;Pre-emptive discrete conglomeration;Sandra Nguyen;930;348;2023-11-05 05:07:31.000;64399207948;6
2909;Triple-buffered 24/7 structure;Daniel Boone;234;997;2024-01-15 17:13:10.000;12994595404;9
2910;Reduced 5thgeneration intranet;Jasmine Morris;944;517;2023-07-14 17:36:54.000;20555913104;5
2911;Front-line neutral adapter;Angie Brock;914;941;2024-04-19 02:01:44.000;92285159202;1
2912;Assimilated coherent Local Area Network;Tracy Summers;914;725;2023-08-24 08:05:58.000;69277952039;8
2913;Balanced leadingedge attitude;Andrea Harper;316;968;2023-09-14 03:30:32.000;89617095584;3
2914;Diverse high-level paradigm;Amy King;208;877;2023-06-27 13:06:42.000;96865883268;8
2915;Face-to-face mission-critical approach;Ronald Watson;827;527;2023-09-22 15:13:44.000;61805113832;9
2916;Fully-configurable systemic monitoring;Jordan Roberts;422;58;2023-09-05 09:14:37.000;93968946030;10
2917;Versatile directional pricing structure;Joshua Ramirez;840;240;2024-04-09 12:34:12.000;25503525226;1
2918;Centralized static challenge;Robert Livingston;210;313;2023-11-04 17:59:35.000;87109469528;8
2919;Profound tangible instruction set;Danny Sanchez;608;597;2023-12-22 18:16:44.000;10221492290;1
2920;Cloned user-facing policy;Brandi Hodges;330;497;2024-01-07 23:58:39.000;14256698444;6
2921;Realigned dedicated paradigm;Seth Peters;438;5;2023-12-17 16:08:18.000;27646118377;5
2922;Proactive non-volatile system engine;Kathleen Taylor;172;711;2024-04-27 19:44:56.000;21579611291;5
2923;Object-based context-sensitive hardware;Kristen Smith;589;259;2024-03-12 19:11:10.000;19527969182;9
2924;Synchronized reciprocal neural-net;Roberta Morris;25;83;2023-05-30 23:00:45.000;45451892593;10
2925;Persevering zero administration workforce;Joshua Garcia;994;831;2023-05-27 22:30:20.000;86559219970;3
2926;Robust tangible Graphic Interface;Jeffrey Johnson;810;817;2023-12-05 19:13:54.000;10405638277;3
2927;Multi-channeled next generation help-desk;Claudia Cain;905;135;2024-05-01 02:58:19.000;31996001472;1
2928;Public-key systematic workforce;Joe Reilly;391;893;2023-05-16 03:42:19.000;26453775967;10
2929;Synchronized 5thgeneration middleware;Jessica King;827;50;2024-05-08 18:50:34.000;62727331625;3
2930;Profound tangible instruction set;Danny Sanchez;919;772;2024-02-11 09:21:50.000;35625258027;10
2931;Self-enabling radical moderator;Kristine Brooks;933;731;2024-04-04 02:24:25.000;45543271748;6
2932;Centralized modular utilization;Russell Wilkins;901;837;2023-05-13 22:46:35.000;18121719163;5
2933;Cross-platform local projection;Amber Cunningham;871;858;2024-05-04 00:57:07.000;63921211689;9
2934;Secured optimal forecast;Carolyn Lawson;938;44;2024-03-21 02:03:49.000;15189246454;7
2935;User-friendly optimizing extranet;Tiffany Silva;98;530;2023-12-12 09:58:32.000;88731748715;4
2936;Configurable analyzing hardware;Arthur Mccall;802;785;2024-04-12 18:46:58.000;91611597119;6
2937;Balanced leadingedge attitude;Andrea Harper;807;284;2024-04-19 22:29:07.000;51655271639;10
2938;Customer-focused mission-critical database;Robert Davila;150;442;2024-03-10 21:11:42.000;32584795598;8
2939;Cloned methodical time-frame;John Fleming;293;541;2023-09-04 00:15:52.000;13795114520;7
2940;Seamless optimizing support;Elizabeth Scott;84;433;2024-03-26 21:29:56.000;17062549238;8
2941;Balanced human-resource implementation;David Nolan;69;313;2024-02-21 17:28:53.000;48457521311;3
2942;Cross-group fresh-thinking framework;Emily Clark;537;587;2023-07-10 01:29:41.000;27900900335;10
2943;Exclusive well-modulated capability;Meagan Walls;276;250;2023-09-28 12:41:45.000;17128027005;6
2944;Grass-roots 4thgeneration approach;Tracey Bell;826;472;2023-06-23 15:49:17.000;45904281279;9
2945;Right-sized multi-tasking access;Caitlyn Gilbert;98;328;2023-07-26 03:37:07.000;49645685666;9
2946;Extended contextually-based circuit;Rachel Nelson;908;952;2023-05-14 02:20:53.000;83580724971;6
2947;Switchable system-worthy application;Katherine Conner;317;848;2023-06-24 23:50:14.000;12994595404;5
2948;Ameliorated multi-state hardware;Brandon Hughes;829;422;2024-02-24 23:34:46.000;38332991078;3
2949;Balanced national moratorium;Jasmine Hunter;706;906;2023-05-19 19:57:28.000;23838537076;2
2950;Exclusive regional Local Area Network;Randy Hughes;963;197;2023-10-26 22:01:37.000;51784493841;7
2951;Vision-oriented directional hardware;Logan Williams;977;781;2023-09-18 08:28:49.000;77576584517;8
2952;Distributed bandwidth-monitored initiative;Tanya Stafford;536;533;2024-02-07 11:52:20.000;45255105238;1
2953;Balanced national moratorium;Jasmine Hunter;706;906;2023-05-19 19:57:28.000;29926893755;10
2954;Digitized clear-thinking solution;Taylor Hawkins;207;437;2023-10-24 20:14:04.000;60595515807;3
2955;Open-source stable toolset;Stephanie Stevens;732;665;2023-09-26 06:37:50.000;73078330525;3
2956;Fully-configurable attitude-oriented architecture;Gary Brandt;482;891;2024-04-14 13:12:33.000;10405638277;2
2957;Stand-alone content-based instruction set;Ryan Jackson;758;895;2024-03-01 03:41:48.000;52043580350;9
2958;Future-proofed discrete standardization;Kimberly Garcia;631;168;2023-10-25 00:34:55.000;26222975223;1
2959;Configurable analyzing hardware;Arthur Mccall;802;785;2024-04-12 18:46:58.000;29460411568;1
2960;Decentralized heuristic circuit;Diana Velez;21;728;2024-01-05 22:02:11.000;18985636386;10
2961;Adaptive static extranet;Brandon Thomas;723;65;2024-03-04 08:16:06.000;96842788368;2
2962;Quality-focused discrete intranet;Melinda Mcgee;479;506;2024-01-31 20:34:11.000;93533978093;7
2963;Mandatory real-time attitude;Anthony Adams;729;355;2023-07-14 22:06:30.000;64616757158;10
2964;Streamlined didactic service-desk;Angela Thomas;191;93;2024-03-03 10:16:49.000;96935924455;4
2965;Diverse background strategy;Miss Katie Smith PhD;474;860;2023-11-30 12:49:43.000;89551131820;3
2966;Switchable static productivity;Nicole Gonzales;398;320;2023-09-08 23:46:55.000;71305599350;3
2967;Customer-focused disintermediate focus group;Jared Barker;797;76;2024-02-06 20:58:36.000;84708713560;8
2968;Profit-focused responsive Internet solution;Donna Khan;348;841;2024-03-19 02:29:19.000;34342348493;8
2969;Face-to-face cohesive strategy;Tanya Gentry;829;422;2023-11-08 01:11:44.000;92216606316;1
2970;Visionary bifurcated model;Sydney Hughes;756;646;2024-04-11 07:14:46.000;96798978764;8
2971;Innovative content-based benchmark;Brent Smith;116;968;2024-01-24 08:11:34.000;58595602483;3
2972;Intuitive contextually-based neural-net;Carrie Moore;243;342;2024-01-18 05:34:14.000;68582767983;5
2973;Distributed eco-centric groupware;Luke Cruz;532;759;2024-03-08 14:19:45.000;67882700995;8
2974;Re-engineered composite secured line;Amanda Bradford;721;781;2024-04-04 01:18:26.000;76338743076;6
2975;Advanced systemic product;John Ritter;403;115;2024-01-19 00:57:32.000;10495945293;5
2976;Enterprise-wide foreground support;James Ward;960;268;2023-09-12 22:32:47.000;82638034334;5
2977;Sharable didactic groupware;Katherine Bell;75;964;2023-11-15 02:12:53.000;78081349295;5
2978;Extended 3rdgeneration interface;Jason Swanson;283;183;2023-10-13 12:46:50.000;79420380579;6
2979;Centralized directional workforce;Christian Price;250;852;2023-06-23 10:14:32.000;96942583870;7
2980;Pre-emptive web-enabled matrix;Marc Chavez;586;963;2023-08-22 07:25:38.000;16877231364;9
2981;Centralized dynamic Local Area Network;Melissa Gomez;230;244;2023-07-27 09:56:38.000;26520424400;7
2982;Persevering content-based interface;Kiara Castro;590;763;2024-02-09 13:24:42.000;96842788368;7
2983;Multi-channeled coherent array;Nathan Knight;854;726;2023-11-25 15:53:46.000;74947396889;3
2984;Switchable static productivity;Nicole Gonzales;398;320;2023-09-08 23:46:55.000;84566508314;9
2985;Synergized bifurcated attitude;Megan Allen;568;383;2023-07-12 21:28:14.000;11970949181;6
2986;Front-line tangible Local Area Network;Kristin Hayden;98;530;2024-01-24 06:23:34.000;13795114520;2
2987;Secured bandwidth-monitored info-mediaries;Lisa Ferguson;609;677;2023-09-05 20:13:46.000;21824098249;3
2988;De-engineered object-oriented array;Harry Manning;942;71;2024-01-31 09:21:35.000;72712037732;5
2989;Managed 5thgeneration help-desk;Brandon Chambers;62;30;2023-08-02 04:00:42.000;61931236747;6
2990;Triple-buffered tertiary neural-net;Jon Wu;814;451;2023-07-13 23:16:01.000;11981968051;1
2991;Down-sized executive website;Angela Gomez;214;801;2024-01-15 19:35:56.000;61931236747;8
2992;Function-based 24/7 process improvement;Derrick Ramsey;268;862;2023-10-26 23:24:34.000;77082070542;3
2993;Compatible 24/7 toolset;Shawn Cross;863;311;2024-02-27 18:59:36.000;64155969631;7
2994;Programmable neutral secured line;Mariah Simmons;18;228;2024-04-11 09:55:52.000;16805954725;1
2995;Enterprise-wide attitude-oriented software;Melissa Rodriguez;940;821;2023-11-28 19:04:09.000;11727159417;8
2996;Function-based explicit success;Matthew Barker;667;620;2023-07-05 08:31:57.000;60395451430;4
2997;Enhanced logistical benchmark;Jessica Smith;346;304;2023-05-27 19:15:16.000;20627801580;8
2998;Enterprise-wide multimedia synergy;Zachary Miller;912;664;2024-02-13 00:39:57.000;25063382417;8
2999;Re-contextualized homogeneous circuit;Erin Porter;902;373;2024-02-05 09:13:37.000;83689713596;6
3000;Streamlined intangible Graphical User Interface;Andrew Lee;205;854;2023-07-22 16:54:58.000;65603736526;2
