"nombre_pelicula";"director";"id_sala";"id_cine";"ts"
Decentralized asymmetric throughput;David Thomas;883;721;2023-07-12 17:36:57.000
Reactive asymmetric frame;Howard Norris;637;462;2023-10-03 01:24:30.000
Cross-platform national superstructure;Alexis Burton;143;964;2024-04-28 21:41:21.000
Operative discrete focus group;Mr. Joshua Shah;30;759;2024-01-11 10:04:27.000
Fully-configurable bandwidth-monitored functionalities;Rebecca Coleman;504;285;2024-01-21 05:15:19.000
Configurable analyzing hardware;Arthur Mccall;403;115;2023-10-17 23:48:24.000
Realigned solution-oriented methodology;Richard Cherry;880;88;2023-05-18 17:27:02.000
Business-focused asymmetric structure;Scott Williamson;96;702;2023-11-09 02:47:38.000
Reactive responsive support;Danielle Allen;171;770;2023-05-17 23:30:18.000
Self-enabling radical moderator;Kristine Brooks;933;731;2024-04-04 02:24:25.000
Intuitive demand-driven array;Christopher Carter;930;323;2024-04-17 09:18:39.000
Customizable well-modulated process improvement;Barbara Moyer;894;207;2023-08-15 03:34:22.000
Managed 5thgeneration help-desk;Brandon Chambers;62;30;2023-08-02 04:00:42.000
Expanded 6thgeneration core;Marvin Willis;52;57;2023-06-16 02:02:03.000
Polarized upward-trending policy;Jenny Dean;862;497;2023-07-27 07:07:02.000
Ameliorated multi-state hardware;Brandon Hughes;829;422;2024-02-24 23:34:46.000
Integrated motivating conglomeration;Daisy Acosta;945;313;2023-06-06 16:12:36.000
Triple-buffered background strategy;Valerie Swanson;906;25;2023-12-28 19:58:58.000
Grass-roots 24/7 implementation;Paige Finley;524;435;2024-02-02 13:54:48.000
Quality-focused 24hour hub;Austin Chung;390;862;2024-03-16 06:51:09.000
Polarized dynamic success;Randy Hale;894;456;2023-08-28 11:30:12.000
Multi-tiered regional software;Sherry Brown;298;933;2023-09-21 01:20:14.000
Universal dynamic leverage;Amy Mcintyre;992;275;2024-04-17 06:24:15.000
Open-source didactic infrastructure;Danny Roberts;607;800;2023-11-22 22:59:09.000
Cross-platform full-range extranet;Thomas Rodriguez;994;543;2023-06-19 00:33:15.000
Mandatory neutral synergy;Heather Bell;378;758;2023-12-31 16:05:05.000
Robust tangible matrices;Eric Jordan;118;83;2023-08-30 21:37:19.000
Cloned 24hour open system;Douglas Ford;669;82;2024-02-23 03:25:54.000
Grass-roots bottom-line knowledge user;Michelle Evans;293;541;2023-12-24 22:50:25.000
Mandatory value-added synergy;Edward Lopez;199;481;2024-03-02 08:04:42.000
Realigned reciprocal Local Area Network;Alyssa Griffin;504;285;2023-09-05 08:00:15.000
Fundamental zero-defect software;Devon Martinez;675;298;2023-06-19 18:35:36.000
Assimilated 5thgeneration portal;Monica Garrison;21;728;2023-07-06 17:42:45.000
Persevering hybrid pricing structure;Charles Wade;867;481;2023-10-01 14:33:40.000
Synergized clear-thinking policy;Michael Butler;52;57;2024-04-06 23:46:29.000
Front-line grid-enabled migration;Kathleen Townsend;14;428;2023-10-20 00:13:50.000
Synergistic high-level circuit;Shane Vasquez;74;614;2023-08-19 04:57:46.000
Open-source maximized infrastructure;Jamie Oliver;481;796;2024-02-27 23:05:52.000
Secured incremental knowledge user;Melissa Snyder;788;346;2023-12-09 21:18:21.000
Compatible next generation strategy;Julie Ross;690;79;2024-04-26 21:00:51.000
Open-architected real-time hardware;Alan Spence;379;582;2023-12-05 20:46:48.000
Balanced bandwidth-monitored Graphic Interface;Matthew Flores DVM;524;435;2023-12-08 13:30:25.000
Proactive empowering benchmark;David Robinson;758;870;2023-05-18 15:04:33.000
User-centric transitional Graphical User Interface;Leslie Chapman;457;811;2024-03-29 20:21:22.000
Vision-oriented solution-oriented collaboration;Alicia Murray;771;128;2024-05-07 05:28:02.000
Compatible 24/7 toolset;Shawn Cross;287;139;2023-11-13 20:23:38.000
Reverse-engineered explicit Local Area Network;Jessica King;816;988;2023-07-27 03:08:03.000
Compatible next generation strategy;Julie Ross;347;920;2023-11-20 00:05:33.000
Switchable fresh-thinking info-mediaries;Matthew Henson;250;498;2024-05-05 22:15:17.000
Total 24/7 archive;Virginia Roy;692;335;2023-07-29 04:53:23.000
Assimilated coherent Local Area Network;Tracy Summers;801;625;2024-03-22 08:52:21.000
Persistent even-keeled projection;Colin Knight;675;581;2024-04-05 02:20:24.000
Enhanced empowering artificial intelligence;Joseph Clark;520;462;2023-07-30 13:22:27.000
Future-proofed discrete standardization;Kimberly Garcia;84;894;2023-12-18 00:12:53.000
Profit-focused responsive Internet solution;Donna Khan;348;841;2024-03-19 02:29:19.000
Progressive intangible function;Nicholas Rush;288;801;2024-05-04 13:28:24.000
Fully-configurable didactic capacity;Ashley Rodriguez;457;811;2024-04-15 11:20:25.000
Pre-emptive discrete conglomeration;Sandra Nguyen;930;348;2023-11-05 05:07:31.000
Reactive secondary help-desk;Zachary Houston;864;596;2024-02-12 01:19:13.000
Profound tangible instruction set;Danny Sanchez;608;597;2023-12-22 18:16:44.000
Switchable optimal pricing structure;Steven Hanna;25;83;2023-12-21 01:20:45.000
Seamless optimizing support;Elizabeth Scott;84;433;2024-03-26 21:29:56.000
Triple-buffered mobile time-frame;Mrs. Katherine Diaz MD;254;338;2024-01-30 01:21:08.000
Monitored 24hour monitoring;Clifford Anderson;124;739;2024-03-21 22:04:11.000
Intuitive exuding moratorium;Molly Scott;827;384;2024-01-15 12:10:09.000
Digitized hybrid software;Laura Holland;791;35;2023-06-07 18:40:12.000
Compatible bifurcated product;Jennifer Boyle;187;549;2023-10-06 05:09:08.000
Balanced leadingedge attitude;Andrea Harper;316;968;2023-09-14 03:30:32.000
Seamless bottom-line function;Dawn Chan;84;894;2024-04-19 21:34:22.000
Progressive fresh-thinking help-desk;Ryan Wallace;789;945;2023-06-25 02:12:37.000
Centralized static challenge;Robert Livingston;210;313;2023-11-04 17:59:35.000
User-friendly actuating capability;Monica Bradshaw;954;221;2023-09-16 16:34:18.000
Multi-tiered bottom-line encoding;Katelyn Fleming;502;908;2024-02-12 17:50:58.000
Up-sized systematic matrices;Joshua Hayes;21;728;2023-12-20 14:31:34.000
Cloned actuating architecture;Jacob Bishop;885;476;2024-01-02 07:03:46.000
Pre-emptive web-enabled matrix;Marc Chavez;263;39;2024-04-03 13:15:51.000
Profound impactful process improvement;Karen Ruiz;980;478;2023-12-07 15:26:55.000
Pre-emptive 24hour knowledgebase;Curtis Lawson;396;767;2023-12-20 05:49:35.000
Seamless explicit Internet solution;Kenneth Gibson;744;458;2023-05-20 08:54:07.000
Robust secondary open system;Erin Ford;629;742;2024-05-06 05:14:37.000
Progressive clear-thinking customer loyalty;Wesley Kim;436;388;2023-09-27 20:51:37.000
Cross-group fresh-thinking framework;Emily Clark;537;587;2023-07-10 01:29:41.000
Horizontal systemic project;Nicholas Contreras;456;30;2023-11-26 01:53:40.000
Cross-platform local projection;Amber Cunningham;871;858;2024-05-04 00:57:07.000
User-friendly bifurcated orchestration;Susan Pena;744;458;2023-07-11 05:46:36.000
Triple-buffered bandwidth-monitored capability;Rebecca Hernandez;555;453;2023-12-14 05:11:29.000
Programmable 24/7 conglomeration;Gina Fernandez;867;954;2024-02-24 06:42:53.000
Object-based 4thgeneration database;Yvonne Owens;13;930;2023-06-25 02:15:06.000
Distributed bandwidth-monitored initiative;Tanya Stafford;63;988;2023-05-10 21:23:49.000
Optimized contextually-based open system;Robert Miller;376;940;2023-11-25 23:20:21.000
Multi-layered value-added challenge;Xavier Hoover;101;648;2023-10-23 04:56:57.000
Optimized empowering productivity;Kathryn Allen;831;452;2024-01-28 04:44:31.000
Grass-roots client-server structure;Suzanne Garcia;33;582;2024-05-09 11:34:13.000
Managed regional firmware;Kaitlyn Walker;1;679;2023-08-25 04:55:57.000
Diverse high-level paradigm;Amy King;208;877;2023-06-27 13:06:42.000
Polarized didactic collaboration;Stephanie Hahn;19;527;2024-02-16 17:16:12.000
Devolved systematic groupware;Mark Rivera;276;273;2023-09-23 07:28:30.000
Managed secondary policy;Samuel Vance;675;298;2024-01-19 17:34:13.000
Synchronized demand-driven framework;Jennifer Andrews;860;989;2024-02-25 13:22:41.000
Total didactic extranet;Rachel Vazquez;41;168;2024-04-15 18:36:06.000
Down-sized fault-tolerant orchestration;Mary Brown;123;456;2023-11-01 20:43:29.000
Realigned dedicated paradigm;Seth Peters;438;5;2023-12-17 16:08:18.000
Grass-roots bottom-line knowledge user;Michelle Evans;86;820;2024-02-13 08:49:14.000
Digitized content-based open system;John Smith;51;357;2023-07-18 14:42:57.000
Re-contextualized regional forecast;Susan Carter;431;203;2024-03-18 11:03:26.000
Function-based 24/7 process improvement;Derrick Ramsey;41;115;2024-03-20 19:56:29.000
Pre-emptive composite open architecture;Jessica Day;178;79;2023-08-28 03:24:54.000
Extended 3rdgeneration interface;Jason Swanson;283;183;2023-10-13 12:46:50.000
Function-based user-facing approach;Mark Klein IV;398;25;2023-11-03 00:54:29.000
Public-key systematic workforce;Joe Reilly;19;527;2023-11-22 15:11:43.000
Customizable web-enabled flexibility;Edward Owens;59;326;2024-05-09 04:45:02.000
Up-sized systematic matrices;Joshua Hayes;387;1;2023-08-13 11:00:41.000
Integrated multi-state conglomeration;Erin Floyd;582;171;2023-07-29 11:18:49.000
Horizontal asynchronous archive;Kristin Hill;767;647;2024-03-15 16:58:51.000
Total web-enabled emulation;Matthew Wheeler;476;877;2023-08-15 13:31:49.000
Streamlined optimizing protocol;Ms. Erika Foster DDS;980;73;2023-08-17 21:27:55.000
Ergonomic cohesive database;Mark Ross;812;785;2023-07-17 19:59:09.000
Optimized disintermediate projection;Cindy Bishop;73;371;2023-11-06 06:36:27.000
Seamless explicit Internet solution;Kenneth Gibson;910;10;2024-02-08 06:52:06.000
Realigned executive solution;Robert Wright;431;656;2023-09-27 04:25:21.000
Operative discrete focus group;Mr. Joshua Shah;760;342;2023-06-04 19:48:50.000
Optional radical success;Bryan Johnson;347;920;2023-05-16 17:15:01.000
Cross-platform dedicated focus group;Scott Gonzalez;114;384;2023-05-21 20:07:15.000
Persevering multimedia paradigm;Henry Romero;10;575;2023-10-02 07:26:03.000
Seamless bottom-line function;Dawn Chan;342;270;2023-09-12 14:55:23.000
Pre-emptive composite contingency;Christopher Terry;802;785;2023-11-02 15:48:22.000
Ergonomic motivating forecast;Kathy Rodriguez;318;199;2023-07-26 20:08:19.000
Automated human-resource time-frame;Alison Wolfe;177;980;2023-09-11 10:10:33.000
Function-based upward-trending system engine;Christopher Taylor;609;677;2023-05-28 13:09:06.000
Secured bandwidth-monitored info-mediaries;Lisa Ferguson;609;677;2023-09-05 20:13:46.000
Inverse foreground time-frame;Joseph Walker;874;596;2023-09-16 06:15:54.000
Right-sized system-worthy superstructure;James Green;442;910;2023-10-15 17:58:17.000
Progressive tertiary policy;Sandra Francis;73;371;2023-07-24 02:38:02.000
Quality-focused 24hour hub;Austin Chung;364;454;2023-08-19 15:02:12.000
Adaptive static extranet;Brandon Thomas;692;690;2024-03-18 01:51:57.000
Compatible 24/7 toolset;Shawn Cross;863;311;2024-02-27 18:59:36.000
Multi-channeled next generation help-desk;Claudia Cain;842;40;2023-12-07 10:57:21.000
Universal optimal success;Jaime Ortiz;250;498;2023-05-28 11:26:44.000
Enhanced logistical benchmark;Jessica Smith;287;250;2024-03-31 14:54:10.000
Virtual neutral approach;Holly Wong;797;759;2023-11-21 05:22:10.000
Networked tangible initiative;Scott Perkins;327;719;2023-08-03 05:05:53.000
Re-engineered multi-state synergy;Stacy West;761;194;2024-01-25 08:18:49.000
Cross-platform hybrid analyzer;Michael Hubbard;189;558;2023-06-29 20:05:19.000
Universal incremental interface;Darius Foster;341;343;2023-12-29 03:37:03.000
Monitored fault-tolerant application;Jody Wiley MD;504;244;2023-11-04 21:28:10.000
Vision-oriented intangible productivity;Dylan Larson;233;862;2023-11-11 07:00:13.000
Intuitive contextually-based neural-net;Carrie Moore;276;250;2024-04-18 06:16:13.000
Horizontal foreground analyzer;Sylvia Shelton;173;653;2024-04-30 05:18:38.000
Extended global benchmark;Nicholas Carey;108;504;2023-08-31 16:37:36.000
Front-line neutral adapter;Angie Brock;332;19;2023-10-22 06:42:57.000
Implemented system-worthy architecture;Natalie Wilkins;268;862;2023-12-29 19:36:32.000
Implemented analyzing solution;Terrance Smith;814;709;2024-04-01 04:30:51.000
Triple-buffered 24/7 structure;Daniel Boone;234;997;2024-01-15 17:13:10.000
Up-sized content-based firmware;Richard Jones;867;954;2024-02-11 18:07:54.000
Multi-lateral zero-defect encoding;Dr. Dustin Reed;403;342;2024-01-29 07:55:36.000
Adaptive transitional emulation;Emily Singleton MD;363;396;2024-02-11 20:22:47.000
Reverse-engineered explicit Local Area Network;Jessica King;497;151;2024-03-11 19:08:37.000
Cloned 6thgeneration encryption;Cody Hurley;992;275;2024-03-18 13:44:00.000
Horizontal foreground analyzer;Sylvia Shelton;522;457;2023-06-02 05:36:45.000
Devolved regional leverage;Glen Gonzalez;691;542;2024-04-26 19:10:41.000
Triple-buffered value-added encryption;Jonathan Johnson;374;877;2023-08-03 17:53:23.000
Inverse interactive core;Julie Riley;318;199;2023-08-17 14:34:50.000
Team-oriented bandwidth-monitored infrastructure;Tamara Garcia;246;789;2024-01-01 11:14:45.000
Compatible impactful Local Area Network;Emily Park;817;848;2024-02-18 08:01:32.000
Progressive uniform solution;Kyle Taylor;862;341;2023-05-18 16:08:39.000
Cloned neutral array;Jennifer Greer;933;157;2023-11-13 19:50:11.000
Enhanced optimal superstructure;Robyn Hardin;20;566;2023-07-30 01:51:10.000
Progressive uniform solution;Kyle Taylor;402;884;2023-08-11 07:43:13.000
Secured multi-state emulation;William Miller;625;43;2023-10-22 17:40:19.000
Mandatory solution-oriented task-force;Morgan Wade;919;979;2024-02-20 09:27:15.000
Vision-oriented optimal parallelism;Destiny Morales;478;336;2023-05-18 21:11:19.000
Fully-configurable attitude-oriented architecture;Gary Brandt;482;891;2024-04-14 13:12:33.000
Open-source explicit website;Gregory Reeves;697;335;2024-01-26 05:30:36.000
Realigned 6thgeneration conglomeration;Adam Cruz;231;763;2023-11-07 20:00:00.000
Multi-layered mobile moderator;Kimberly Moore;44;246;2023-07-18 23:26:59.000
User-centric object-oriented superstructure;David Richardson DVM;724;222;2024-03-04 08:36:07.000
Configurable fresh-thinking intranet;Katie Jones;402;282;2024-04-09 02:56:41.000
Expanded attitude-oriented neural-net;John Vang;287;267;2023-08-05 08:34:44.000
Organic multi-tasking model;Dorothy Ryan;456;982;2024-02-02 21:48:11.000
Grass-roots stable implementation;Dwayne Best;5;489;2023-12-28 16:33:01.000
Phased logistical matrix;Philip Berg;701;76;2023-07-09 12:18:00.000
Compatible 24/7 toolset;Shawn Cross;149;122;2023-07-29 10:33:30.000
Cloned national model;Patricia Ortiz;600;702;2023-10-22 16:52:56.000
Ameliorated interactive artificial intelligence;Todd Best;723;65;2024-02-24 13:30:13.000
Synchronized explicit application;Nancy Thompson;864;374;2023-07-11 03:43:40.000
Public-key 3rdgeneration frame;Richard Burke DDS;2;288;2023-12-17 21:46:15.000
Multi-tiered bottom-line encoding;Katelyn Fleming;701;838;2023-08-26 16:10:27.000
Configurable fresh-thinking intranet;Katie Jones;815;527;2024-02-26 06:42:55.000
Cross-group fresh-thinking framework;Emily Clark;969;700;2023-07-31 07:52:52.000
Intuitive coherent access;Amanda Johnson;365;608;2023-06-29 10:45:39.000
Proactive empowering benchmark;David Robinson;512;675;2023-08-25 05:31:11.000
Operative user-facing knowledgebase;Caleb Erickson;393;741;2024-02-09 11:32:06.000
Extended holistic analyzer;Joseph Bean;65;726;2023-07-28 10:00:22.000
Balanced interactive hierarchy;Katelyn Vargas;396;456;2023-08-13 03:43:44.000
Realigned executive solution;Robert Wright;906;560;2024-03-22 10:54:31.000
Multi-layered user-facing portal;Joseph Campos;379;582;2024-01-22 01:17:51.000
Enhanced dynamic service-desk;Paul Wade;190;402;2023-07-18 22:12:45.000
Exclusive attitude-oriented firmware;Nicole Yu;436;20;2023-10-07 06:20:05.000
Profound tangible instruction set;Danny Sanchez;919;772;2024-02-11 09:21:50.000
Profound content-based Graphical User Interface;Nathan Vargas;428;584;2024-03-10 00:07:02.000
Virtual bi-directional artificial intelligence;Daniel Stewart;387;1;2024-04-30 22:23:13.000
Proactive empowering benchmark;David Robinson;918;352;2023-10-23 23:09:55.000
Enhanced bottom-line approach;Shane Rivera;537;587;2024-01-21 10:06:40.000
Future-proofed multimedia solution;Anthony Lee;438;5;2024-01-18 11:30:35.000
Exclusive attitude-oriented firmware;Nicole Yu;785;660;2023-10-06 07:12:29.000
Polarized dynamic success;Randy Hale;88;283;2023-07-02 17:39:52.000
Persistent coherent conglomeration;Jennifer Bennett;316;968;2023-06-06 03:38:16.000
Mandatory demand-driven Local Area Network;Jeremy Shaw;591;582;2023-09-22 11:54:50.000
Open-architected actuating circuit;Hunter Kim;194;814;2024-01-28 04:25:17.000
Devolved directional process improvement;Marissa Stout;662;487;2023-09-21 13:28:33.000
Innovative optimizing capacity;Drew Walters;684;267;2024-01-26 14:26:57.000
Upgradable transitional neural-net;Michelle Leonard;779;8;2023-05-28 11:04:24.000
Proactive bi-directional forecast;Sheila Jenkins;674;343;2023-11-09 04:57:59.000
User-friendly value-added access;Christina Thompson;56;396;2023-07-18 15:51:28.000
Quality-focused high-level structure;Donald Pierce;396;704;2023-08-23 16:09:54.000
User-centric solution-oriented standardization;Cynthia Martin;608;597;2023-11-28 03:59:02.000
Object-based 6thgeneration superstructure;Luis Flores;195;274;2024-03-22 21:25:45.000
Versatile upward-trending toolset;Edwin Duffy;877;743;2023-05-28 15:11:17.000
Reactive secondary help-desk;Zachary Houston;363;450;2023-08-28 22:39:45.000
Grass-roots transitional middleware;Lisa Morgan;271;892;2023-07-18 13:10:57.000
Secured bandwidth-monitored info-mediaries;Lisa Ferguson;582;171;2023-10-21 23:21:57.000
Multi-lateral full-range concept;Maria Marshall;858;203;2023-08-23 01:57:50.000
Cloned bandwidth-monitored time-frame;Michelle Henderson;869;984;2023-10-03 06:32:18.000
Function-based exuding complexity;Brandon Wong;364;378;2023-12-05 13:24:51.000
Down-sized needs-based standardization;Amanda Clark;405;971;2023-07-18 16:18:09.000
Integrated multi-state conglomeration;Erin Floyd;44;246;2023-12-20 13:02:07.000
Monitored 24hour monitoring;Clifford Anderson;182;863;2023-11-21 18:25:08.000
Reduced bifurcated moratorium;Douglas Hernandez;258;733;2024-02-25 08:54:50.000
Down-sized client-driven artificial intelligence;Dr. Brian Mcconnell;377;706;2023-07-24 20:58:42.000
Object-based 4thgeneration database;Yvonne Owens;289;841;2023-09-26 23:13:26.000
Digitized didactic info-mediaries;Matthew Mckee;351;601;2024-05-09 02:09:07.000
Front-line attitude-oriented architecture;Brooke Silva;791;35;2023-12-04 06:38:30.000
Face-to-face coherent solution;Sarah Fletcher;451;143;2024-04-25 02:22:06.000
Right-sized homogeneous capability;Lisa Wang;908;507;2023-12-10 01:59:46.000
Assimilated coherent Local Area Network;Tracy Summers;777;320;2023-11-24 23:25:18.000
Triple-buffered 24hour knowledgebase;Benjamin Bailey;760;342;2024-04-27 17:54:57.000
Triple-buffered dynamic challenge;Scott Martinez;405;971;2023-07-14 09:50:21.000
Cloned asynchronous matrices;Harold Williams;952;655;2024-04-13 04:35:27.000
Future-proofed 3rdgeneration initiative;Brian Beasley;20;965;2023-11-10 02:38:25.000
Profit-focused zero administration hardware;Joseph Romero;297;346;2023-07-16 17:53:31.000
Team-oriented bandwidth-monitored policy;Thomas Pham;919;188;2024-01-04 07:27:50.000
Focused didactic methodology;Tammy Chavez;1000;580;2023-11-13 16:55:33.000
Stand-alone static success;Susan Romero;502;195;2023-05-17 06:11:11.000
Innovative content-based benchmark;Brent Smith;116;968;2024-01-24 08:11:34.000
Inverse radical database;Alec Robles;18;228;2024-02-20 01:27:21.000
Realigned secondary functionalities;Casey Foster;82;327;2024-01-15 21:07:26.000
Cross-platform heuristic solution;John Davis;32;356;2023-08-29 13:11:07.000
Compatible solution-oriented data-warehouse;Henry Wright;150;863;2023-09-29 02:37:23.000
Robust zero tolerance interface;Tom Griffith;869;108;2023-05-13 15:16:31.000
Optional mobile array;Sandra Bridges;214;313;2024-04-01 17:01:14.000
Intuitive coherent access;Amanda Johnson;464;487;2024-04-13 12:35:30.000
Automated background knowledgebase;Cody Macias;726;391;2023-10-10 18:13:18.000
Proactive discrete open architecture;Kara Lee;860;163;2024-01-05 23:19:56.000
Ameliorated exuding groupware;Michael Davis;132;774;2023-11-12 16:39:57.000
Vision-oriented object-oriented product;Travis Houston;241;3;2024-01-20 20:31:23.000
Diverse well-modulated website;Denise Duran;111;551;2024-03-27 18:45:29.000
Innovative 6thgeneration Graphical User Interface;Suzanne Padilla;479;506;2023-07-12 02:10:41.000
Centralized motivating functionalities;Joseph Tran;528;491;2024-04-01 12:47:30.000
Front-line neutral adapter;Angie Brock;52;57;2024-02-01 11:16:37.000
Synchronized tertiary forecast;Keith Gray;171;770;2023-06-03 18:57:07.000
Right-sized executive open system;Joy Lewis;36;554;2023-05-31 20:31:13.000
Balanced bi-directional task-force;Laura Cordova;524;907;2023-11-19 20:17:24.000
Function-based 24hour middleware;Tyler Clark;525;818;2024-04-05 06:53:36.000
Networked tangible initiative;Scott Perkins;730;720;2024-03-25 08:38:26.000
User-friendly actuating capability;Monica Bradshaw;32;834;2024-03-23 07:42:05.000
Right-sized discrete architecture;Heather Strong;558;422;2023-08-25 23:35:08.000
Programmable foreground toolset;Christopher Bray;977;148;2023-11-23 10:59:29.000
Persevering zero administration workforce;Joshua Garcia;428;350;2023-12-16 17:33:19.000
Adaptive analyzing benchmark;Joshua Jackson;497;783;2023-11-07 06:02:00.000
Fully-configurable upward-trending implementation;Stephanie Edwards;52;57;2023-09-12 22:39:29.000
Multi-channeled empowering capacity;Mathew Reyes;388;136;2023-11-04 17:57:11.000
Streamlined didactic service-desk;Angela Thomas;191;93;2024-03-03 10:16:49.000
Horizontal foreground analyzer;Sylvia Shelton;851;27;2023-11-10 22:04:52.000
Multi-lateral optimal hub;Stephen Smith;32;602;2024-03-07 07:56:21.000
Persistent national matrix;Mr. William Mcdonald;377;491;2023-12-05 21:56:40.000
Open-architected maximized moderator;Cynthia Ortiz;862;341;2023-10-13 05:22:59.000
Innovative optimizing capacity;Drew Walters;385;843;2023-12-26 20:08:51.000
Synergized bifurcated attitude;Megan Allen;568;383;2023-07-12 21:28:14.000
Face-to-face bi-directional complexity;Nicholas David;946;825;2023-05-25 00:50:55.000
Cloned user-facing policy;Brandi Hodges;900;168;2023-12-01 23:38:24.000
Phased mobile definition;Robert Smith;260;893;2023-12-29 16:49:52.000
Ergonomic motivating forecast;Kathy Rodriguez;390;862;2023-06-10 10:09:59.000
Grass-roots 4thgeneration approach;Tracey Bell;826;472;2023-06-23 15:49:17.000
Front-line neutral adapter;Angie Brock;942;71;2023-06-09 08:28:40.000
Decentralized disintermediate parallelism;Frank Marquez;405;932;2024-03-11 15:11:14.000
Persevering user-facing methodology;Henry Martinez;425;74;2024-03-08 18:33:05.000
Fully-configurable didactic capacity;Ashley Rodriguez;74;805;2023-11-26 16:26:58.000
Programmable 4thgeneration protocol;Ashley Smith;165;127;2024-04-18 12:14:57.000
Realigned solution-oriented conglomeration;Linda Carroll;906;560;2023-11-10 01:18:58.000
Right-sized executive open system;Joy Lewis;762;642;2023-10-31 19:26:40.000
Mandatory full-range monitoring;Tyler Dean;77;242;2024-01-03 00:28:40.000
Multi-lateral zero-defect encoding;Dr. Dustin Reed;902;373;2023-09-27 23:08:29.000
Optimized contextually-based open system;Robert Miller;603;492;2023-11-04 10:21:23.000
Secured incremental knowledge user;Melissa Snyder;406;465;2023-05-13 18:36:19.000
Multi-channeled zero administration success;John Hudson;56;396;2023-08-24 10:45:30.000
Team-oriented next generation neural-net;Kristen Navarro;436;529;2024-01-15 01:44:06.000
Synchronized empowering Graphical User Interface;Stephanie Martin;398;320;2023-09-06 21:20:54.000
Synergistic optimizing ability;Jesse Randolph;507;692;2023-12-29 11:31:23.000
Realigned motivating hub;Barbara Leach;893;82;2023-09-17 16:25:41.000
Expanded explicit framework;Jacob Meyer;761;149;2023-11-27 01:27:08.000
Diverse user-facing task-force;Zachary Turner;907;841;2024-02-11 08:04:20.000
Automated context-sensitive ability;Douglas Moore;602;356;2023-05-17 12:05:48.000
Reactive cohesive task-force;Kristi Ford;194;849;2024-02-02 01:27:57.000
Horizontal radical approach;Brandon Baxter;762;642;2023-11-23 19:30:46.000
Right-sized multi-tasking access;Caitlyn Gilbert;98;328;2023-07-26 03:37:07.000
Phased 24hour orchestration;Terri Andrews;864;374;2023-11-10 22:43:55.000
Assimilated zero tolerance complexity;Dr. Jeffery Williams;286;726;2023-06-14 20:35:13.000
Optimized executive application;Sheila Perez;165;127;2023-11-21 17:24:00.000
Business-focused logistical alliance;Darren Freeman;2;288;2024-02-19 20:42:00.000
Reverse-engineered web-enabled throughput;Victor Jones;690;79;2023-08-05 10:18:18.000
Realigned human-resource functionalities;Michelle Arnold;95;251;2024-02-10 21:31:27.000
Advanced systemic product;John Ritter;509;817;2023-12-28 12:17:57.000
Synergistic well-modulated structure;Martin Garcia;58;811;2023-11-07 19:24:13.000
Visionary reciprocal methodology;Eric Johnson;707;968;2024-04-20 01:36:30.000
Focused systemic matrix;Deborah Wagner;691;542;2023-08-08 20:04:39.000
Optimized content-based structure;Kristy Costa;771;128;2024-04-26 12:47:04.000
Innovative content-based benchmark;Brent Smith;747;511;2023-09-25 15:27:32.000
Visionary static flexibility;Darryl Johnson;77;936;2024-03-06 09:12:28.000
Monitored 24hour monitoring;Clifford Anderson;171;770;2023-07-21 17:52:33.000
Reverse-engineered modular installation;Andre Wolf;724;222;2023-12-21 00:26:23.000
Diverse coherent hardware;Jennifer Rogers;584;988;2023-08-18 09:39:47.000
Upgradable radical methodology;Amy Williamson;507;692;2024-01-31 00:09:21.000
Ergonomic reciprocal support;Joseph Warren;245;805;2023-12-30 06:41:24.000
Implemented zero tolerance interface;Matthew Rodriguez;677;589;2024-02-16 15:08:41.000
Grass-roots uniform algorithm;Anthony Johnson;495;243;2023-08-25 19:27:08.000
Fundamental client-server encoding;Yvonne Hodges;988;144;2024-05-03 01:16:27.000
Mandatory 6thgeneration knowledgebase;Kimberly Green;207;445;2024-03-09 10:50:58.000
Managed uniform parallelism;Daniel Davis;46;751;2023-11-17 02:56:17.000
Object-based 6thgeneration superstructure;Luis Flores;851;179;2024-01-07 14:15:23.000
Re-contextualized asymmetric orchestration;Trevor Juarez Jr.;378;38;2023-06-15 14:05:27.000
Sharable needs-based function;Clinton Shaw;461;620;2023-11-26 06:11:17.000
De-engineered discrete collaboration;Lauren Vang;563;683;2023-12-01 10:55:05.000
Distributed eco-centric groupware;Luke Cruz;19;527;2023-10-07 08:19:58.000
Optional hybrid budgetary management;Dr. Jonathan Haynes MD;385;843;2024-02-02 07:06:32.000
Diverse background strategy;Miss Katie Smith PhD;474;860;2023-11-30 12:49:43.000
Assimilated methodical benchmark;Chelsea Krueger;718;525;2024-03-13 09:08:52.000
Exclusive uniform challenge;Karen Key;32;356;2023-10-22 01:50:04.000
Digitized user-facing initiative;Michael Smith;904;255;2024-04-11 23:40:54.000
Quality-focused 24hour hub;Austin Chung;428;584;2023-07-27 22:16:07.000
Adaptive methodical frame;Tommy Chen;651;118;2024-01-05 08:31:50.000
Diverse high-level paradigm;Amy King;963;197;2023-09-18 05:32:42.000
Managed upward-trending benchmark;Oscar Lopez;351;601;2024-02-20 17:11:38.000
Right-sized demand-driven monitoring;Becky Terry;115;413;2023-09-17 13:15:05.000
Devolved systematic groupware;Mark Rivera;403;342;2023-05-13 16:34:29.000
Reverse-engineered web-enabled throughput;Victor Jones;765;418;2023-11-29 11:30:18.000
Integrated object-oriented model;Amanda Ellis DDS;39;657;2023-05-14 01:16:27.000
Phased directional productivity;Rebecca Frye;402;741;2023-07-07 01:12:04.000
Enterprise-wide foreground support;James Ward;511;342;2023-05-14 11:54:11.000
Digitized clear-thinking solution;Taylor Hawkins;207;437;2023-10-24 20:14:04.000
Virtual bifurcated artificial intelligence;Anthony Burgess;28;428;2023-11-19 19:50:31.000
Monitored high-level secured line;Susan Obrien;863;311;2023-10-18 04:58:31.000
Ameliorated asynchronous emulation;Taylor Hendrix;885;476;2023-06-27 03:39:21.000
Realigned transitional task-force;Mary Harrison;577;718;2023-10-14 20:52:35.000
Polarized dynamic success;Randy Hale;862;341;2024-02-21 06:56:04.000
Centralized directional workforce;Christian Price;250;852;2023-06-23 10:14:32.000
Function-based exuding complexity;Brandon Wong;846;354;2023-10-05 02:48:11.000
Multi-layered value-added challenge;Xavier Hoover;77;242;2024-04-10 09:53:16.000
Cloned content-based archive;Rachel Parrish;116;968;2023-05-26 12:02:29.000
Horizontal holistic protocol;Dr. Matthew Walker;268;862;2024-01-22 08:01:24.000
Enterprise-wide heuristic Graphical User Interface;Diana Benson;295;630;2023-07-31 19:59:18.000
Open-architected actuating circuit;Hunter Kim;157;698;2023-08-16 12:31:56.000
Intuitive dynamic model;Douglas Edwards;927;122;2024-01-15 20:06:51.000
Cloned content-based archive;Rachel Parrish;649;481;2023-10-25 04:58:10.000
Reverse-engineered real-time workforce;Lisa Fisher;287;250;2023-11-29 03:38:16.000
Cross-platform local archive;Thomas Morris;689;152;2023-06-13 23:47:00.000
Enterprise-wide 5thgeneration strategy;Theresa Keller;586;963;2023-10-07 09:22:47.000
Vision-oriented mission-critical neural-net;Courtney Taylor;358;237;2023-11-15 01:13:07.000
Polarized even-keeled system engine;Jeff Watts;908;211;2024-01-18 22:57:44.000
Seamless explicit Internet solution;Kenneth Gibson;558;369;2024-04-29 10:43:39.000
Grass-roots neutral function;Robert Smith;953;483;2024-01-04 00:46:50.000
Reduced multi-tasking service-desk;Kelsey Moran;173;44;2023-09-25 14:44:17.000
Re-contextualized homogeneous circuit;Erin Porter;311;571;2023-06-25 05:31:47.000
Programmable systemic superstructure;Laura Davis;341;343;2023-08-26 13:04:47.000
Progressive tertiary policy;Sandra Francis;512;675;2023-08-18 14:07:49.000
Front-line tangible emulation;Deborah Aguilar;966;121;2024-04-15 17:13:41.000
Inverse logistical circuit;Michelle Alvarado;214;719;2023-11-30 00:44:33.000
Persevering leadingedge middleware;Raymond Vasquez;187;549;2023-12-30 12:06:32.000
Focused high-level software;Crystal Sanders;84;894;2024-04-02 19:15:57.000
Synchronized empowering Graphical User Interface;Stephanie Martin;208;620;2023-06-06 03:33:44.000
Focused heuristic knowledgebase;Susan Butler;645;891;2024-05-07 08:11:55.000
Vision-oriented directional hardware;Logan Williams;977;781;2023-09-18 08:28:49.000
Virtual client-driven adapter;Nicholas Henderson II;502;908;2023-09-24 14:28:44.000
User-centric cohesive system engine;Jesse Beck;47;57;2023-08-15 21:00:13.000
Enhanced dynamic service-desk;Paul Wade;248;20;2023-05-31 13:35:27.000
Self-enabling global interface;Lonnie Salinas;436;20;2023-08-08 17:25:20.000
Total didactic extranet;Rachel Vazquez;623;687;2024-02-26 16:11:50.000
Automated responsive throughput;Paul Reed;395;136;2023-11-11 13:28:43.000
Virtual content-based encryption;Sarah Ochoa;258;782;2023-10-02 10:02:43.000
Mandatory real-time attitude;Anthony Adams;729;355;2023-07-14 22:06:30.000
Up-sized disintermediate hierarchy;Donald Rodriguez;577;718;2023-06-12 01:48:22.000
Polarized upward-trending policy;Jenny Dean;47;57;2023-10-26 04:40:14.000
Universal dynamic leverage;Amy Mcintyre;944;517;2023-10-27 04:50:17.000
Managed upward-trending benchmark;Oscar Lopez;297;398;2024-05-01 23:10:34.000
Synergistic well-modulated structure;Martin Garcia;581;530;2024-04-09 02:23:10.000
Compatible multi-tasking circuit;Stephanie Evans;428;350;2024-01-06 09:30:42.000
Customer-focused mission-critical database;Robert Davila;150;442;2024-03-10 21:11:42.000
Cloned 24hour open system;Douglas Ford;567;428;2024-01-16 03:42:01.000
Vision-oriented neutral superstructure;Jonathan Ramirez;921;548;2023-10-18 19:58:15.000
Compatible 24/7 toolset;Shawn Cross;553;221;2024-01-02 08:34:29.000
Object-based context-sensitive hardware;Kristen Smith;589;259;2024-03-12 19:11:10.000
Programmable heuristic Internet solution;Brian Landry;954;221;2023-05-21 00:43:43.000
Total optimizing help-desk;Rachel Ford;74;805;2023-12-02 09:33:41.000
Exclusive system-worthy system engine;Ellen Ho;667;620;2024-04-18 20:04:29.000
Distributed eco-centric groupware;Luke Cruz;532;759;2024-03-08 14:19:45.000
Multi-tiered incremental archive;Christian Walton;821;886;2024-02-12 11:04:12.000
Sharable holistic parallelism;Ryan Scott;28;125;2024-05-05 09:22:52.000
Distributed real-time circuit;Clayton Johnson;651;118;2023-08-18 15:26:42.000
Open-architected user-facing circuit;Neil Marquez;32;356;2023-08-20 05:47:01.000
Persevering zero administration workforce;Joshua Garcia;994;831;2023-05-27 22:30:20.000
Future-proofed homogeneous open architecture;Kari Chen;655;236;2023-09-08 13:20:38.000
Profit-focused foreground moratorium;Michael Henderson;542;821;2024-05-08 06:14:47.000
Integrated object-oriented model;Amanda Ellis DDS;79;927;2023-11-29 23:10:49.000
Quality-focused secondary initiative;Anthony Cross;297;346;2024-01-25 05:08:18.000
Total cohesive migration;Jeanne Obrien;918;552;2023-05-22 17:33:25.000
Assimilated demand-driven definition;Timothy Rojas;831;452;2023-09-15 12:30:52.000
Triple-buffered uniform task-force;Erin Kim;792;293;2024-01-02 04:46:43.000
De-engineered discrete collaboration;Lauren Vang;101;648;2024-04-10 04:11:02.000
Enhanced grid-enabled customer loyalty;Linda Terrell;860;989;2023-06-07 04:28:47.000
Horizontal asynchronous archive;Kristin Hill;845;64;2024-02-01 04:20:21.000
Open-architected local alliance;Jessica Romero;336;278;2024-02-19 00:55:51.000
Multi-lateral optimal hub;Stephen Smith;60;932;2023-12-11 06:21:24.000
Future-proofed eco-centric paradigm;Jennifer Johnson;747;511;2023-12-18 04:47:19.000
Organic multimedia collaboration;Dana Crawford;188;4;2024-01-04 01:33:23.000
Visionary eco-centric solution;Jerry Steele;893;82;2023-12-26 10:16:23.000
Optional hybrid budgetary management;Dr. Jonathan Haynes MD;690;812;2023-11-22 23:40:45.000
Diverse asynchronous open system;Michelle Rosario MD;907;366;2023-05-13 01:00:21.000
Centralized dynamic Local Area Network;Melissa Gomez;230;244;2023-07-27 09:56:38.000
Reduced 5thgeneration intranet;Jasmine Morris;944;517;2023-07-14 17:36:54.000
Digitized high-level contingency;Amanda Reynolds;751;617;2023-05-19 04:41:10.000
Automated next generation model;Theresa Walker;674;343;2023-09-27 21:36:44.000
Public-key holistic definition;Matthew Reyes;740;725;2023-05-30 19:47:53.000
Progressive uniform solution;Kyle Taylor;436;529;2024-03-23 16:29:18.000
Customizable clear-thinking core;Catherine Phillips;86;820;2023-10-06 20:31:08.000
Business-focused coherent function;Gerald Howell;817;848;2024-02-27 20:33:06.000
Re-engineered zero tolerance monitoring;Daniel Brown;43;64;2023-06-06 00:36:44.000
Robust maximized database;Beth Mccormick;170;497;2024-03-31 02:48:06.000
Fully-configurable didactic capacity;Ashley Rodriguez;68;175;2024-05-04 21:57:16.000
Total real-time infrastructure;Jennifer Short DVM;921;548;2024-03-16 18:12:41.000
Synchronized empowering Graphical User Interface;Stephanie Martin;906;560;2023-05-13 18:00:38.000
Virtual transitional moderator;Courtney Church;36;554;2024-04-27 13:21:16.000
Enhanced grid-enabled customer loyalty;Linda Terrell;214;801;2024-02-18 19:37:45.000
Switchable system-worthy application;Katherine Conner;556;639;2024-03-29 08:14:32.000
Sharable discrete complexity;Jessica Adams;283;156;2023-10-27 19:37:11.000
Realigned reciprocal Local Area Network;Alyssa Griffin;953;483;2024-03-10 23:07:37.000
Profound user-facing help-desk;Kelly Miller;478;336;2024-02-09 04:34:13.000
Synergistic uniform software;Madison Cantu;21;728;2024-01-15 10:30:59.000
Down-sized client-driven artificial intelligence;Dr. Brian Mcconnell;566;366;2024-03-01 06:38:32.000
Vision-oriented mission-critical neural-net;Courtney Taylor;267;205;2024-05-03 04:33:38.000
Fundamental client-server encoding;Yvonne Hodges;985;861;2023-06-15 19:27:36.000
Reactive high-level throughput;Rachael Lynn;630;201;2023-11-18 06:54:50.000
Secured optimal forecast;Carolyn Lawson;938;44;2024-03-21 02:03:49.000
Monitored didactic artificial intelligence;William Rose;230;244;2023-12-28 07:32:36.000
Synergized bifurcated attitude;Megan Allen;428;350;2023-09-19 16:28:02.000
Expanded attitude-oriented neural-net;John Vang;793;574;2023-10-15 17:32:11.000
Multi-tiered regional software;Sherry Brown;129;747;2024-03-15 14:49:55.000
Virtual content-based encryption;Sarah Ochoa;182;863;2024-01-14 02:03:29.000
Stand-alone content-based instruction set;Ryan Jackson;572;834;2024-03-11 20:04:42.000
Customizable grid-enabled customer loyalty;Kyle Weiss;718;708;2024-02-12 01:00:11.000
Multi-layered non-volatile moratorium;Jennifer Hamilton;270;688;2024-04-22 23:46:33.000
Secured optimal forecast;Carolyn Lawson;965;370;2024-03-09 21:56:15.000
Configurable analyzing hardware;Arthur Mccall;802;785;2024-04-12 18:46:58.000
Multi-lateral maximized architecture;Jamie Summers;537;587;2023-09-29 11:14:30.000
Multi-channeled coherent array;Nathan Knight;854;726;2023-11-25 15:53:46.000
Customer-focused system-worthy website;Mark Young;339;858;2024-01-19 17:41:57.000
User-centric multi-state open architecture;Paul Mcdowell;377;491;2023-09-21 00:21:38.000
Face-to-face tertiary hub;Mr. Michael Dennis;622;299;2023-06-17 02:41:06.000
Mandatory solution-oriented task-force;Morgan Wade;360;698;2023-08-01 02:50:08.000
Profound impactful process improvement;Karen Ruiz;741;468;2023-07-31 01:55:59.000
Persistent cohesive framework;Anthony Anderson;712;39;2023-12-07 19:42:50.000
Pre-emptive web-enabled matrix;Marc Chavez;851;27;2023-10-21 22:42:18.000
Grass-roots bifurcated analyzer;Robert Shaw;56;826;2023-09-04 18:38:06.000
Virtual bifurcated artificial intelligence;Anthony Burgess;880;932;2023-05-13 16:58:13.000
Re-contextualized coherent circuit;Derek Perry;237;87;2023-07-16 14:55:24.000
User-centric zero-defect secured line;Harold Martin;520;462;2023-08-02 18:23:16.000
Re-contextualized homogeneous circuit;Erin Porter;902;373;2024-02-05 09:13:37.000
Centralized modular utilization;Russell Wilkins;461;620;2023-12-16 01:47:46.000
Switchable intangible forecast;Elizabeth Shaw;443;733;2024-04-04 04:40:41.000
De-engineered regional frame;Carol Dillon;662;487;2023-12-09 23:21:07.000
Seamless optimizing support;Elizabeth Scott;69;360;2023-11-04 11:12:37.000
Sharable full-range concept;Tammy Williams;927;122;2024-01-23 14:41:45.000
Compatible bifurcated product;Jennifer Boyle;961;405;2024-01-06 20:08:23.000
Mandatory solution-oriented task-force;Morgan Wade;143;312;2023-07-25 18:43:03.000
Customizable logistical initiative;Billy Moody;121;980;2024-01-01 00:04:31.000
Multi-channeled coherent array;Nathan Knight;195;274;2023-07-12 10:36:00.000
Front-line object-oriented Local Area Network;John Johnson;236;888;2023-08-21 11:51:20.000
Enterprise-wide 5thgeneration strategy;Theresa Keller;600;702;2023-11-09 05:40:00.000
Synergized clear-thinking policy;Michael Butler;609;677;2024-04-29 20:09:49.000
Enterprise-wide 5thgeneration model;Paul Rosales;636;383;2024-01-02 01:06:00.000
Reactive zero administration data-warehouse;James Lamb;174;241;2024-04-02 01:24:36.000
Multi-lateral scalable moratorium;Lori Dominguez;411;980;2023-08-20 19:04:59.000
Intuitive uniform workforce;Douglas Hall;187;549;2023-05-11 03:59:02.000
Vision-oriented object-oriented product;Travis Houston;165;127;2024-04-17 21:32:38.000
Multi-channeled next generation help-desk;Claudia Cain;532;759;2024-01-25 15:32:47.000
Optimized maximized info-mediaries;Theresa Wilkinson;765;117;2024-02-16 09:21:17.000
Extended contextually-based circuit;Rachel Nelson;908;952;2023-05-14 02:20:53.000
Front-line 6thgeneration core;Daniel Rhodes;163;694;2024-03-04 02:03:40.000
Optional fresh-thinking implementation;Tracy Dominguez;423;94;2023-07-01 01:37:08.000
Synchronized 5thgeneration middleware;Jessica King;827;50;2024-05-08 18:50:34.000
Multi-lateral 24hour protocol;Connie Nelson;845;648;2024-01-01 03:02:45.000
Multi-layered responsive encoding;Michael Ramirez;853;481;2023-11-12 14:17:55.000
Upgradable bandwidth-monitored process improvement;Ronald Fowler;542;178;2023-08-21 17:47:43.000
Front-line neutral adapter;Angie Brock;914;941;2024-04-19 02:01:44.000
Seamless optimizing support;Elizabeth Scott;278;633;2023-09-12 00:01:26.000
Multi-channeled mission-critical infrastructure;Arthur Miller;503;709;2024-01-26 08:17:41.000
Reverse-engineered real-time workforce;Lisa Fisher;172;711;2023-12-12 03:22:23.000
Re-contextualized homogeneous circuit;Erin Porter;205;854;2023-08-26 12:30:04.000
Phased user-facing concept;John Humphrey;126;337;2023-06-17 10:03:33.000
Devolved bifurcated attitude;Kevin Pineda;230;244;2024-05-01 15:37:45.000
Right-sized 5thgeneration pricing structure;Matthew Cunningham;761;194;2023-06-02 19:45:03.000
Optimized executive application;Sheila Perez;525;818;2024-03-24 10:37:43.000
Exclusive human-resource solution;Lindsay Ross;377;850;2024-01-22 01:08:56.000
Extended asymmetric time-frame;Allison Clark;673;375;2023-09-20 17:50:16.000
Organic 3rdgeneration paradigm;Kelly Wilson;169;785;2023-07-09 03:18:01.000
Compatible multi-tasking circuit;Stephanie Evans;166;620;2023-12-14 20:43:57.000
Optional impactful attitude;Michael Reed;560;169;2024-01-14 08:01:32.000
Ergonomic cohesive database;Mark Ross;986;470;2023-06-05 23:39:42.000
Phased logistical matrix;Philip Berg;158;725;2023-10-31 12:50:50.000
Diverse well-modulated website;Denise Duran;239;688;2023-05-10 19:06:14.000
Public-key non-volatile open system;David Oliver;863;24;2023-08-30 19:27:26.000
Cross-platform attitude-oriented capability;William Watson;624;671;2023-07-19 04:09:13.000
Upgradable 5thgeneration methodology;Sarah Brooks;429;551;2024-02-27 00:56:41.000
Enterprise-wide foreground support;James Ward;960;268;2023-09-12 22:32:47.000
Synergistic attitude-oriented flexibility;Carol Martin;504;753;2023-12-08 05:49:53.000
Streamlined didactic service-desk;Angela Thomas;305;257;2024-02-09 06:23:49.000
Operative user-facing knowledgebase;Caleb Erickson;846;213;2023-11-20 10:43:00.000
Streamlined intangible Graphical User Interface;Andrew Lee;806;327;2024-01-18 20:47:55.000
Innovative content-based benchmark;Brent Smith;918;552;2023-09-05 07:08:17.000
Balanced national moratorium;Jasmine Hunter;984;170;2024-05-08 01:08:43.000
Synergized zero-defect utilization;Geoffrey Holt;492;960;2024-04-21 09:06:38.000
Ameliorated asynchronous emulation;Taylor Hendrix;495;841;2024-03-07 14:02:35.000
Synergistic high-level circuit;Shane Vasquez;333;994;2023-12-06 13:51:41.000
Advanced scalable project;Isaac Garcia;269;213;2023-05-28 17:53:32.000
Focused didactic methodology;Tammy Chavez;534;856;2024-05-08 19:14:23.000
Function-based high-level circuit;Samantha Graves;943;634;2023-09-22 23:51:54.000
Multi-channeled zero administration success;John Hudson;71;187;2023-11-01 16:41:12.000
Synchronized empowering Graphical User Interface;Stephanie Martin;871;858;2023-12-21 00:41:30.000
Innovative scalable customer loyalty;Shannon Turner;649;481;2023-06-24 23:53:47.000
De-engineered 3rdgeneration matrix;Emily Dixon;761;786;2023-06-06 09:46:45.000
Configurable analyzing hardware;Arthur Mccall;515;381;2024-02-17 19:45:12.000
Cross-platform asynchronous pricing structure;Ashley Wong;157;170;2023-07-14 13:16:13.000
Balanced uniform project;Jennifer Bates;204;911;2023-10-09 06:50:33.000
Business-focused dynamic implementation;Cheryl Wright;884;105;2023-10-09 23:21:44.000
Down-sized executive website;Angela Gomez;70;448;2024-04-21 21:51:38.000
Enterprise-wide logistical concept;Albert French;108;504;2023-08-18 05:09:09.000
Decentralized motivating model;John Pittman;878;927;2024-01-22 09:42:14.000
Pre-emptive web-enabled matrix;Marc Chavez;586;963;2023-08-22 07:25:38.000
Object-based bottom-line hardware;John Lambert II;261;265;2023-07-09 23:55:57.000
Balanced leadingedge attitude;Andrea Harper;807;284;2024-04-19 22:29:07.000
Fundamental secondary application;Sarah Burns;994;133;2023-05-13 07:27:12.000
Optimized content-based structure;Kristy Costa;262;11;2024-01-10 09:48:17.000
Optimized maximized info-mediaries;Theresa Wilkinson;292;848;2023-12-08 21:59:08.000
Synergistic dedicated encoding;Christopher Miller;98;328;2023-07-17 03:07:53.000
Exclusive next generation instruction set;Sarah Vang;269;213;2023-12-10 00:25:01.000
Re-engineered composite secured line;Amanda Bradford;721;781;2024-04-04 01:18:26.000
Pre-emptive full-range adapter;Catherine Schmitt;882;294;2023-08-20 04:03:30.000
Synergized clear-thinking policy;Michael Butler;259;69;2023-07-06 04:17:34.000
Balanced interactive encoding;Natalie Juarez;707;968;2024-02-21 18:51:53.000
Distributed holistic synergy;Eric Larson;929;192;2023-09-02 09:41:18.000
Face-to-face mission-critical approach;Ronald Watson;827;527;2023-09-22 15:13:44.000
Cloned actuating architecture;Jacob Bishop;235;57;2023-07-22 14:36:26.000
Seamless explicit Internet solution;Kenneth Gibson;210;313;2024-02-06 05:37:34.000
Persevering incremental info-mediaries;Jessica Neal;504;151;2023-12-11 09:38:18.000
Front-line empowering moderator;Melissa Davenport;199;318;2023-05-23 19:26:35.000
Enhanced solution-oriented benchmark;Michael Lester;661;692;2023-12-10 00:18:06.000
Multi-tiered incremental archive;Christian Walton;675;298;2023-12-14 23:53:46.000
Phased explicit capability;Nathaniel Rodriguez;512;675;2023-06-02 06:45:59.000
Vision-oriented object-oriented product;Travis Houston;317;126;2024-02-27 10:44:12.000
Cross-platform local projection;Amber Cunningham;822;557;2023-05-12 15:06:47.000
Advanced systemic product;John Ritter;810;817;2023-06-24 09:12:41.000
Cloned dedicated matrices;Adrienne Terry;405;971;2023-08-30 01:34:23.000
Monitored homogeneous parallelism;Mrs. Jennifer Payne;645;891;2023-06-11 07:45:07.000
Cloned dedicated matrices;Adrienne Terry;946;868;2023-12-01 20:54:32.000
Right-sized system-worthy superstructure;James Green;970;937;2023-10-20 19:51:53.000
Intuitive coherent access;Amanda Johnson;669;82;2024-05-06 20:23:02.000
Sharable web-enabled flexibility;John Brown MD;906;25;2023-12-04 12:15:50.000
Total 5thgeneration adapter;George Guzman;689;788;2024-01-14 12:04:49.000
Pre-emptive composite contingency;Christopher Terry;846;354;2023-08-09 11:47:31.000
Open-source contextually-based circuit;Paul Leach;736;433;2023-07-15 19:08:28.000
Quality-focused high-level structure;Donald Pierce;535;815;2023-08-18 07:09:06.000
Sharable transitional secured line;Teresa Lopez;411;838;2024-02-20 17:52:34.000
Distributed bandwidth-monitored initiative;Tanya Stafford;536;533;2024-02-07 11:52:20.000
Upgradable global concept;Perry Cowan;567;660;2023-11-10 05:11:42.000
Open-architected user-facing circuit;Neil Marquez;986;470;2023-08-25 14:04:37.000
Synergistic dedicated encoding;Christopher Miller;552;809;2023-10-15 08:28:51.000
Face-to-face cohesive strategy;Tanya Gentry;829;422;2023-11-08 01:11:44.000
Upgradable bandwidth-monitored process improvement;Ronald Fowler;34;637;2023-06-19 01:34:44.000
Quality-focused 24hour hub;Austin Chung;280;365;2024-01-20 01:35:43.000
Proactive non-volatile system engine;Kathleen Taylor;172;711;2024-04-27 19:44:56.000
Customizable web-enabled flexibility;Edward Owens;199;481;2024-01-14 09:43:55.000
Customer-focused exuding superstructure;Kathryn Johnson;550;204;2023-05-30 13:03:57.000
Cloned methodical time-frame;John Fleming;293;541;2023-09-04 00:15:52.000
Enterprise-wide client-driven algorithm;Dr. Anna Hayes;143;928;2023-12-21 08:47:36.000
Function-based 24/7 process improvement;Derrick Ramsey;268;862;2023-10-26 23:24:34.000
Ameliorated exuding groupware;Michael Davis;767;856;2023-11-24 12:19:40.000
Object-based dedicated protocol;Sherry Coleman;505;535;2023-12-13 09:58:08.000
Switchable solution-oriented process improvement;Ashley Jones;801;625;2024-01-07 01:53:41.000
Automated secondary initiative;Judith Vega;651;118;2023-09-17 20:37:58.000
Streamlined needs-based capacity;Michael Lewis;356;809;2024-04-05 13:14:08.000
Enterprise-wide heuristic Graphical User Interface;Diana Benson;389;398;2024-01-19 01:09:28.000
Triple-buffered dynamic challenge;Scott Martinez;495;841;2023-09-08 01:34:45.000
Triple-buffered tertiary neural-net;Jon Wu;814;451;2023-07-13 23:16:01.000
Synchronized tertiary forecast;Keith Gray;672;531;2023-07-29 02:05:01.000
Diverse interactive application;William Jackson;544;434;2023-07-19 17:32:53.000
Enterprise-wide foreground support;James Ward;74;805;2023-07-10 17:53:57.000
Synchronized reciprocal neural-net;Roberta Morris;25;83;2023-05-30 23:00:45.000
Networked 3rdgeneration Local Area Network;Noah Montgomery;455;993;2023-09-17 05:56:27.000
Seamless explicit Internet solution;Kenneth Gibson;986;470;2023-08-07 08:01:12.000
Function-based cohesive framework;Joseph Bowers;894;456;2023-12-30 01:42:41.000
Visionary exuding parallelism;Vickie Graves;267;379;2024-04-14 17:13:19.000
Mandatory neutral synergy;Heather Bell;262;886;2024-01-24 16:07:12.000
Phased 24hour orchestration;Terri Andrews;748;884;2023-09-18 20:12:06.000
Integrated secondary throughput;Jonathan Jackson;469;608;2023-08-17 05:17:24.000
Face-to-face bi-directional complexity;Nicholas David;283;156;2023-10-23 19:35:22.000
Balanced 24hour website;Jason Horne;876;548;2023-05-22 14:24:08.000
Future-proofed 3rdgeneration initiative;Brian Beasley;845;64;2024-04-15 01:20:56.000
Organized zero administration firmware;Juan Jacobs;196;368;2024-03-27 21:04:17.000
Customer-focused client-driven access;Patty Rogers;65;865;2023-08-08 16:27:39.000
Assimilated impactful middleware;Michael Sanchez;602;356;2023-09-22 00:17:27.000
Open-source contextually-based circuit;Paul Leach;317;126;2023-12-27 13:32:38.000
Robust maximized database;Beth Mccormick;767;856;2023-06-08 18:41:14.000
Distributed neutral instruction set;Dawn Fox;544;434;2024-04-08 16:10:55.000
Realigned executive solution;Robert Wright;20;531;2024-02-16 11:53:10.000
Customizable well-modulated process improvement;Barbara Moyer;828;867;2023-09-03 23:11:07.000
Fully-configurable systemic monitoring;Jordan Roberts;422;58;2023-09-05 09:14:37.000
Secured well-modulated productivity;Thomas Perry;342;554;2023-08-13 23:05:44.000
Compatible radical matrices;Malik Freeman;120;795;2023-10-11 02:15:58.000
Pre-emptive 24hour Graphical User Interface;Dylan Smith;281;138;2023-09-09 14:57:09.000
Cross-platform local archive;Thomas Morris;428;350;2023-12-26 14:40:20.000
Decentralized fresh-thinking help-desk;Donald Burton Jr.;874;596;2024-04-26 12:08:12.000
Implemented contextually-based initiative;Todd George;56;396;2023-09-08 08:55:20.000
Horizontal didactic flexibility;Kimberly Taylor;914;725;2023-08-20 14:59:50.000
Multi-channeled next generation help-desk;Claudia Cain;905;135;2024-05-01 02:58:19.000
Reactive zero tolerance ability;Kevin Parks;286;726;2024-03-13 01:40:04.000
Universal mission-critical contingency;Anna Woods;771;266;2023-11-13 06:09:38.000
Polarized 3rdgeneration workforce;Jennifer Luna;818;212;2023-09-13 06:08:06.000
Triple-buffered mobile service-desk;Hannah Gomez;900;168;2024-02-27 19:44:23.000
Secured maximized product;Vincent Bradford;946;825;2024-04-10 22:53:50.000
Customer-focused client-driven access;Patty Rogers;745;626;2024-05-06 09:36:06.000
Persevering leadingedge middleware;Raymond Vasquez;411;94;2024-03-04 11:28:02.000
Business-focused dynamic implementation;Cheryl Wright;845;648;2024-04-22 15:00:15.000
Vision-oriented intangible productivity;Dylan Larson;149;122;2023-06-12 18:10:45.000
Ergonomic motivating forecast;Kathy Rodriguez;195;274;2023-07-22 15:12:33.000
Object-based 4thgeneration database;Yvonne Owens;263;39;2024-03-25 22:02:02.000
De-engineered 3rdgeneration matrix;Emily Dixon;431;656;2023-09-30 12:53:22.000
Exclusive regional Local Area Network;Randy Hughes;963;197;2023-10-26 22:01:37.000
Total real-time infrastructure;Jennifer Short DVM;887;653;2023-07-27 21:24:47.000
Right-sized analyzing workforce;Christine Horne;287;267;2024-02-16 09:32:33.000
Automated secondary initiative;Judith Vega;779;8;2024-04-13 11:13:03.000
Diverse well-modulated website;Denise Duran;250;266;2024-01-21 02:43:53.000
Inverse dedicated structure;Karen Cohen;92;728;2023-08-13 07:27:59.000
Diverse mobile parallelism;Nancy Anderson;495;243;2023-11-14 23:04:10.000
Total real-time infrastructure;Jennifer Short DVM;675;298;2023-05-22 05:43:25.000
Programmable neutral secured line;Mariah Simmons;18;228;2024-04-11 09:55:52.000
Organized leadingedge neural-net;Jacob Bryan;464;487;2024-02-01 03:33:04.000
Diverse asynchronous open system;Michelle Rosario MD;370;959;2023-06-21 20:03:14.000
Streamlined actuating contingency;Gene Daniels;929;856;2023-12-30 09:32:09.000
Open-source didactic infrastructure;Danny Roberts;860;163;2023-07-06 10:24:22.000
Realigned solution-oriented methodology;Richard Cherry;262;886;2024-05-03 23:50:27.000
Sharable didactic groupware;Katherine Bell;75;964;2023-11-15 02:12:53.000
Enhanced grid-enabled customer loyalty;Linda Terrell;451;749;2024-04-27 04:14:28.000
Balanced fault-tolerant framework;Steven Wilson;96;222;2023-05-13 06:58:40.000
Digitized high-level contingency;Amanda Reynolds;185;600;2024-02-20 23:06:48.000
Balanced national moratorium;Jasmine Hunter;706;906;2023-05-19 19:57:28.000
Reactive zero-defect core;Alisha Fernandez;697;556;2024-03-12 23:43:56.000
De-engineered object-oriented array;Harry Manning;942;71;2024-01-31 09:21:35.000
Automated local parallelism;Gloria Greene;185;600;2024-02-05 02:23:53.000
Enterprise-wide 5thgeneration strategy;Theresa Keller;205;591;2023-11-12 12:29:47.000
Mandatory full-range monitoring;Tyler Dean;999;674;2024-04-17 17:40:24.000
Enhanced solution-oriented benchmark;Michael Lester;490;971;2024-03-23 02:58:32.000
Integrated motivating conglomeration;Daisy Acosta;422;506;2024-03-11 19:24:11.000
Business-focused bifurcated matrix;Jay Perez;589;259;2024-02-23 15:24:15.000
Adaptive static extranet;Brandon Thomas;723;65;2024-03-04 08:16:06.000
Public-key systematic workforce;Joe Reilly;391;893;2023-05-16 03:42:19.000
Sharable systemic archive;Jeffery Johnson;25;306;2023-10-22 21:38:41.000
Digitized incremental archive;Amanda Campbell;595;377;2023-12-06 19:49:56.000
Versatile upward-trending toolset;Edwin Duffy;894;456;2024-03-04 16:39:53.000
Sharable needs-based function;Clinton Shaw;2;288;2024-02-02 21:07:51.000
Proactive demand-driven policy;Melissa Bautista;997;213;2023-06-24 08:03:09.000
Optional zero administration task-force;Mary Thompson;178;79;2023-12-18 11:19:22.000
Open-architected exuding interface;Yvonne Thompson;396;456;2024-03-05 07:49:34.000
Devolved systematic groupware;Mark Rivera;907;841;2023-09-29 23:10:24.000
Distributed real-time circuit;Clayton Johnson;174;241;2024-04-26 04:02:55.000
Future-proofed discrete standardization;Kimberly Garcia;631;168;2023-10-25 00:34:55.000
Object-based dedicated Local Area Network;Troy Robinson;47;343;2023-05-13 08:22:54.000
Advanced human-resource application;Jon Pearson;954;221;2024-02-10 21:21:42.000
Focused high-level software;Crystal Sanders;457;811;2023-11-13 18:05:54.000
Customizable logistical initiative;Billy Moody;329;945;2023-12-19 03:46:37.000
Grass-roots uniform algorithm;Anthony Johnson;959;869;2023-12-25 12:51:26.000
Seamless explicit Internet solution;Kenneth Gibson;522;538;2024-05-06 15:48:47.000
Switchable mobile conglomeration;Kristina Brown;70;448;2024-03-18 21:48:27.000
Enhanced value-added attitude;Elizabeth Huffman;724;361;2023-12-20 06:40:06.000
Persistent coherent website;Valerie Hernandez;41;115;2023-12-05 08:47:47.000
Open-architected transitional Graphical User Interface;Marcus Parker;840;240;2023-06-03 08:22:49.000
Reverse-engineered tangible capacity;Paul Aguilar;174;241;2024-01-19 13:06:19.000
Down-sized executive website;Angela Gomez;684;267;2023-10-10 00:15:03.000
Business-focused coherent function;Gerald Howell;775;530;2024-03-03 00:32:07.000
Diverse high-level paradigm;Amy King;457;811;2024-01-23 19:35:00.000
Mandatory intangible function;Traci Edwards;14;428;2023-10-07 08:22:43.000
Fully-configurable non-volatile portal;Lisa Wagner;20;531;2023-11-15 03:14:49.000
Intuitive coherent access;Amanda Johnson;47;57;2024-04-12 03:16:55.000
Cross-group optimizing info-mediaries;Margaret James;207;437;2023-08-28 02:29:25.000
Focused heuristic knowledgebase;Susan Butler;30;719;2023-09-11 14:52:30.000
Reactive maximized product;Antonio Bean;298;933;2024-04-11 03:31:18.000
Quality-focused discrete intranet;Melinda Mcgee;479;506;2024-01-31 20:34:11.000
Intuitive dynamic model;Douglas Edwards;744;458;2023-07-18 02:20:32.000
Persistent dedicated forecast;Amber Thomas;524;435;2023-12-10 21:51:05.000
Decentralized fresh-thinking help-desk;Donald Burton Jr.;586;228;2023-10-16 22:44:45.000
Upgradable global concept;Perry Cowan;225;579;2023-09-26 22:28:08.000
Synergistic 24/7 function;Shannon Walker;860;163;2024-05-06 11:00:26.000
Persistent homogeneous application;Jason Booker;398;25;2024-03-08 00:57:53.000
Business-focused logistical alliance;Darren Freeman;168;350;2023-11-03 11:45:24.000
Open-source intermediate parallelism;Ian Hicks;740;725;2024-01-08 04:12:43.000
Reverse-engineered uniform paradigm;Joshua Fletcher;453;296;2023-09-28 06:38:23.000
Stand-alone value-added solution;Emily Bailey;18;250;2023-08-03 23:40:33.000
Stand-alone content-based instruction set;Ryan Jackson;758;895;2024-03-01 03:41:48.000
Programmable 4thgeneration protocol;Ashley Smith;828;538;2023-10-29 00:37:07.000
Multi-tiered real-time forecast;Tina Fleming;555;453;2023-05-10 16:55:33.000
Versatile local interface;Tyler Potter;204;911;2023-05-20 16:41:09.000
Mandatory real-time attitude;Anthony Adams;96;702;2023-12-09 11:32:11.000
Front-line tangible emulation;Deborah Aguilar;887;653;2023-11-06 19:16:45.000
Public-key executive attitude;Douglas Johnson;880;995;2023-06-20 17:42:40.000
Function-based upward-trending system engine;Christopher Taylor;871;858;2023-09-08 02:05:53.000
Face-to-face cohesive strategy;Tanya Gentry;943;933;2023-06-06 23:46:47.000
Mandatory real-time attitude;Anthony Adams;169;785;2024-02-02 00:08:53.000
Balanced zero-defect ability;Anthony Howard;300;624;2024-04-01 03:53:54.000
Monitored background artificial intelligence;Justin Adams;10;575;2024-02-21 00:39:23.000
De-engineered 3rdgeneration matrix;Emily Dixon;423;971;2023-09-18 21:15:51.000
Decentralized heuristic circuit;Diana Velez;21;728;2024-01-05 22:02:11.000
Assimilated impactful middleware;Michael Sanchez;674;132;2023-07-08 07:21:42.000
Centralized modular utilization;Russell Wilkins;189;558;2024-01-23 20:44:48.000
Profound zero administration model;Michael Park;901;947;2024-04-17 14:04:53.000
Team-oriented motivating product;Ryan Henderson;600;702;2024-02-13 17:40:18.000
Secured multi-state emulation;William Miller;722;448;2024-04-05 14:01:18.000
Reduced tangible infrastructure;Alexander Caldwell;5;489;2023-06-20 09:01:20.000
Balanced human-resource implementation;David Nolan;69;313;2024-02-21 17:28:53.000
Upgradable bandwidth-monitored process improvement;Ronald Fowler;827;527;2023-06-04 10:04:04.000
Diverse empowering archive;Gary Byrd;872;578;2023-10-07 12:35:18.000
Multi-lateral 24hour protocol;Connie Nelson;280;365;2023-12-05 16:15:16.000
Open-architected empowering capability;Sydney Chambers;761;786;2023-12-18 23:10:24.000
Polarized didactic collaboration;Stephanie Hahn;364;454;2024-04-06 01:56:17.000
Monitored fault-tolerant application;Jody Wiley MD;471;837;2023-12-15 13:18:03.000
Distributed eco-centric groupware;Luke Cruz;845;64;2024-04-07 01:22:19.000
Digitized fault-tolerant alliance;Stacey Huang;542;178;2023-05-20 11:44:08.000
Triple-buffered solution-oriented website;Seth Wiley;832;492;2023-11-02 21:34:46.000
Intuitive contextually-based neural-net;Carrie Moore;417;353;2023-11-01 11:20:45.000
Open-source client-server focus group;Derek Barber;818;113;2024-03-08 03:27:05.000
Public-key explicit website;Juan Newton;878;927;2023-12-04 04:25:29.000
Configurable motivating array;Jessica Jones DDS;701;142;2023-10-11 16:33:20.000
Business-focused mission-critical instruction set;John Jimenez;952;655;2024-01-02 07:16:29.000
Down-sized executive website;Angela Gomez;214;801;2024-01-15 19:35:56.000
Visionary logistical flexibility;Jacob Cunningham;581;630;2023-11-04 15:51:37.000
Virtual composite knowledge user;Mrs. Susan Stewart;455;993;2024-04-18 08:20:29.000
Self-enabling foreground pricing structure;Charles Thomas;423;971;2024-02-03 08:57:59.000
Team-oriented bandwidth-monitored infrastructure;Tamara Garcia;882;294;2024-01-15 11:30:37.000
Cloned 24hour open system;Douglas Ford;608;839;2024-02-18 05:01:32.000
Virtual systematic policy;Robert Brown;622;361;2024-03-17 17:19:49.000
Decentralized maximized middleware;Lance Roman;902;373;2023-11-11 00:34:22.000
Balanced zero-defect ability;Anthony Howard;758;895;2024-03-01 00:36:01.000
Organic secondary conglomeration;Michael Mclean;853;838;2023-11-27 12:14:27.000
Fundamental zero-defect software;Devon Martinez;684;267;2023-09-09 08:47:00.000
Versatile neutral framework;Ivan Allison;558;369;2024-04-02 10:14:24.000
Total non-volatile software;Kayla Jones;340;934;2024-04-12 20:45:18.000
Switchable static productivity;Nicole Gonzales;398;320;2023-09-08 23:46:55.000
Cross-group optimizing info-mediaries;Margaret James;866;843;2023-07-27 13:47:21.000
Mandatory real-time attitude;Anthony Adams;268;108;2024-04-29 11:08:53.000
Right-sized clear-thinking task-force;David Ingram;208;620;2024-01-07 04:09:53.000
Ameliorated multi-state hardware;Brandon Hughes;142;803;2023-07-18 16:05:18.000
User-friendly didactic functionalities;Rebecca Sawyer;994;831;2024-03-23 09:06:29.000
Right-sized analyzing workforce;Christine Horne;701;828;2023-10-30 15:52:59.000
Persevering incremental info-mediaries;Jessica Neal;471;613;2024-01-05 02:46:24.000
Exclusive attitude-oriented firmware;Nicole Yu;261;872;2024-02-06 06:03:08.000
Upgradable global concept;Perry Cowan;649;710;2024-02-25 07:36:25.000
Inverse actuating intranet;Stephanie Davies;419;192;2024-04-15 11:01:32.000
Reduced coherent system engine;Sherry Edwards;255;720;2024-03-12 16:18:06.000
Persevering client-driven success;Janice Ewing;405;275;2023-09-11 02:49:42.000
Organic secondary conglomeration;Michael Mclean;441;721;2023-10-19 15:29:57.000
Visionary bifurcated model;Sydney Hughes;756;646;2024-04-11 07:14:46.000
Mandatory intangible function;Traci Edwards;586;672;2023-10-16 13:34:02.000
Triple-buffered solution-oriented service-desk;Amanda Hall;196;368;2023-10-30 02:50:07.000
Cross-group fresh-thinking framework;Emily Clark;291;331;2023-11-29 05:43:57.000
Object-based 4thgeneration database;Yvonne Owens;602;354;2023-06-16 14:50:52.000
Robust tangible Graphic Interface;Jeffrey Johnson;810;817;2023-12-05 19:13:54.000
Object-based real-time paradigm;Sharon Rollins;981;118;2024-03-19 12:30:50.000
Face-to-face cohesive strategy;Tanya Gentry;965;370;2023-06-28 13:10:10.000
Multi-lateral object-oriented firmware;Katie Barnes;123;456;2024-04-15 06:25:57.000
Phased explicit capability;Nathaniel Rodriguez;963;197;2024-04-07 13:14:38.000
Reverse-engineered dedicated open system;Bailey Dawson;175;667;2023-09-20 07:51:47.000
Profit-focused well-modulated pricing structure;Stephanie Dunn;417;151;2023-09-20 19:39:10.000
Future-proofed dynamic analyzer;Erin Ellis;944;891;2024-02-15 16:40:41.000
Virtual transitional moderator;Courtney Church;243;174;2023-08-05 08:59:04.000
Exclusive next generation instruction set;Sarah Vang;57;892;2023-07-05 03:21:43.000
Realigned executive solution;Robert Wright;50;674;2023-10-26 22:12:15.000
User-centric multi-state open architecture;Paul Mcdowell;994;543;2023-07-26 09:24:56.000
Diverse empowering archive;Gary Byrd;148;303;2023-05-23 10:14:50.000
Universal mission-critical contingency;Anna Woods;515;381;2023-08-14 15:38:21.000
Vision-oriented optimal parallelism;Destiny Morales;169;785;2024-03-03 05:25:51.000
Synchronized tertiary forecast;Keith Gray;805;77;2024-01-14 15:26:17.000
Progressive actuating attitude;Jennifer Parks;205;591;2024-05-08 02:03:29.000
Front-line 6thgeneration core;Daniel Rhodes;701;142;2023-08-12 18:48:53.000
User-centric content-based concept;Adam Costa;185;600;2024-02-20 16:28:03.000
Ameliorated content-based architecture;Melissa Baker;602;434;2023-06-26 08:35:00.000
Public-key incremental alliance;Mark Fisher;365;608;2023-12-20 18:11:00.000
User-friendly value-added access;Christina Thompson;729;355;2023-07-08 19:42:39.000
Public-key scalable forecast;Jason Harmon;423;971;2023-05-28 10:21:46.000
Visionary intermediate migration;Gregory Carey;495;841;2023-06-24 03:19:16.000
Right-sized responsive solution;Martha Cortez;558;422;2024-02-24 21:46:59.000
Enterprise-wide attitude-oriented software;Melissa Rodriguez;940;821;2023-11-28 19:04:09.000
Switchable system-worthy application;Katherine Conner;317;848;2023-06-24 23:50:14.000
Synergistic 24hour archive;Anne Lozano;20;965;2023-09-24 15:58:02.000
Self-enabling contextually-based Graphical User Interface;Renee Wang;40;454;2024-04-22 07:27:19.000
Fully-configurable national throughput;Grace Mcmillan;667;226;2023-12-10 12:19:19.000
Team-oriented bandwidth-monitored infrastructure;Tamara Garcia;866;843;2023-07-13 01:02:34.000
Optional zero administration task-force;Mary Thompson;966;121;2023-11-17 02:48:04.000
Monitored responsive attitude;Sonya Neal;268;862;2024-03-01 10:11:37.000
Pre-emptive discrete conglomeration;Sandra Nguyen;530;825;2024-01-02 23:10:23.000
Exclusive clear-thinking structure;Lisa Hamilton;632;895;2023-10-07 13:18:19.000
Upgradable bottom-line process improvement;Elizabeth Newman;623;223;2023-09-19 23:21:41.000
Exclusive well-modulated capability;Meagan Walls;276;250;2023-09-28 12:41:45.000
Persevering user-facing methodology;Henry Martinez;469;255;2024-01-23 02:13:30.000
Object-based 4thgeneration database;Yvonne Owens;105;343;2023-08-07 09:54:15.000
Organized fault-tolerant standardization;Leslie Cochran;994;831;2024-03-26 16:34:40.000
Devolved systematic groupware;Mark Rivera;783;377;2023-06-12 08:58:14.000
Compatible bifurcated product;Jennifer Boyle;47;57;2024-01-26 09:23:26.000
Extended contextually-based circuit;Rachel Nelson;679;547;2023-10-09 12:22:34.000
Total cohesive migration;Jeanne Obrien;122;250;2023-07-12 09:57:35.000
Extended homogeneous moratorium;Matthew Duncan;452;192;2024-03-24 23:31:27.000
Persevering leadingedge middleware;Raymond Vasquez;406;465;2023-08-13 21:21:25.000
Intuitive demand-driven array;Christopher Carter;403;115;2023-07-10 07:33:15.000
Reduced 24/7 application;Randy Reed;388;695;2023-10-24 13:26:12.000
Open-architected 6thgeneration circuit;Christina Baker;101;648;2023-08-25 10:49:46.000
Visionary static flexibility;Darryl Johnson;762;642;2023-05-11 15:55:54.000
Integrated secondary throughput;Jonathan Jackson;146;749;2023-05-17 00:22:21.000
Pre-emptive composite contingency;Christopher Terry;679;431;2023-12-13 12:24:11.000
Persevering content-based interface;Kiara Castro;590;763;2024-02-09 13:24:42.000
Grass-roots 4thgeneration approach;Tracey Bell;434;393;2023-08-05 17:11:19.000
Public-key scalable forecast;Jason Harmon;952;551;2024-03-08 09:16:08.000
Virtual client-driven adapter;Nicholas Henderson II;101;78;2024-05-04 03:13:35.000
Realigned client-server support;Kevin Rogers;963;792;2024-02-01 22:42:43.000
Enhanced logistical benchmark;Jessica Smith;346;304;2023-05-27 19:15:16.000
Enterprise-wide modular approach;Sarah Moss;673;375;2024-05-08 20:35:02.000
Intuitive multi-state attitude;Elizabeth Nichols;94;233;2023-08-29 19:49:54.000
Virtual bandwidth-monitored projection;Katelyn Harris;346;304;2023-12-17 20:12:14.000
Reduced bifurcated moratorium;Douglas Hernandez;896;416;2023-09-19 22:43:38.000
Mandatory 6thgeneration knowledgebase;Kimberly Green;714;147;2023-07-01 23:13:42.000
Enterprise-wide attitude-oriented software;Melissa Rodriguez;541;40;2024-04-03 17:58:45.000
Optional hybrid budgetary management;Dr. Jonathan Haynes MD;863;731;2024-03-28 13:55:16.000
Optional zero administration task-force;Mary Thompson;172;711;2023-09-16 02:15:07.000
Quality-focused attitude-oriented projection;Marilyn Combs;700;456;2023-08-06 23:46:49.000
Virtual neutral approach;Holly Wong;60;932;2023-11-21 22:23:22.000
Multi-tiered reciprocal knowledge user;Cynthia Marquez;189;558;2024-03-13 03:57:24.000
Enterprise-wide cohesive instruction set;Brian Haynes;692;690;2023-06-18 09:49:12.000
Down-sized leadingedge groupware;Nicole Stanley;545;446;2023-06-06 21:11:52.000
Face-to-face coherent solution;Sarah Fletcher;191;93;2023-07-28 18:19:07.000
Switchable static productivity;Nicole Gonzales;221;502;2023-11-06 13:58:31.000
Cloned 3rdgeneration adapter;James Smith;220;86;2023-12-07 02:55:44.000
Balanced zero-defect ability;Anthony Howard;138;321;2024-04-26 12:58:12.000
Profit-focused zero-defect open architecture;Jessica Richards;797;215;2024-02-11 20:16:46.000
Customizable grid-enabled customer loyalty;Kyle Weiss;476;877;2023-05-11 06:38:55.000
Digitized background definition;George Castillo;387;1;2023-05-26 21:35:10.000
Robust real-time time-frame;Steven Hebert;353;260;2024-04-15 14:49:29.000
Right-sized 5thgeneration pricing structure;Matthew Cunningham;810;817;2023-11-07 19:54:08.000
Function-based exuding complexity;Brandon Wong;111;425;2023-07-11 19:37:03.000
Monitored needs-based artificial intelligence;Richard Ramirez;691;542;2023-11-29 04:46:08.000
Inverse actuating intranet;Stephanie Davies;281;522;2023-08-31 05:36:19.000
Innovative scalable customer loyalty;Shannon Turner;623;466;2024-01-08 07:33:45.000
Robust heuristic policy;Patrick Johnson;674;132;2023-11-17 20:05:39.000
Fully-configurable dynamic contingency;Deborah Sosa;52;57;2023-07-13 20:28:25.000
Cross-platform bottom-line analyzer;Dustin Lynch;41;115;2023-09-25 13:00:20.000
Integrated interactive artificial intelligence;Richard Hutchinson;363;450;2024-05-03 22:29:41.000
Ergonomic motivating forecast;Kathy Rodriguez;19;65;2023-11-10 12:24:41.000
Organized responsive orchestration;Dawn Garcia;82;327;2024-03-15 18:14:55.000
Horizontal radical approach;Brandon Baxter;837;59;2024-03-14 12:24:58.000
Visionary exuding parallelism;Vickie Graves;515;381;2023-12-19 07:57:09.000
Multi-tiered methodical strategy;Barbara Taylor;504;285;2023-09-30 15:07:11.000
Centralized motivating functionalities;Joseph Tran;129;747;2024-03-14 00:38:46.000
Stand-alone content-based instruction set;Ryan Jackson;330;390;2023-07-26 08:33:41.000
Customer-focused system-worthy website;Mark Young;851;27;2023-08-09 10:00:03.000
De-engineered solution-oriented secured line;Tina Moore;194;849;2023-06-29 13:20:31.000
Organic even-keeled algorithm;Susan Ross;377;850;2023-11-09 11:41:15.000
Customer-focused client-driven access;Patty Rogers;404;385;2023-06-14 08:15:20.000
Synergized clear-thinking policy;Michael Butler;900;168;2023-06-08 13:06:09.000
Synchronized explicit application;Nancy Thompson;194;814;2023-10-22 23:10:56.000
Open-source stable toolset;Stephanie Stevens;732;665;2023-09-26 06:37:50.000
Intuitive contextually-based neural-net;Carrie Moore;532;759;2023-07-29 10:53:56.000
Open-source well-modulated forecast;Eric Lucas;65;726;2024-02-03 13:39:39.000
Synergized attitude-oriented attitude;Monique Stewart;908;952;2023-12-26 08:15:55.000
Networked incremental framework;Matthew Soto;718;875;2023-11-02 02:10:58.000
Integrated motivating conglomeration;Daisy Acosta;243;949;2024-01-26 09:49:28.000
De-engineered regional frame;Carol Dillon;581;530;2023-09-01 13:06:57.000
Open-source non-volatile superstructure;Gary Long;47;343;2023-12-27 01:49:50.000
Switchable static paradigm;Christopher Jones;332;19;2024-02-28 18:08:05.000
Self-enabling mission-critical open system;David Woodard;867;954;2023-06-17 21:52:48.000
Reverse-engineered interactive implementation;Christopher Cain;946;825;2024-02-16 14:35:09.000
Future-proofed discrete standardization;Kimberly Garcia;196;368;2023-08-09 13:27:29.000
Pre-emptive discrete conglomeration;Sandra Nguyen;444;395;2023-12-18 23:12:40.000
Vision-oriented local analyzer;Donna Mcconnell;724;361;2023-09-04 03:52:16.000
Up-sized modular system engine;Crystal Hernandez;37;719;2023-06-19 15:23:55.000
Enterprise-wide multimedia synergy;Zachary Miller;912;664;2024-02-13 00:39:57.000
Right-sized real-time support;Kevin Parrish;519;873;2023-11-28 21:15:52.000
Reduced tangible infrastructure;Alexander Caldwell;41;115;2023-06-01 02:32:37.000
Adaptive analyzing benchmark;Joshua Jackson;701;838;2024-01-14 21:30:55.000
Phased tangible adapter;Ashley Johnson;901;275;2023-10-13 15:40:55.000
Object-based impactful software;Frank Chambers;402;722;2024-01-22 18:26:44.000
Switchable static paradigm;Christopher Jones;761;149;2023-12-28 14:05:18.000
User-friendly optimizing extranet;Tiffany Silva;98;530;2023-12-12 09:58:32.000
Synergized bifurcated attitude;Megan Allen;700;18;2023-08-05 23:30:36.000
Triple-buffered solution-oriented website;Seth Wiley;722;448;2024-03-23 15:47:46.000
Cloned neutral array;Jennifer Greer;771;128;2024-02-15 23:41:49.000
Future-proofed 3rdgeneration initiative;Brian Beasley;311;571;2023-12-11 06:33:04.000
Business-focused logistical alliance;Darren Freeman;606;169;2023-12-02 02:49:10.000
Down-sized leadingedge groupware;Nicole Stanley;724;222;2023-08-04 06:19:09.000
Public-key next generation architecture;Alejandro Porter;977;781;2023-07-14 12:18:20.000
Extended human-resource algorithm;Debra Miller;874;596;2024-02-29 10:27:41.000
Organic 24/7 artificial intelligence;Sandra Garza;248;20;2023-05-25 23:45:40.000
Open-architected system-worthy monitoring;Sherri Oliver;433;442;2023-08-23 10:31:34.000
Optimized disintermediate projection;Cindy Bishop;280;675;2023-11-30 07:21:34.000
Versatile national standardization;Abigail Willis;850;904;2024-02-06 23:56:03.000
Advanced systemic product;John Ritter;403;115;2024-01-19 00:57:32.000
Centralized modular utilization;Russell Wilkins;901;837;2023-05-13 22:46:35.000
Configurable motivating array;Jessica Jones DDS;297;398;2024-04-05 17:53:36.000
Proactive demand-driven policy;Melissa Bautista;320;449;2023-06-20 15:06:10.000
Multi-lateral next generation application;John Garcia;785;660;2023-10-20 22:24:30.000
Visionary grid-enabled policy;John Burke;969;700;2023-07-07 18:06:01.000
Phased exuding ability;Diamond Lyons;925;504;2023-07-10 07:15:44.000
Mandatory intangible function;Traci Edwards;187;549;2023-11-03 18:10:10.000
Managed 5thgeneration help-desk;Brandon Chambers;105;593;2024-02-07 13:53:08.000
Innovative optimizing capacity;Drew Walters;364;454;2023-10-26 18:58:38.000
Seamless full-range neural-net;Diana Holder;909;455;2023-05-13 05:57:46.000
Quality-focused high-level structure;Donald Pierce;175;995;2023-06-14 03:20:59.000
Synergized clear-thinking leverage;Jerome Brady;793;957;2024-02-12 06:31:10.000
User-centric solution-oriented standardization;Cynthia Martin;255;720;2023-11-28 13:39:34.000
Function-based explicit success;Matthew Barker;667;620;2023-07-05 08:31:57.000
Optional radical success;Bryan Johnson;586;228;2024-03-26 16:07:19.000
Enterprise-wide modular approach;Sarah Moss;838;726;2024-01-17 07:39:32.000
Devolved directional process improvement;Marissa Stout;908;507;2023-12-21 11:08:27.000
Customer-focused directional adapter;Mariah Mack;586;228;2024-02-06 17:53:36.000
Synergized bifurcated attitude;Megan Allen;20;531;2023-07-06 23:44:10.000
Object-based bandwidth-monitored hub;Mary Rodriguez;968;249;2024-02-24 01:42:48.000
Networked well-modulated algorithm;Brenda Lucas;307;199;2024-03-21 11:06:21.000
Customer-focused high-level complexity;Julie Lloyd;558;369;2023-07-29 18:50:10.000
Cloned user-facing policy;Brandi Hodges;330;497;2024-01-07 23:58:39.000
Monitored tangible standardization;Erik Tucker;59;326;2023-12-03 14:04:11.000
Networked disintermediate process improvement;Amy Moody;388;136;2023-12-07 11:47:54.000
Secured multi-state emulation;William Miller;84;433;2024-03-20 08:20:47.000
Visionary logistical flexibility;Jacob Cunningham;504;151;2024-01-13 17:32:50.000
Balanced well-modulated architecture;James Patterson;927;122;2024-04-27 05:27:16.000
Devolved systematic groupware;Mark Rivera;386;764;2024-03-20 01:35:11.000
Centralized modular utilization;Russell Wilkins;451;749;2023-07-16 11:10:43.000
Fully-configurable systemic monitoring;Jordan Roberts;701;142;2023-12-20 16:12:31.000
Function-based upward-trending system engine;Christopher Taylor;869;108;2023-09-21 15:18:13.000
Re-contextualized homogeneous circuit;Erin Porter;789;945;2024-05-05 17:28:58.000
Self-enabling foreground pricing structure;Charles Thomas;262;886;2023-10-02 09:42:09.000
Function-based 24hour middleware;Tyler Clark;370;959;2023-06-16 22:13:48.000
Up-sized zero-defect leverage;Francisco Walker;180;986;2023-08-13 06:05:01.000
Front-line tangible Local Area Network;Kristin Hayden;98;530;2024-01-24 06:23:34.000
Self-enabling foreground pricing structure;Charles Thomas;530;392;2024-01-21 09:34:27.000
Phased multi-state leverage;Joshua Dalton;974;965;2023-09-14 13:56:12.000
Grass-roots bifurcated analyzer;Robert Shaw;542;821;2023-07-07 10:43:40.000
Focused high-level software;Crystal Sanders;658;56;2023-05-23 10:45:18.000
Versatile directional pricing structure;Joshua Ramirez;840;240;2024-04-09 12:34:12.000
Streamlined intangible Graphical User Interface;Andrew Lee;205;854;2023-07-22 16:54:58.000
Customer-focused disintermediate focus group;Jared Barker;797;76;2024-02-06 20:58:36.000
Operative discrete focus group;Mr. Joshua Shah;984;170;2024-02-28 13:55:05.000
Triple-buffered human-resource synergy;Carla Anderson;150;863;2023-06-06 12:03:31.000
Assimilated coherent Local Area Network;Tracy Summers;914;725;2023-08-24 08:05:58.000
Object-based bottom-line hardware;John Lambert II;386;764;2023-10-30 21:09:44.000
Vision-oriented intangible productivity;Dylan Larson;582;779;2023-07-24 07:38:38.000
Secured local challenge;Joshua Wilcox;395;461;2024-05-08 08:12:35.000
Mandatory full-range monitoring;Tyler Dean;235;57;2023-11-26 06:17:12.000
Customizable intangible paradigm;Bryan Holt;933;731;2023-11-12 23:42:39.000
Seamless coherent budgetary management;Arthur Patel;691;226;2023-07-14 03:42:51.000
Customer-focused directional adapter;Mariah Mack;287;250;2023-12-24 23:31:41.000
Function-based cohesive framework;Joseph Bowers;168;350;2024-01-05 12:50:09.000
Diverse coherent hardware;Jennifer Rogers;341;343;2023-10-08 04:31:31.000
Advanced neutral knowledgebase;Chelsea Kelly;36;912;2023-06-24 07:01:33.000
Organic grid-enabled toolset;Dana Gibson;959;869;2023-10-18 23:52:42.000
Intuitive contextually-based neural-net;Carrie Moore;243;342;2024-01-18 05:34:14.000
Fully-configurable non-volatile portal;Lisa Wagner;292;848;2023-11-12 06:22:10.000
Optimized content-based structure;Kristy Costa;431;203;2023-11-18 12:04:08.000
Balanced 24hour website;Jason Horne;814;92;2023-09-23 13:36:12.000
Secured multi-state emulation;William Miller;108;504;2024-01-01 08:04:20.000
Integrated multi-state conglomeration;Erin Floyd;565;740;2023-12-20 01:12:51.000
Decentralized heuristic circuit;Diana Velez;487;976;2023-07-04 06:36:19.000
Grass-roots 4thgeneration approach;Tracey Bell;744;458;2024-04-09 18:51:29.000
Phased explicit capability;Nathaniel Rodriguez;940;425;2023-07-22 02:21:49.000
Function-based 24/7 process improvement;Derrick Ramsey;623;466;2023-11-25 00:43:28.000
Profit-focused leadingedge structure;Megan Butler;806;327;2023-10-04 11:04:20.000
Business-focused asymmetric structure;Scott Williamson;502;764;2023-12-13 17:16:21.000
Re-engineered 4thgeneration portal;David Smith;629;742;2023-11-17 04:14:43.000
Advanced neutral knowledgebase;Chelsea Kelly;524;907;2023-06-22 02:15:37.000
Quality-focused high-level structure;Donald Pierce;324;357;2024-04-28 10:17:27.000
Customer-focused system-worthy website;Mark Young;691;263;2023-08-01 08:49:24.000
Right-sized multi-tasking access;Caitlyn Gilbert;417;151;2024-03-02 16:01:29.000
Digitized user-facing initiative;Michael Smith;287;267;2024-05-04 12:29:09.000
Visionary modular algorithm;Tiffany Everett;388;695;2023-05-11 21:39:40.000
Proactive demand-driven policy;Melissa Bautista;332;611;2024-04-28 12:43:10.000
Enterprise-wide attitude-oriented software;Melissa Rodriguez;623;223;2023-05-15 12:41:13.000
Public-key explicit website;Juan Newton;553;193;2023-08-21 03:27:38.000
Devolved directional process improvement;Marissa Stout;498;786;2023-06-27 23:26:54.000
Total 24/7 archive;Virginia Roy;788;346;2023-11-08 00:07:16.000
